"","p_val","avg_log2FC","pct.1","pct.2","p_val_adj"
"AT1G26380",4.76165847306241e-266,-9.52862176110732,0.045,0.759,9.78187500121212e-262
"AT3G49120",3.29123483106628e-264,-8.1691730022123,0.201,0.922,6.76118371345945e-260
"AT2G18690",3.70675517867755e-261,-7.41216937959635,0.201,0.918,7.61478716355729e-257
"AT2G35980",1.96978624537995e-255,-9.11516862085371,0.072,0.782,4.04653188388403e-251
"AT3G54420",3.62831089470289e-251,-7.56431316253231,0.265,0.934,7.45363907098814e-247
"AT4G15610",1.22995845973947e-238,-8.16641804068068,0.176,0.86,2.5267036638428e-234
"ATCG00020",1.0463186726335e-237,-3.55652479801426,0.999,1,2.149452449191e-233
"AT1G65690",5.32252911258175e-236,-8.59893667832364,0.075,0.748,1.09340715559767e-231
"AT1G67090",2.2339407549648e-235,2.7253630287903,1,0.985,4.58918449292419e-231
"AT3G47470",9.85268416670796e-233,2.34154118890706,1,0.979,2.02403690836682e-228
"AT3G54890",1.2338813412525e-227,2.03701598988484,1,0.968,2.53476243933501e-223
"AT4G20830",1.51795216908884e-227,-5.28378983752532,0.917,0.987,3.11832914095921e-223
"AT1G61520",1.78934470174025e-224,1.93672255421358,1,0.983,3.675850820785e-220
"AT3G61470",3.29806868638981e-221,1.61549571615818,1,0.989,6.77522250245059e-217
"AT1G79040",2.05692186783628e-220,1.61619200994691,1,1,4.22553459309607e-216
"AT1G29910",2.59621135391132e-220,3.04564144214052,1,0.844,5.33339698434002e-216
"AT1G31330",1.64475976846281e-219,1.80942193945744,1,0.949,3.37882999235315e-215
"AT3G49780",1.38141233274838e-218,-6.02102082595733,0.643,0.966,2.83783535516499e-214
"AT4G10340",6.60046369936768e-217,1.78920147535759,1,0.968,1.3559332577611e-212
"AT3G08940",7.37582310536669e-216,2.77296710473353,0.999,0.499,1.51521534053548e-211
"AT1G06680",2.94373080823849e-215,2.16382288858558,1,0.822,6.04730619936433e-211
"AT2G34420",3.15567359883622e-211,2.06955395818427,1,0.992,6.48270027408925e-207
"AT5G54270",7.87974919120004e-210,2.61727574125462,1,0.837,1.61873687634822e-205
"AT2G34430",1.03652041744574e-209,2.28978817664085,1,0.973,2.12932389355878e-205
"AT2G05070",1.13368611196721e-208,3.38879013500286,0.998,0.345,2.32893137981423e-204
"AT5G35735",1.5819010586657e-207,-2.73405662368303,0.992,0.994,3.24969934481696e-203
"AT1G29920",1.67510560594966e-207,2.83734974838527,1,0.945,3.44116944630238e-203
"AT2G21660",3.16304980944617e-207,2.06260953855075,1,0.918,6.49785322354526e-203
"AT1G15820",1.15913937812368e-205,2.05237134740774,0.999,0.736,2.38122002447948e-201
"AT5G66570",1.40540982228557e-205,1.60797906279874,1,0.951,2.88713339792124e-201
"AT4G05180",1.5738765358323e-204,2.0812144541365,1,0.712,3.2332145675603e-200
"AT2G39518",6.7637416999417e-204,-7.83736666587411,0.181,0.801,1.38947545741902e-199
"AT4G28750",1.64814323123987e-202,1.73085556095462,1,0.918,3.38578063993606e-198
"AT1G29930",4.93650051041104e-196,1.65884155925705,1,1,1.01410529985374e-191
"AT1G08380",1.11537875619342e-194,1.53927046859818,1,0.947,2.29132257884815e-190
"AT3G21055",4.094055179695e-194,1.89104965439378,1,0.634,8.41041755564743e-190
"AT2G42220",1.32346288764905e-193,3.11469242349674,0.971,0.049,2.71878981009745e-189
"AT4G27440",1.23741967526107e-192,2.96863955434783,0.996,0.203,2.54203123888881e-188
"AT3G27690",4.74543569294208e-192,4.12033619832175,0.956,0.066,9.74854854401091e-188
"AT5G38410",3.35882936544466e-191,2.31718955816753,1,0.816,6.90004316543296e-187
"AT4G34620",4.31500794374856e-191,2.00054505791813,1,0.526,8.86432081884268e-187
"AT4G02770",2.191880009155e-190,2.0826846645896,1,0.596,4.50277910280712e-186
"AT1G20340",8.2070802929752e-190,1.71974945009565,1,0.825,1.6859805045859e-185
"AT2G10940",1.12729121570405e-188,4.41648554763857,0.904,0.021,2.31579434442083e-184
"AT4G27657",1.76179640988847e-188,3.71605474542972,0.918,0.027,3.61925836483388e-184
"AT5G08330",2.71778917367918e-188,2.72615683410119,0.955,0.044,5.58315429948914e-184
"AT4G20860",6.68374719341748e-188,-6.14779611341915,0.518,0.907,1.37304218594375e-183
"AT2G20260",2.51027953154533e-187,1.65879924702518,0.999,0.685,5.15686724165357e-183
"AT3G02560",6.45960321079959e-187,2.97230901249173,0.933,0.036,1.32699628759456e-182
"AT4G14890",5.99025789380852e-186,2.4855896417166,0.925,0.032,1.23057867912508e-181
"AT1G20620",2.05773201957228e-185,3.10704296189186,0.982,0.328,4.22719888780733e-181
"AT3G14110",2.21119902305456e-185,2.55320576025134,0.943,0.042,4.54246615306098e-181
"AT5G49940",3.83681562448795e-184,2.30714007983505,0.949,0.044,7.8819703373856e-180
"AT1G30700",8.30215585885111e-184,-8.4496609761487,0.05,0.6,1.70551187808378e-179
"AT1G51400",1.04487003570383e-183,2.28574201858166,0.999,0.431,2.14647651434638e-179
"AT1G59870",3.73322674813221e-183,-4.54300358647181,0.925,0.937,7.669167708688e-179
"AT3G12345",4.99329547284841e-183,2.4709789972773,0.93,0.038,1.02577268898725e-178
"AT5G23900",1.62499171324994e-182,2.58300156896854,0.955,0.055,3.33822047652934e-178
"AT5G01530",1.76476060910237e-182,1.36832286264312,1,0.96,3.625347719279e-178
"AT4G25740",3.80557467126022e-182,2.34722789832394,0.944,0.044,7.81779204716986e-178
"AT3G50685",5.90670739782251e-182,2.38537934476574,0.975,0.068,1.21341490073468e-177
"AT1G07590",6.92855095833667e-182,-3.03045547358279,0.973,0.956,1.4233322233711e-177
"AT1G12845",7.2584763860324e-181,4.22505975851463,0.863,0.006,1.49110880398264e-176
"AT2G05220",1.26608317819969e-180,2.42802800841442,0.959,0.057,2.60091467297562e-176
"AT3G26650",1.64573122942027e-180,1.94985268380863,0.998,0.474,3.38082566459806e-176
"AT2G34590",1.6713586651441e-180,2.55976049360721,0.908,0.03,3.43347210580553e-176
"AT3G61110",6.31273419632108e-180,2.02644869491578,0.949,0.049,1.29682498595024e-175
"AT1G52230",9.2916132217258e-180,2.34532831365554,0.998,0.328,1.90877610413913e-175
"AT4G14270",1.4544074990296e-179,3.11815119959384,0.907,0.034,2.9877893252565e-175
"AT5G02610",2.47923819505421e-179,2.92354866765951,0.89,0.021,5.09309902409986e-175
"AT2G39200",3.27581346155472e-179,-8.02547222994244,0.081,0.643,6.72950359407186e-175
"AT5G47700",3.96225919483244e-179,2.47725798870536,0.953,0.055,8.13966906394428e-175
"AT2G44650",1.83569162545059e-177,2.30134515885021,0.945,0.055,3.77106130616314e-173
"AT3G25520",1.11284595669343e-176,2.56519472599783,0.939,0.053,2.28611944883531e-172
"AT3G44890",8.43289533695183e-176,2.33710943863457,0.949,0.059,1.73236968907001e-171
"AT5G16030",1.26453071810826e-175,2.55448299787887,0.959,0.072,2.59772545420979e-171
"AT5G23740",1.76934029481142e-175,2.31553272388848,0.964,0.063,3.6347557676311e-171
"AT4G28030",2.18133884596554e-175,1.75493579588654,0.932,0.047,4.481124391267e-171
"AT2G30570",3.70135320582608e-175,1.39940127034135,1,0.89,7.60368989072851e-171
"AT5G08050",4.23535080087258e-175,2.95788213246626,0.865,0.015,8.70068115023253e-171
"AT2G27530",8.68416998764968e-175,2.28478151112253,0.957,0.063,1.78398904056287e-170
"AT4G01700",1.28104940719924e-174,-9.27510727486517,0.026,0.526,2.63165979720939e-170
"AT1G68520",1.76756202866517e-173,2.88802263378525,0.882,0.025,3.63110267548685e-169
"AT3G14930",2.79012719347229e-173,1.98144048286354,0.917,0.044,5.73175829355013e-169
"AT2G39460",3.88279523716435e-173,2.41725077814748,0.932,0.049,7.97642625570673e-169
"AT1G74730",9.52558170878456e-173,2.30075580089203,0.949,0.063,1.95684025043561e-168
"AT1G14540",1.87408495946138e-172,-7.36620970433287,0.093,0.647,3.84993273222151e-168
"AT2G36170",1.9108425888182e-172,2.87562104122556,0.884,0.027,3.92544393020923e-168
"AT1G11750",3.2224622502891e-172,1.82452696171427,0.949,0.059,6.6199042007689e-168
"AT5G21170",3.31365242752492e-172,2.39716286407573,0.912,0.042,6.80723618186444e-168
"AT2G21580",1.44260645860367e-171,2.22950112071327,0.922,0.049,2.96354644790952e-167
"AT2G37190",5.38072660475361e-171,2.32980383535895,0.89,0.032,1.10536266641454e-166
"AT2G43750",9.31718437500849e-171,2.18317276354896,0.919,0.047,1.91402918615799e-166
"AT1G54630",6.5430845282467e-170,2.15818963015284,0.918,0.047,1.34414585463772e-165
"AT4G18730",7.49829486388449e-170,2.27448742089227,0.93,0.053,1.54037471388779e-165
"AT3G56880",7.98317382061509e-170,2.44687455207358,0.966,0.08,1.63998339796896e-165
"AT1G73230",1.48578428791076e-169,1.73110866476624,0.95,0.061,3.05224666265507e-165
"AT5G53490",1.88715677025305e-169,1.69644726588492,0.926,0.053,3.87678615313085e-165
"AT1G04270",3.9118818503995e-169,1.88172272292679,0.921,0.049,8.0361788852757e-165
"AT2G33830",4.73783191845984e-169,2.08688117258455,0.999,0.622,9.73292811009205e-165
"AT4G08280",5.02457170280916e-169,2.27216853091498,0.895,0.038,1.03219776490809e-164
"AT5G52970",6.75498002662553e-169,1.89012240492901,0.944,0.063,1.38767554686968e-164
"AT3G22960",1.43748621979046e-168,2.00768377030342,0.897,0.038,2.95302794131555e-164
"AT1G20693",1.78421365014118e-168,1.90439664695852,0.962,0.072,3.66531010148504e-164
"AT2G36160",1.86156516980124e-168,2.0437985901199,0.969,0.076,3.82421332832269e-164
"AT3G60770",2.93180738405173e-168,1.94705261859007,0.945,0.061,6.02281190905747e-164
"AT1G34030",4.85670604906023e-168,1.87216526593458,0.91,0.047,9.97713123658444e-164
"AT4G30690",4.96452660106345e-168,1.75331185667046,0.948,0.068,1.01986269965646e-163
"AT3G18740",6.63696089423313e-168,2.06328605584464,0.952,0.066,1.36343087650231e-163
"AT4G18480",7.49651448955393e-168,2.18446981533882,0.903,0.044,1.54000897158906e-163
"AT3G14600",9.86934493151641e-168,2.18946491460018,0.915,0.049,2.02745952928142e-163
"AT5G27770",1.21377496519524e-167,2.02592528873812,0.935,0.063,2.49345791100058e-163
"AT2G05100",1.35650395680713e-167,2.70986265488231,0.996,0.338,2.78666607846888e-163
"AT1G20010",1.3738544062086e-167,1.93843551767346,0.915,0.051,2.82230910667432e-163
"AT5G45680",2.45909937272801e-167,2.00078700179468,0.888,0.036,5.05172784139514e-163
"AT1G29070",5.10800139473508e-167,2.32606058182975,0.995,0.256,1.04933672652043e-162
"AT5G56670",5.77821552653723e-167,2.01961316675891,0.92,0.053,1.18701881561654e-162
"AT2G17360",7.2768522508849e-167,2.02605872128657,0.934,0.059,1.49488375789929e-162
"AT5G64040",1.19315522839558e-166,1.79285880870439,0.999,0.643,2.45109878569304e-162
"AT4G35490",1.25185258115124e-166,1.92030227434747,0.895,0.04,2.57168075745899e-162
"AT2G18020",1.61511661023003e-166,2.34087047593732,0.973,0.093,3.31793405239554e-162
"AT4G26555",1.90111478422777e-166,1.93573532291733,0.923,0.055,3.90546010123911e-162
"AT3G04920",4.27263134595618e-166,1.71686705872227,0.907,0.047,8.77726657399777e-162
"AT2G24790",5.1365447453841e-166,1.69983869104868,0.939,0.063,1.05520038704426e-161
"AT4G09650",9.5031814740972e-166,2.19182055762881,0.961,0.08,1.95223857022379e-161
"AT3G16530",1.01104866607843e-165,-7.63151107676398,0.145,0.693,2.07699727472492e-161
"AT3G62530",1.06415721637538e-165,2.21237291899964,0.966,0.085,2.18609816959993e-161
"AT5G13510",1.27848073929997e-165,2.04769875095523,0.952,0.074,2.62638298274393e-161
"AT1G57720",1.52871068517843e-165,1.7851270203067,0.934,0.061,3.14043036056204e-161
"AT5G19510",2.09339762125326e-165,2.46650311161269,0.992,0.131,4.30046673334058e-161
"AT5G62300",2.80699083123258e-165,1.89127764833084,0.942,0.066,5.76640126460109e-161
"AT5G16130",3.40377319365892e-165,2.64062246195517,0.865,0.03,6.99237127173352e-161
"AT5G56710",3.69499977728186e-165,1.92432813312027,0.947,0.072,7.59063804247012e-161
"AT3G05560",3.91346923221083e-165,1.81316140290528,0.934,0.061,8.0394398437307e-161
"AT2G22670",8.51706811179688e-165,1.74506730675499,0.918,0.055,1.74966130220643e-160
"AT3G09200",9.38897284990018e-165,2.23673536499635,0.973,0.093,1.92877669255499e-160
"AT4G17600",1.0735569171735e-164,2.30835327110782,0.888,0.04,2.20540797494952e-160
"AT1G57860",1.12991001937725e-164,1.80197272404287,0.888,0.04,2.32117415280668e-160
"AT4G17390",1.56181546286028e-164,2.28257640992473,0.976,0.095,3.20843750535386e-160
"AT5G02960",1.73055749310962e-164,2.23860576919284,0.982,0.099,3.5550842580951e-160
"AT1G04480",2.43502428449545e-164,1.88901107533141,0.944,0.068,5.002270387639e-160
"AT5G13710",2.74608126565767e-164,1.85997379458167,0.902,0.047,5.64127474404055e-160
"AT4G14320",3.24271023847983e-164,1.81330962443417,0.918,0.055,6.66149964290911e-160
"AT1G22780",4.34514428530476e-164,2.02875009482592,0.905,0.049,8.92622990530157e-160
"AT3G01390",4.66225926388459e-164,1.74042999494009,0.889,0.04,9.57767920579812e-160
"AT1G23290",5.58068969503905e-164,1.95880768676114,0.861,0.027,1.14644108405187e-159
"AT3G02180",7.32108763390466e-164,2.08343151151557,0.892,0.044,1.50397103263303e-159
"POR C",9.14559274318357e-164,1.90069368259002,0.937,0.066,1.8787791172322e-159
"AT3G48930",1.99956468305592e-163,1.86503133680589,0.89,0.042,4.10770572840178e-159
"AT2G47610",2.04245038708082e-163,2.11962728604185,0.913,0.055,4.19580583018012e-159
"AT1G25440",2.38870347068659e-163,3.68497719157392,0.831,0.015,4.90711353983146e-159
"AT4G00895",3.48563136949595e-163,1.5842527868095,0.925,0.061,7.16053252235552e-159
"AT1G55670",3.59978492495259e-163,1.3809753038175,1,0.854,7.39503817133011e-159
"AT5G28060",3.69685830680719e-163,2.26637889959294,0.976,0.106,7.594456019674e-159
"AT3G04840",5.73177999396428e-163,1.9110805845671,0.889,0.042,1.17747956416008e-158
"AT1G08360",6.23948248577801e-163,2.08124657168686,0.964,0.089,1.28177688705338e-158
"AT4G16410",6.84332599156064e-163,1.71171615295661,0.885,0.042,1.4058244584463e-158
"AT2G01250",8.04475989479768e-163,1.92970233000511,0.955,0.078,1.65263502518829e-158
"AT5G27850",8.72412709197384e-163,2.09504438605969,0.961,0.087,1.79219742850419e-158
"AT4G24750",1.75550247597994e-162,2.09125729493799,0.883,0.042,3.6063287364056e-158
"AT4G26670",2.60235069863903e-162,2.14350161326925,0.857,0.03,5.34600904021416e-158
"AT3G11510",3.4194129974548e-162,1.91785103662647,0.967,0.087,7.0245001206714e-158
"AT1G03130",4.06667173540632e-162,2.42712715883644,0.996,0.228,8.3541637460452e-158
"AT2G20890",5.13572697732714e-162,1.91165973181784,0.966,0.087,1.05503239295231e-157
"AT5G57290",5.38229456133409e-162,1.79960213575096,0.934,0.066,1.10568477173486e-157
"AT2G47110",5.56694191413573e-162,1.38768206326157,0.926,0.061,1.1436168774209e-157
"AT5G27700",5.91104343341844e-162,2.01582978508542,0.982,0.099,1.21430565252715e-157
"AT3G46040",1.01753928831403e-161,1.77980926734447,0.906,0.053,2.09033095998351e-157
"AT4G01150",1.17225319278038e-161,1.5081098395991,1,0.71,2.40815973392873e-157
"AT4G31985",1.30123546032475e-161,1.98056583353203,0.882,0.04,2.67312800614514e-157
"AT4G31700",1.69767932577266e-161,1.98645610197916,0.908,0.053,3.48754263893478e-157
"AT5G54770",1.97857442838506e-161,1.50463747807901,1,0.863,4.06458544823143e-157
"AT1G32070",2.21851861331295e-161,2.0748079092791,0.881,0.042,4.55750278732879e-157
"AT4G26230",2.3272414603382e-161,1.53515796298029,0.89,0.044,4.78085213197277e-157
"AT5G16400",2.7087515366126e-161,1.65619138602145,0.925,0.061,5.56458828166327e-157
"AT1G02360",3.67667406093676e-161,-9.35574902767021,0.014,0.465,7.55299152338239e-157
"AT4G14960",4.4748208190229e-161,1.86016534133465,0.887,0.044,9.19262440851875e-157
"AT1G03600",4.69728245824413e-161,2.2934340782812,0.984,0.118,9.64962735397092e-157
"AT1G35420",5.62001343524347e-161,1.38466896972307,0.884,0.042,1.15451936000207e-156
"2-Cys Prx B",6.20045927442381e-161,1.76007702631308,0.911,0.055,1.27376034874488e-156
"AT5G19770",6.60024448660011e-161,1.42673576791544,0.894,0.047,1.35588822488226e-156
"AT3G16080",6.7426289380863e-161,1.55285230586753,0.92,0.059,1.38513826275107e-156
"AT5G39740",8.05514590037749e-161,1.94972545304386,0.891,0.047,1.65476862231455e-156
"AT1G17880",1.18439147602578e-160,1.86462041198208,0.961,0.087,2.43309540919976e-156
"AT1G07320",1.1892760677434e-160,1.93132603272111,0.974,0.095,2.44312982596527e-156
"AT1G03475",1.34639988234295e-160,1.61525614580993,0.9,0.051,2.76590927829713e-156
"AT3G02080",1.43821654035122e-160,1.78299608996312,0.974,0.091,2.95452823884351e-156
"AT2G36930",1.60195519483262e-160,2.13437134635707,0.863,0.034,3.29089655674466e-156
"AT3G55330",1.60290351276841e-160,1.65887368075268,0.95,0.076,3.29284468628014e-156
"AT2G17240",2.18589594887674e-160,1.74780895981424,0.902,0.053,4.49048604777748e-156
"AT4G31720",2.63668317885692e-160,1.52696896981421,0.868,0.036,5.41653825432577e-156
"AT1G76100",2.81498348852277e-160,1.69037381058967,0.955,0.078,5.78282058047233e-156
"AT3G53020",8.95952584229667e-160,1.87328934595582,0.973,0.093,1.84055539378301e-155
"AT5G61170",1.94096319530129e-159,1.92681528170031,0.865,0.036,3.98732069210744e-155
"AT3G05590",1.99661582103179e-159,1.75524290453479,0.942,0.074,4.10164788114561e-155
"AT5G52650",2.08617885566425e-159,2.02782219830787,0.949,0.08,4.28563722319107e-155
"AT4G15000",2.89979552888437e-159,2.12473746774948,0.86,0.034,5.95704995498716e-155
"AT1G78630",3.15862345797064e-159,2.34071650195475,0.987,0.148,6.48876016970908e-155
"AT3G56650",4.76901797486337e-159,1.46832003919986,0.864,0.036,9.79699362576182e-155
"AT3G53460",6.19487408943509e-159,2.37659625405721,0.991,0.163,1.27261298419265e-154
"AT5G42190",6.48114545999228e-159,1.33315069687524,0.915,0.059,1.33142171184621e-154
"AT3G59540",6.94297445311477e-159,1.66104723058717,0.94,0.076,1.42629524190337e-154
"AT1G52740",1.52390997780647e-158,1.79977295041821,0.955,0.087,3.13056826740783e-154
"AT5G64140",1.61019646031837e-158,1.86101024046952,0.867,0.038,3.30782658843202e-154
"AT1G32640",2.07737077252462e-158,1.99014772556453,0.941,0.082,4.26754277799733e-154
"AT1G41880",2.85795520312167e-158,1.86975942595748,0.885,0.047,5.87109737377284e-154
"AT1G74270",3.36388325058395e-158,1.4544079222144,0.917,0.061,6.91042536167462e-154
"AT5G51110",5.0561545278669e-158,1.4374913023004,0.927,0.07,1.0386858246597e-153
"AT5G46430",5.07498162673833e-158,2.21721123933478,0.83,0.021,1.04255347558086e-153
"AT3G22230",6.01109831372678e-158,1.47078506962158,0.88,0.044,1.23485992658889e-153
"AT4G35250",6.22750442561842e-158,1.99126450372981,0.891,0.053,1.27931623415479e-153
"AT3G07110",6.56704810016904e-158,2.02347545131883,0.87,0.04,1.34906869121773e-153
"AT5G62720",9.55678749295763e-158,1.75603643728155,0.929,0.07,1.96325085467829e-153
"AT5G24314",1.02353200836511e-157,1.56160390373346,0.959,0.095,2.10264180478445e-153
"AT5G37770",1.52071246199574e-157,2.12577138203007,0.869,0.042,3.12399961067786e-153
"AT5G09510",1.56959787284878e-157,1.77746905778854,0.913,0.061,3.22442491019324e-153
"AT4G29390",1.92660526889967e-157,1.75520468862015,0.922,0.066,3.95782520390058e-153
"AT1G61560",1.9841468087068e-157,-8.11930079726979,0.046,0.535,4.07603278912638e-153
"AT5G21920",2.01176910955978e-157,1.97609666084917,0.848,0.032,4.13277728176866e-153
"AT3G21520",2.47937500207573e-157,-9.45824163820467,0.029,0.497,5.09338006676418e-153
"AT2G47450",2.78589022872655e-157,1.64756304678469,0.89,0.053,5.72305429687295e-153
"AT3G17210",3.45234170253771e-157,1.31664946742277,0.887,0.049,7.09214555952322e-153
"AT5G07090",5.05756267946984e-157,1.78225307398062,0.934,0.074,1.03897510124349e-152
"AT1G74050",5.58044387927349e-157,1.64805268197738,0.907,0.059,1.14639058611915e-152
"AT1G50900",5.68281173244642e-157,1.98296922159939,0.881,0.049,1.16742001419647e-152
"AT1G30380",6.35838529689593e-157,1.69395443186022,0.997,0.529,1.30620309154133e-152
"AT3G53740",6.47570465303877e-157,1.7807694516473,0.979,0.108,1.33030400687376e-152
"AT3G10520",7.61902539879894e-157,1.65690589495056,0.849,0.032,1.56517638767527e-152
"AT3G52150",8.9868251155787e-157,1.73388284058071,0.971,0.097,1.84616348349333e-152
"AT3G10930",9.30820287941725e-157,3.5451831106422,0.82,0.021,1.91218411751869e-152
"AT1G77940",1.21075998023013e-156,1.72439432476663,0.876,0.044,2.48726422738675e-152
"AT4G00810",1.24539645199049e-156,1.81040153979774,0.971,0.099,2.55841793132406e-152
"AT1G19350",1.368365451914e-156,3.25179817276041,0.808,0.013,2.81103314786694e-152
"AT1G11430",1.41191613637437e-156,1.67495214523225,0.876,0.047,2.90049931895387e-152
"AT4G14870",1.5430920900168e-156,1.58751889683525,0.853,0.034,3.16997408052151e-152
"AT3G56340",1.56511391267143e-156,1.70626079637392,0.967,0.093,3.21521351080093e-152
"AT1G74450",2.06852510312169e-156,2.27154485760915,0.965,0.106,4.24937111934288e-152
"AT4G39040",2.41066513753627e-156,1.72059435608636,0.856,0.036,4.95222939204075e-152
"AT5G66650",2.46144787270219e-156,2.79827944351581,0.849,0.036,5.0565523648921e-152
"AT3G56010",2.72783771941715e-156,1.39106103811762,0.887,0.051,5.60379702699866e-152
"AT4G18100",3.09005977666396e-156,1.98147166838354,0.96,0.093,6.34790979920078e-152
"AT1G08110",6.45388118047221e-156,1.39112081793192,0.95,0.082,1.32582081090441e-151
"AT2G19740",7.66910396899297e-156,1.6008006126809,0.886,0.051,1.57546402835023e-151
"AT1G19000",7.76540494289607e-156,1.48615639837833,0.954,0.087,1.59524713741914e-151
"AT1G33120",8.29141109981967e-156,1.84331855566555,0.961,0.091,1.70330458223595e-151
"AT5G03610",8.74258851855232e-156,-8.9964322161408,0.064,0.564,1.7959899593662e-151
"AT3G63140",1.12071897216686e-155,2.16228889162174,0.981,0.114,2.30229298452239e-151
"AT1G74930",1.15889225782294e-155,2.86315326573456,0.826,0.023,2.38071236524567e-151
"AT2G43560",1.35715485432201e-155,1.76570580958279,0.959,0.093,2.7880032172337e-151
"AT3G24430",1.61830462054922e-155,2.13376476034984,0.841,0.032,3.32448318199427e-151
"AT4G39970",2.20547242414265e-155,1.47007943463932,0.887,0.051,4.53070200091624e-151
"AT2G31040",2.39789045430783e-155,1.38114697312463,0.923,0.07,4.92598636028458e-151
"AT3G19820",3.35792314432999e-155,1.75249259275349,0.921,0.072,6.8981815153971e-151
"AT5G09650",3.36891648854898e-155,1.69247204346278,0.882,0.051,6.92076514242617e-151
"AT2G33370",4.54783347894443e-155,2.04519503186324,0.878,0.049,9.34261431579554e-151
"AT2G32060",5.57088816557556e-155,3.76316431424533,0.798,0.011,1.14442755585419e-150
"AT3G56020",5.95528675025173e-155,1.49428855027904,0.912,0.066,1.22339455710421e-150
"AT2G39470",7.72677614803586e-155,1.22963697404461,0.925,0.072,1.58731162409101e-150
"AT5G02120",9.39101510669442e-155,1.50425876107411,0.936,0.076,1.92919623336823e-150
"AT1G16880",1.26939560469502e-154,1.16409848676148,0.917,0.068,2.60771939072498e-150
"AT2G23670",2.29679119995083e-154,1.94919777625434,0.846,0.036,4.718298162059e-150
"AT3G08740",2.35025616465782e-154,2.51659485439355,0.826,0.025,4.82813123905656e-150
"AT4G33670",2.94800873011567e-154,1.51457874625767,0.883,0.051,6.05609433427662e-150
"AT2G35410",2.95325036183974e-154,1.76936957445202,0.843,0.034,6.06686221832738e-150
"AT3G26740",5.05665249662725e-154,2.11178437945859,0.999,0.317,1.03878812238214e-149
"AT2G43460",5.71799555812898e-154,1.64311861806073,0.955,0.091,1.17464782750644e-149
"AT2G06520",6.08228463573973e-154,1.50867321304918,1,0.736,1.24948373272001e-149
"AT3G15450",6.32037923873693e-154,2.43342818152774,0.941,0.099,1.29839550701373e-149
"AT4G30650",6.67056320255993e-154,2.12104310366734,0.997,0.347,1.37033379870189e-149
"AT2G01590",8.18540738936162e-154,1.92132737400892,0.839,0.032,1.68152823999656e-149
"AT5G02840",8.20043966241439e-154,2.40563184576633,0.846,0.036,1.68461631984979e-149
"AT3G62550",1.23527690296924e-153,2.17985855235659,0.917,0.078,2.53762934176971e-149
"AT5G47190",1.39085098596388e-153,1.96148221009557,0.973,0.104,2.8572251804656e-149
"AT3G53870",1.47032511103592e-153,1.58546999554084,0.93,0.076,3.0204888756011e-149
"AT4G31560",1.69777582011111e-153,1.50208119289276,0.882,0.053,3.48774086725426e-149
"AT2G46280",2.02033561104547e-153,1.87480213011725,0.86,0.042,4.1503754457707e-149
"AT3G01480",2.22683134245234e-153,1.97279785393638,0.834,0.03,4.57457962679984e-149
"AT3G04550",2.34136195407191e-153,2.4017967042743,0.816,0.021,4.80985986224993e-149
"AT2G36130",3.27367658058966e-153,2.24201249909647,0.81,0.019,6.72511379950533e-149
"AT5G60340",3.6300532809104e-153,1.95921633777698,0.823,0.025,7.45721845497423e-149
"AT2G40510",5.44411061240479e-153,1.58095140662514,0.955,0.087,1.11838364310632e-148
"AT3G51820",5.60895606456404e-153,1.54313397854068,0.914,0.068,1.15224784434339e-148
"AT5G55190",5.61001317393954e-153,1.44771806063653,0.912,0.068,1.1524650063224e-148
"AT4G38225",5.95485444513402e-153,1.15706701189897,0.912,0.068,1.22330574866388e-148
"AT1G33810",6.66377491981842e-153,1.15024576917189,0.917,0.07,1.3689392817783e-148
"AT2G35260",7.4287456126002e-153,2.22189196325848,0.81,0.019,1.52608721119646e-148
"AT5G47110",9.42738092999529e-153,1.45475025739081,0.94,0.082,1.93666686444893e-148
"AT2G19730",1.17901869643334e-152,1.86859588724634,0.972,0.11,2.422058108083e-148
"AT3G60600",1.45229036929014e-152,1.37044782370118,0.898,0.061,2.98344010563274e-148
"AT4G27700",1.55439946697025e-152,2.08609845969277,0.8,0.015,3.19320282499699e-148
"AT5G02450",2.53194094008031e-152,1.4625993080709,0.94,0.08,5.20136627320697e-148
"AT1G27400",2.93271594154639e-152,1.48294855784661,0.907,0.066,6.02467835871874e-148
"AT1G12090",3.10595469310634e-152,2.14252810060713,0.965,0.112,6.38056272604836e-148
"AT4G39710",3.55406242193795e-152,1.67560830988204,0.875,0.051,7.30111043338714e-148
"AT2G24020",3.78173668332273e-152,1.40300067049073,0.905,0.066,7.76882166854989e-148
"AT4G13640",3.81261421555411e-152,1.32345704607101,0.848,0.038,7.83225338301281e-148
"AT2G20270",4.88037231935403e-152,1.62695544107855,0.882,0.055,1.0025748855649e-147
"AT1G75800",5.42998600358754e-152,1.66091910274737,0.876,0.053,1.11548202471699e-147
"AT2G24090",8.72218368622822e-152,2.27227835436706,0.989,0.171,1.79179819466186e-147
"AT4G13830",1.012384367967e-151,1.43336375808625,0.893,0.061,2.0797412071146e-147
"AT3G56360",1.02102279920977e-151,2.20007637794237,0.982,0.142,2.09748713641662e-147
"AT3G53470",1.64474965040853e-151,1.60098096626809,0.838,0.036,3.37880920683423e-147
"AT1G10960",1.72372424296788e-151,1.57660892956463,0.852,0.04,3.54104671232892e-147
"AT1G09340",2.06552923465983e-151,2.21421642973953,0.984,0.144,4.24321670676168e-147
"AT2G19790",2.94348613768799e-151,1.0894966685645,0.893,0.061,6.04680357265245e-147
"AT3G12290",3.19198337489928e-151,1.25145513788001,0.947,0.089,6.55729144705558e-147
"AT5G16010",3.45063410031504e-151,-2.3823152533249,0.972,0.945,7.08863763227719e-147
"AT1G43170",3.67275797596923e-151,1.88475045932625,0.975,0.11,7.54494671003359e-147
"AT2G31810",4.16356059819197e-151,1.15373911736766,0.938,0.082,8.55320253686576e-147
"AT3G22210",5.85228610635878e-151,1.8409839982858,0.858,0.044,1.20223513482928e-146
"AT2G41840",7.11084026459585e-151,1.87727009476011,0.972,0.11,1.46077991555593e-146
"AT3G23400",7.22816408363797e-151,1.3150359889409,0.907,0.07,1.48488174770175e-146
"AT3G20230",7.50178372007938e-151,1.47861993167448,0.868,0.051,1.54109142961591e-146
"AT3G55770",9.17827109368833e-151,1.25759491630435,0.949,0.093,1.88549223077639e-146
"AT4G31290",9.79787294686977e-151,1.85010848855093,0.964,0.108,2.01277703947546e-146
"AT1G68590",1.04330180973373e-150,1.43321990520325,0.919,0.078,2.143254907736e-146
"AT1G29390",1.25433666014528e-150,1.30431251158421,0.943,0.091,2.57678380093645e-146
"AT5G18140",1.26933326110522e-150,1.7644706648502,0.813,0.023,2.60759131828846e-146
"AT3G55430",1.33414915101311e-150,-3.1770240509603,0.965,0.901,2.74074260092624e-146
"AT2G34860",1.40994156489729e-150,1.32253369658835,0.955,0.095,2.8964429567685e-146
"AT1G80380",1.74299098275053e-150,1.20264133401561,0.91,0.072,3.58062637586442e-146
"AT3G45980",1.82289295777901e-150,2.92467780519728,0.796,0.017,3.74476900316542e-146
"AT4G01690",2.13116258915012e-150,1.52915229963517,0.873,0.055,4.37804730689109e-146
"AT5G63310",2.24990842337841e-150,1.83361445460182,0.964,0.108,4.62198687414627e-146
"AT3G09500",2.33326492021549e-150,2.12307954770714,0.985,0.137,4.79322612559869e-146
"AT1G70600",2.33707404663269e-150,1.5702106458827,0.95,0.093,4.80105121399754e-146
"AT2G24060",2.36060159932143e-150,2.1635870780441,0.822,0.03,4.84938386548602e-146
"AT2G03680",2.47750345314186e-150,1.325792311239,0.944,0.089,5.08953534378932e-146
"AT4G28025",3.06654858939004e-150,1.86245894320694,0.97,0.106,6.29961076718396e-146
"AT1G12410",3.08175986731339e-150,1.16542934054102,0.94,0.085,6.3308592954219e-146
"AT1G08980",3.42860164486552e-150,1.28173474952298,0.964,0.097,7.04337635904723e-146
"AT4G11280",3.52657563465479e-150,2.52447486031039,0.85,0.044,7.24464432627133e-146
"AT3G62870",4.20876303233013e-150,1.90481652725842,0.965,0.106,8.64606189731579e-146
"AT3G53890",4.36509250679079e-150,1.27929712196443,0.906,0.068,8.96720953670032e-146
"AT4G38970",6.65755747391916e-150,1.74921340309168,0.999,0.461,1.36766203186721e-145
"AT5G08410",8.8372944176398e-150,0.992015077533107,0.936,0.082,1.81544539221574e-145
"AT1G28140",8.88947148989108e-150,1.1351331473562,0.922,0.076,1.82616412816832e-145
"AT4G33865",1.56327535255588e-149,1.8808927840035,0.979,0.114,3.21143655675554e-145
"AT1G54500",2.08121646436301e-149,1.51502553910287,0.858,0.047,4.27544298274093e-145
"AT5G48540",2.39710773847403e-149,-6.02021418091282,0.446,0.825,4.92437842714719e-145
"AT5G42825",2.40329777744153e-149,1.35291520453882,0.91,0.074,4.93709462419813e-145
"AT4G24570",2.89543148571291e-149,2.41395265215108,0.981,0.173,5.94808490110004e-145
"AT3G58610",3.75125494208927e-149,1.45386302037649,0.915,0.074,7.70620302753398e-145
"AT2G33800",5.21099319039294e-149,1.89617339761008,0.978,0.112,1.07049433110242e-144
"AT4G13200",5.56602553689697e-149,1.79784322399118,0.85,0.044,1.14342862604474e-144
"AT3G52590",6.19749359324277e-149,2.09727221670013,0.986,0.18,1.27315110885986e-144
"AT1G73060",9.5281196557548e-149,1.22243599985635,0.876,0.055,1.95736162088171e-144
"AT1G18730",9.86842444160959e-149,1.1373325561301,0.879,0.057,2.02727043303986e-144
"AT2G43030",1.09951753857684e-148,2.21026248930223,0.982,0.142,2.2587388794984e-144
"AT2G26670",1.14355172577804e-148,1.21052406830947,0.904,0.068,2.34919831026582e-144
"AT5G13410",1.19083692308477e-148,1.62548076574553,0.843,0.04,2.44633629109305e-144
"AT4G27090",1.22098842045764e-148,2.01051577492773,0.987,0.165,2.50827651214612e-144
"AT4G23890",1.27891225838491e-148,1.47859817883166,0.963,0.101,2.62726945240013e-144
"AT4G40030",1.28496901056491e-148,1.8307978490084,0.959,0.101,2.6397118384035e-144
"AT3G60300",1.96443464039733e-148,1.30363821259554,0.959,0.101,4.03553808176824e-144
"AT3G06700",2.03491540094676e-148,1.10691260754673,0.925,0.078,4.18032670816494e-144
"AT1G16810",2.97059527614573e-148,1.24459795157374,0.937,0.089,6.10249387578617e-144
"AT5G20720",3.37051838598009e-148,1.73647445628504,0.971,0.123,6.92405592031891e-144
"AT1G44920",3.91866448555368e-148,1.45980995500801,0.873,0.057,8.05011245267293e-144
"AT3G07390",4.19877909214486e-148,-4.40148897904647,0.836,0.884,8.6255518889932e-144
"AT2G31490",4.5298057158068e-148,1.26423095720499,0.932,0.082,9.30557988198192e-144
"AT3G13120",5.52504795316462e-148,1.90365825727985,0.983,0.129,1.13501060101861e-143
"E1 ALPHA",7.83134302683414e-148,1.30093894719422,0.912,0.076,1.60879279800254e-143
"AT2G36620",9.12465908794362e-148,1.57587057873361,0.885,0.061,1.87447871643626e-143
"AT5G64460",1.03604583338377e-147,1.53997349094315,0.839,0.04,2.12834895552027e-143
"AT1G48830",1.25465315875338e-147,1.61575285695861,0.84,0.04,2.57743398402706e-143
"AT3G10405",1.83926401408676e-147,2.65648555368076,0.776,0.013,3.77840006413843e-143
"AT5G12250",2.04248290317902e-147,1.24491233783482,0.864,0.053,4.19587262800067e-143
"AT3G47860",2.35017082487513e-147,1.57743719637282,0.856,0.051,4.82795592554099e-143
"AT1G57660",2.36099278882867e-147,1.37057551795937,0.898,0.068,4.85018748609073e-143
"AT3G27850",3.01539515598421e-147,1.91726663917855,0.988,0.131,6.19452626893836e-143
"AT3G55800",4.17550636632231e-147,1.47836217244272,0.921,0.08,8.57774272833593e-143
"AT5G06320",4.56803517062412e-147,-3.47250373806671,0.969,0.899,9.38411465101313e-143
"AT3G19580",4.67311914018549e-147,1.58532572944362,0.912,0.082,9.59998864968306e-143
"AT2G23930",4.83149601494353e-147,1.94380538421123,0.81,0.027,9.92534226349849e-143
"AT5G06060",5.17430911730039e-147,3.1940045503239,0.774,0.011,1.06295832196702e-142
"AT1G06460",7.80147816399487e-147,1.10304362474154,0.896,0.068,1.60265765922947e-142
"AT4G13520",9.44118737259417e-147,0.906094631718156,0.893,0.066,1.93950312195202e-142
"AT4G21280",1.22911425621766e-146,1.50017520390905,1,0.564,2.52496941654794e-142
"AT1G79440",1.34002827560756e-146,1.59103138183485,0.85,0.049,2.75282008658061e-142
"AT5G19220",1.42776374522911e-146,1.21101656321805,0.88,0.061,2.93305506182416e-142
"AT4G20150",1.57936721060274e-146,1.25526558410043,0.949,0.095,3.24449406074122e-142
"AT2G05520",1.63701369097917e-146,-3.57393854608547,0.593,0.911,3.36291722537852e-142
"AT5G47930",1.69926451892678e-146,1.58286058478991,0.977,0.116,3.49079910123128e-142
"AT1G04420",2.51959193856812e-146,2.30982153523349,0.797,0.023,5.17599771940049e-142
"AT4G01850",3.63571813893938e-146,1.12212199621212,0.92,0.08,7.46885577282316e-142
"AT1G01170",3.66305901019945e-146,1.73462746962231,0.983,0.121,7.52502212465272e-142
"AT2G42310",5.689285438645e-146,1.36572522973361,0.846,0.047,1.16874990766084e-141
"AT3G63160",5.85263010111668e-146,1.62697667840087,0.999,0.516,1.2023058016724e-141
"AT1G18080",6.45206754896856e-146,1.44302373548419,0.871,0.057,1.32544823658461e-141
"AT2G42210",7.07356254634495e-146,1.06735904887032,0.905,0.076,1.45312195389564e-141
"AT1G70310",7.69828414477331e-146,3.2309717085551,0.776,0.015,1.58145851186078e-141
"AT1G55000",9.95538797825943e-146,1.20936616287905,0.846,0.047,2.04513535237383e-141
"AT3G23390",1.00999939560181e-145,1.1762031067467,0.884,0.063,2.07484175838481e-141
"AT3G15810",1.03581360969023e-145,1.42544247735228,0.925,0.085,2.12787189838663e-141
"AT2G36060",1.46367923113196e-145,1.06978904809291,0.926,0.085,3.00683624451439e-141
"AT3G63410",1.67344526222374e-145,1.85051567166604,0.983,0.131,3.43775860218623e-141
"AT5G51010",1.67900925301417e-145,1.95304804373782,0.885,0.07,3.449188708467e-141
"AT1G74060",1.71614990619381e-145,1.67956773874068,0.819,0.034,3.52548675229394e-141
"AT5G13850",1.97418388766032e-145,1.40390977458918,0.866,0.057,4.05556596042059e-141
"AT3G10020",1.98240583298355e-145,2.27293902562843,0.842,0.051,4.0724563026981e-141
"AT5G13120",2.13659927059068e-145,1.44305530082065,0.846,0.049,4.38921588157444e-141
"AT3G52960",2.64750146554638e-145,1.77705721527983,0.823,0.036,5.43876226067192e-141
"AT1G78020",2.84511097437383e-145,1.67163427227036,0.861,0.055,5.84471147465616e-141
"AT1G48450",3.43437759218082e-145,1.23328030423495,0.923,0.087,7.05524188761705e-141
"AT5G39530",3.86467737684973e-145,3.18494087617148,0.768,0.011,7.93920673526239e-141
"AT4G13850",4.52276982175771e-145,2.28849355708236,0.819,0.036,9.29112604483687e-141
"AT4G29410",4.98563043989064e-145,2.10940961828274,0.821,0.036,1.02419806126673e-140
"AT1G19570",5.29592311750316e-145,2.15163776753724,0.958,0.131,1.08794148602867e-140
"AT2G18110",5.54165073784767e-145,1.1102751382582,0.855,0.051,1.13842131107605e-140
"AT4G37200",5.7371855621606e-145,1.24581279983886,0.845,0.049,1.17859003003465e-140
"AT1G14150",6.62093178376999e-145,2.05207343542815,0.815,0.034,1.36013801633987e-140
"AT5G14260",6.62932944223636e-145,0.992880098807783,0.895,0.072,1.36186314731861e-140
"AT2G44840",6.78260343337305e-145,3.24678044193155,0.806,0.032,1.39335022331783e-140
"AT3G26580",7.19059550441826e-145,1.15582202217939,0.947,0.097,1.47716403447264e-140
"AT1G79790",7.82704565501864e-145,0.845624283874333,0.882,0.063,1.60790998891048e-140
"AT5G66530",8.01062688070454e-145,1.16329405814173,0.837,0.044,1.64562308010313e-140
"AT5G18100",1.44865118761233e-144,1.36248202658157,0.84,0.047,2.97596413471201e-140
"AT4G09800",1.50696492537698e-144,1.28396231512387,0.949,0.097,3.09575804620194e-140
"AT1G19740",1.65575822644157e-144,1.26916440630302,0.871,0.061,3.40142412457891e-140
"AT1G74470",1.6593204754243e-144,2.03472979865842,0.998,0.247,3.40874205266414e-140
"AT1G49140",2.21826170717921e-144,1.37343485512733,0.83,0.04,4.55697502505826e-140
"AT2G27710",2.79389051902937e-144,1.53061915937618,0.88,0.066,5.73948929324203e-140
"AT3G45030",2.83296125741378e-144,1.70921659720734,0.848,0.049,5.81975231110512e-140
"AT4G04330",2.9566410344822e-144,1.90789011633573,0.98,0.123,6.07382767713678e-140
"AT1G09795",3.04305242290109e-144,0.978050146577,0.861,0.057,6.25134259236572e-140
"AT3G11940",3.32938294687933e-144,1.67549456982254,0.982,0.127,6.83955138777422e-140
"AT1G32470",3.44398710387215e-144,1.60901160508927,0.986,0.125,7.07498270748457e-140
"AT3G19030",3.73552034532163e-144,1.29810022917838,0.945,0.106,7.67387944539422e-140
"AT5G47210",4.05332706204559e-144,1.80672854405735,0.792,0.023,8.32674978356026e-140
"AT2G31610",4.23267073238635e-144,2.25557009806454,0.787,0.021,8.69517548554127e-140
"AT5G52840",5.40129591143465e-144,1.19988709145678,0.856,0.053,1.10958821908602e-139
"AT2G18710",6.1847078932372e-144,0.982422842114949,0.852,0.051,1.27052454250772e-139
"AT3G63190",8.20865229567816e-144,1.4192908847297,0.828,0.042,1.68630344110116e-139
"AT5G47435",9.64803653235947e-144,1.68835756671965,0.831,0.042,1.98199614484261e-139
"AT4G09010",1.49784050034992e-143,1.76357103270576,0.981,0.123,3.07701373986885e-139
"AT1G76450",2.16883525980013e-143,0.975954978096215,0.883,0.066,4.45543827420742e-139
"AT5G01920",2.22769893646216e-143,1.59632380191418,0.812,0.034,4.57636192517422e-139
"AT4G33250",2.26063783176012e-143,1.07281382121805,0.923,0.085,4.64402829778482e-139
"AT1G52510",2.4684954324442e-143,1.29213204264798,0.929,0.091,5.07103016687013e-139
"AT1G56300",3.15677296766859e-143,1.33289491297951,0.944,0.097,6.48495870748158e-139
"AT3G49470",3.54561144985064e-143,1.36830050298971,0.834,0.044,7.28374960142817e-139
"AT3G53800",3.81073093863258e-143,1.74037672961541,0.803,0.03,7.8283845672329e-139
"AT5G17920",5.48278007058562e-143,1.04454006029165,0.912,0.08,1.1263275099004e-138
"AT3G07460",8.47380957616877e-143,1.18949704879103,0.887,0.072,1.74077470123235e-138
"AT1G22270",9.62118801922207e-143,2.51306286744701,0.774,0.017,1.97648065478879e-138
"AT3G02570",1.0610933858479e-142,4.29957463494546,0.751,0.006,2.17980414254733e-138
"AT1G09690",1.27290903336714e-142,1.71410458403641,0.978,0.133,2.61493702724611e-138
"AT2G05310",1.39966021774872e-142,1.1381403776583,0.947,0.101,2.87532198532119e-138
"AT1G52300",1.66316728997216e-142,1.4512727114055,0.966,0.114,3.4166445637898e-138
"AT4G34670",2.01235787434817e-142,1.27786449321507,0.851,0.053,4.13398678127345e-138
"AT4G25080",2.63496562450613e-142,1.83034179169001,0.983,0.14,5.41300988242294e-138
"AT3G08920",2.80500861841812e-142,1.26066579293896,0.823,0.04,5.76232920481634e-138
"AT3G12260",3.1535477533165e-142,1.10821824673287,0.84,0.049,6.47833314963809e-138
"AT1G28150",3.97054849267761e-142,1.15045090232941,0.915,0.082,8.15669776850762e-138
"AT4G17730",4.13784602222672e-142,2.27234923856905,0.798,0.03,8.50037708346036e-138
"AT5G41520",4.29771009050113e-142,1.64001577305387,0.982,0.127,8.82878583891646e-138
"AT5G28050",4.37157472032158e-142,2.1522685664857,0.8,0.032,8.98052594795661e-138
"AT1G20580",4.82300839440871e-142,1.34969677049741,0.831,0.044,9.90790614463381e-138
"AT3G10770",5.07888457788154e-142,0.952666372219434,0.828,0.044,1.04335525883421e-137
"AT3G62250",7.83000543330621e-142,1.38975955879968,0.961,0.11,1.60851801616409e-137
"AT5G47570",8.06322997250706e-142,0.886759248306367,0.897,0.074,1.65642933325213e-137
"AT3G61200",8.42279498170276e-142,1.02989303198837,0.879,0.068,1.7302947730912e-137
"AT1G64510",9.07619320943823e-142,1.58227191601886,0.974,0.123,1.8645223710149e-137
"AT5G19540",1.07449062944759e-141,1.37996357685551,0.831,0.047,2.20732610007419e-137
"AT1G10360",1.13188599198022e-141,1.20238626494943,0.817,0.038,2.32523339332497e-137
"AT5G48880",1.15564483769072e-141,3.76784054716269,0.76,0.013,2.37404119006804e-137
"AT1G67350",1.16243740715416e-141,0.774961202206054,0.863,0.059,2.38799516551679e-137
"AT3G09740",1.33451141233838e-141,1.70528103103351,0.798,0.03,2.74148679436673e-137
"AT4G34700",1.36725322918766e-141,1.07464431665793,0.926,0.089,2.80874830872022e-137
"AT5G58420",1.52251494832765e-141,1.94808623690927,0.792,0.027,3.12770245834949e-137
"AT5G38660",1.696872740858e-141,1.18077904903215,0.918,0.093,3.48588567154458e-137
"AT4G02725",1.94047631271723e-141,1.08820819203001,0.917,0.087,3.986320489215e-137
"AT3G07880",1.97415872111153e-141,0.869904645007224,0.843,0.051,4.05551426077941e-137
"AT4G00585",2.31679045034271e-141,1.48755785877142,0.811,0.036,4.75938262213903e-137
"AT5G66090",2.44005453770093e-141,1.79085846339792,0.795,0.03,5.01260403679902e-137
"AT4G35100",2.62220996673666e-141,2.20556613008008,0.801,0.032,5.38680593466712e-137
"AT5G45750",3.10940105815819e-141,1.14889595770023,0.909,0.085,6.38764259377437e-137
"AT2G48070",3.1158694963327e-141,1.04952079218053,0.876,0.068,6.40093070631627e-137
"AT3G62840",3.36053051794375e-141,1.86779449711185,0.796,0.03,6.90353784301184e-137
"AT3G10850",3.40256909660397e-141,1.00338654692727,0.92,0.089,6.98989769515354e-137
"AT1G01100",3.74599421048968e-141,1.70504051183643,0.979,0.135,7.69539590660894e-137
"AT1G32990",5.56294329667395e-141,1.85317154761633,0.979,0.131,1.14279544143573e-136
"AT3G61440",5.71926490201527e-141,1.15759737163798,0.918,0.087,1.174908588821e-136
"AT4G03280",5.72045408983936e-141,1.49499177032716,0.999,0.537,1.1751528836757e-136
"AT1G72370",7.92981204055565e-141,1.59001230851998,0.961,0.123,1.62902128749135e-136
"AT4G32590",7.97923390503039e-141,1.04995959241249,0.921,0.091,1.63917402111039e-136
"AT1G53170",1.02292645239368e-140,2.10509889575441,0.921,0.106,2.10139781115233e-136
"AT3G56490",1.06856685701098e-140,1.26259789031536,0.846,0.053,2.19515689435765e-136
"AT4G34190",1.13430019186596e-140,1.24978771872929,0.949,0.104,2.33019288415025e-136
"AT5G03850",1.18010729391433e-140,1.12043273773516,0.921,0.089,2.4242944138882e-136
"AT1G01820",1.21883948796338e-140,0.9694639276959,0.823,0.042,2.50386196012318e-136
"AT5G67590",1.41428512265429e-140,1.49390272793881,0.814,0.04,2.90536592746871e-136
"AT1G12900",1.45626560039072e-140,2.08638677829328,0.995,0.218,2.99160642288265e-136
"AT4G17560",1.48819328991265e-140,1.20864956827231,0.85,0.057,3.05719547546756e-136
"AT1G13060",1.53822488823581e-140,0.843007288702134,0.891,0.074,3.15997538790282e-136
"AT2G47690",1.65128510328358e-140,1.2670990396145,0.818,0.04,3.39223498767546e-136
"AT4G39200",1.92630695512324e-140,1.97644698050113,0.991,0.201,3.95721237790967e-136
"AT1G01140",2.22958614258714e-140,2.0280624696798,0.818,0.042,4.58023881271676e-136
"AT3G46600",2.30757707670938e-140,1.73984851856604,0.799,0.034,4.74045558868408e-136
"AT1G76080",2.4070132535512e-140,1.27203115945292,0.931,0.095,4.94472732677024e-136
"AT1G34000",2.50066831622327e-140,1.2633071871317,0.962,0.11,5.13712292201746e-136
"AT5G01650",2.57705194367685e-140,0.959041668983212,0.886,0.072,5.29403780789535e-136
"AT1G58290",2.63496579906279e-140,1.74495851008638,0.897,0.085,5.41301024101469e-136
"AT3G10060",2.70618144788999e-140,0.771851690365234,0.858,0.059,5.55930854840042e-136
"AT2G47060",2.95936775019723e-140,1.34796725494291,0.892,0.078,6.07942916923017e-136
"AT5G14970",2.98083997176134e-140,1.36758581701112,0.812,0.04,6.12353955398933e-136
"AT4G00100",3.00159952171284e-140,1.65706776729558,0.982,0.135,6.16618589745469e-136
"AT1G51650",4.02932373572404e-140,0.741337207475791,0.92,0.087,8.27743975029789e-136
"AT3G60245",4.29680510338237e-140,1.70591439079132,0.977,0.133,8.8269267238784e-136
"AT4G16720",4.90257226348666e-140,1.51180870491845,0.944,0.108,1.00713542008806e-135
"AT1G54780",6.1855656351528e-140,1.59465390616049,0.986,0.148,1.27070074842944e-135
"AT5G20290",7.16421297804655e-140,1.80425652974731,0.988,0.163,1.4717442720801e-135
"AT5G28750",8.50501193882426e-140,1.08013778891578,0.86,0.063,1.74718460259267e-135
"AT5G16710",9.16726659146223e-140,1.18230258699837,0.953,0.108,1.88323157588409e-135
"AT5G07020",9.60987977474461e-140,1.59740754604348,0.971,0.125,1.97415760212579e-135
"AT3G63540",9.73960758887115e-140,1.27393387273368,0.969,0.118,2.0008075869818e-135
"AT2G26900",1.43293074907989e-139,1.44480999573638,0.855,0.061,2.94366963783482e-135
"AT4G25370",1.46815428061163e-139,1.10554535254676,0.912,0.087,3.01602933866046e-135
"AT2G05990",1.55027175843057e-139,2.05325354501985,0.784,0.027,3.18472327334392e-135
"AT1G13270",1.63271079665823e-139,1.26835123297826,0.824,0.044,3.354077789575e-135
"AT1G21720",1.67396289195931e-139,1.23869388935689,0.809,0.038,3.43882196895201e-135
"AT1G24050",1.83415376257124e-139,1.26500856821986,0.836,0.051,3.76790207445011e-135
"AT1G07770",1.96265538971111e-139,1.40760292790178,0.974,0.125,4.03188296708353e-135
"AT2G29180",2.18090633377079e-139,2.0569392391585,0.779,0.025,4.48023588146534e-135
"AT5G11070",2.21518561652498e-139,2.45473378101105,0.819,0.047,4.55065581202727e-135
"AT1G75460",2.2155250187577e-139,1.39610956393136,0.81,0.04,4.55135304603395e-135
"AT1G67430",2.22855739855997e-139,1.7673294008265,0.976,0.142,4.57812546386175e-135
"AT4G23400",2.62914666445354e-139,1.97255501408321,0.887,0.082,5.4010559927869e-135
"AT1G55490",2.75860861760482e-139,1.72603318768709,0.831,0.051,5.66700968314559e-135
"AT2G32090",2.78512951365702e-139,1.51058972019088,0.8,0.034,5.72149155990561e-135
"AT1G21770",3.12022002711072e-139,1.18205642961609,0.889,0.076,6.40986800169355e-135
"AT1G56500",3.36705301166767e-139,1.19363078101531,0.828,0.047,6.9169370018689e-135
"AT3G46430",3.3866977130946e-139,1.16358715762739,0.818,0.042,6.95729311201024e-135
"AT1G02140",3.38825697785818e-139,2.7285426210728,0.754,0.013,6.96049630961405e-135
"AT2G21250",3.61574678218808e-139,0.768221256399436,0.855,0.061,7.42782861464896e-135
"AT2G46600",4.46486521667066e-139,1.84424962954246,0.859,0.068,9.17217261460654e-135
"AT3G48520",6.15331492371395e-139,-4.87623006800084,0.69,0.856,1.26407548477856e-134
"AT1G15930",6.41611704473092e-139,1.47258748558706,0.971,0.125,1.31806292449907e-134
"AT5G18800",6.53261130432445e-139,1.40144622258769,0.831,0.049,1.34199434024737e-134
"AT2G21290",7.30357863385106e-139,0.784092617142345,0.885,0.074,1.50037415875202e-134
"AT2G26740",7.50879231950748e-139,1.51646850639347,0.843,0.057,1.54253120619642e-134
"AT2G34480",8.59497085810715e-139,1.62330607980006,0.982,0.137,1.76566486338095e-134
"AT1G27450",1.36890489970925e-138,1.05305878063293,0.908,0.085,2.8121413354727e-134
"AT3G18050",1.4447592180859e-138,1.48209536130659,0.806,0.038,2.96796886171387e-134
"AT3G55750",1.4472113399147e-138,1.43742889602631,0.816,0.042,2.97300625558677e-134
"AT2G36460",1.45409340299867e-138,1.43473175350166,0.828,0.051,2.98714407778016e-134
"AT5G51020",1.53522233373033e-138,1.37662384633619,0.82,0.044,3.15380724018223e-134
"AT3G50060",1.62769757411767e-138,2.39671584286439,0.787,0.032,3.34377912650994e-134
"AT3G18410",1.65613748288929e-138,1.0422783050411,0.829,0.049,3.40220323109947e-134
"AT3G49910",1.72521205256971e-138,0.865444033091715,0.925,0.093,3.54410311959396e-134
"AT5G16660",1.94353034613897e-138,0.86190332647171,0.947,0.106,3.9925943900733e-134
"AT2G20570",3.05946104726091e-138,1.4821052247206,0.786,0.03,6.28505082938809e-134
"AT4G02620",3.07603938567418e-138,0.838659107981798,0.86,0.063,6.31910770999047e-134
"AT1G67785",3.08118895799521e-138,0.728799231302426,0.936,0.099,6.32968647640957e-134
"AT5G47890",3.24546975423086e-138,0.862615384347548,0.935,0.097,6.66716851611647e-134
"AT2G40205",3.61586869354101e-138,1.59658764161898,0.778,0.025,7.4280790571413e-134
"AT5G09810",4.16697057778802e-138,0.764012132604286,0.875,0.072,8.56020765794993e-134
"AT1G07050",5.02122065820488e-138,3.3961172047183,0.745,0.011,1.03150935981503e-133
"AT1G63970",5.41623031820728e-138,1.03899922967054,0.838,0.055,1.11265619426932e-133
"AT1G50320",5.8172568841554e-138,1.39890034717443,0.975,0.125,1.19503908171204e-133
"AT3G58500",7.92941130017871e-138,0.908311835365504,0.827,0.049,1.62893896339571e-133
"AT1G56200",8.14805185162183e-138,1.60128296788643,0.983,0.142,1.67385429187867e-133
"AT4G01310",9.43884490618989e-138,1.69710944703955,0.98,0.148,1.93902190907859e-133
"AT5G35360",1.14110962451784e-137,1.48115586556419,0.825,0.051,2.34418150164701e-133
"AT1G43670",1.27545765024504e-137,0.785030494680114,0.887,0.076,2.62017265089838e-133
"AT2G20860",1.55083188691839e-137,0.795985557355906,0.922,0.095,3.18587394529644e-133
"AT3G22600",1.72007600671894e-137,-8.79865978157095,0.095,0.573,3.53355214060272e-133
"AT2G46100",1.9366623684248e-137,1.20470082304676,0.816,0.047,3.97848550345507e-133
"AT5G15200",2.37192399362425e-137,2.001975025015,0.987,0.218,4.87264346010229e-133
"AT2G44920",2.39277278048242e-137,0.76709492527335,0.897,0.08,4.91547312294503e-133
"AT3G02790",2.62731280712741e-137,2.36387362915723,0.777,0.027,5.39728869968183e-133
"AT1G74920",2.65436969035581e-137,0.723361270041723,0.932,0.099,5.45287165489794e-133
"AT4G33520",3.27552965137596e-137,1.828026623188,0.786,0.032,6.72892056282163e-133
"AT3G12780",3.65378463885123e-137,1.72720618751078,0.996,0.389,7.50596978359209e-133
"AT5G13450",5.04538276656478e-137,0.893416072020495,0.871,0.07,1.0364729817354e-132
"AT4G15545",5.61797397837293e-137,0.652206649334943,0.906,0.087,1.15410039437715e-132
"AT1G48350",6.52474554799006e-137,1.96150070476239,0.992,0.197,1.3403784779236e-132
"AT3G54900",6.52930678945902e-137,2.40980029019932,0.761,0.021,1.34131549375857e-132
"AT1G14320",8.09035313592671e-137,1.65335833932463,0.958,0.125,1.66200124471342e-132
"AT2G39000",1.06851764891053e-136,0.770369009456381,0.898,0.085,2.19505580615689e-132
"AT5G03940",1.09658376338281e-136,1.03027909782526,0.851,0.061,2.25271202511731e-132
"AT3G15850",1.29740660994812e-136,1.30212720254059,0.837,0.055,2.66526239881642e-132
"AT4G10480",1.34489125701458e-136,2.24173408891546,0.772,0.025,2.76281010928505e-132
"AT5G08540",2.03722272441533e-136,1.70856955396879,0.769,0.025,4.18506664276641e-132
"AT3G26070",2.05380968543886e-136,1.08554958908905,0.953,0.11,4.21914123679704e-132
"AT2G27680",2.1411620104386e-136,1.14201629290372,0.961,0.118,4.39858911804401e-132
"AT1G72610",2.20370462640939e-136,1.46377785726333,1,0.632,4.52707041403281e-132
"AT2G25210",2.76089165243788e-136,1.51872787156343,0.794,0.036,5.67169972160313e-132
"AT5G57930",3.06096551998356e-136,1.90957097228143,0.781,0.03,6.28814146770223e-132
"AT1G68660",3.55931118057951e-136,0.847081727997758,0.868,0.072,7.31189295826449e-132
"AT1G32550",4.51201697018523e-136,0.996722869801647,0.845,0.061,9.26903646185152e-132
"AT3G08520",4.93127540823396e-136,2.23763763850834,0.757,0.019,1.0130319071135e-131
"AT4G29905",5.83353817077663e-136,2.68988626136704,0.767,0.025,1.19838374642264e-131
"AT3G16250",6.19148913713693e-136,1.40640919056553,0.794,0.036,1.27191761344204e-131
"AT3G51510",6.6849266617824e-136,1.60182526644169,0.975,0.133,1.37328448412996e-131
"AT5G20090",1.01766109766559e-135,0.744140502044491,0.848,0.061,2.09058119293441e-131
"AT1G45474",1.13701544136966e-135,1.52151050825462,0.969,0.137,2.33577082120569e-131
"AT5G24610",1.65968769781573e-135,1.11981213013733,0.917,0.097,3.40949643762286e-131
"AT3G03070",1.73061903036041e-135,0.960741711940479,0.959,0.114,3.5552106740694e-131
"AT4G10030",1.81591520025339e-135,1.89803578726041,0.764,0.023,3.73043459588054e-131
"AT4G16450",1.86773804735438e-135,0.67886493346348,0.895,0.085,3.8368942706801e-131
"AT5G08280",2.09897065646411e-135,1.09219916274088,0.878,0.078,4.31191541957422e-131
"AT1G77490",2.31714030264754e-135,1.21381226589627,0.823,0.051,4.76010132372883e-131
"AT5G10360",2.3831170863116e-135,1.05946263790159,0.949,0.11,4.89563743040992e-131
"AT2G43010",3.00150380667839e-135,1.41432195371447,0.804,0.042,6.16598927005943e-131
"AT4G37300",3.58031947405224e-135,0.888241743702247,0.922,0.097,7.35505029554551e-131
"AT4G15802",4.07410221915218e-135,0.63116432734192,0.911,0.093,8.36942818880433e-131
"AT1G75690",4.19633566861388e-135,1.7463373743141,0.985,0.146,8.62053236403349e-131
"AT1G56220",4.34658321745321e-135,1.85310604119278,0.988,0.15,8.92918590361412e-131
"AT3G04400",4.61102762034585e-135,1.89787895765175,0.985,0.171,9.47243404047648e-131
"AT1G20696",4.98820693216868e-135,0.882462160287785,0.845,0.061,1.02472735007541e-130
"AT2G16930",6.32629857766421e-135,2.01390718798169,0.781,0.032,1.29961151680956e-130
"AT5G48810",7.00439673633123e-135,0.991254582866526,0.957,0.118,1.43891322154453e-130
"AT3G61870",7.68076186004127e-135,0.85044419959061,0.915,0.093,1.57785890890828e-130
"AT1G30230",7.87588496123489e-135,1.93328076349961,0.993,0.207,1.61794304758648e-130
"AT5G17710",8.69298537238114e-135,0.976168275298853,0.858,0.07,1.78579998504826e-130
"AT5G63670",9.56604714889176e-135,1.16817292624481,0.804,0.042,1.96515306579684e-130
"AT1G22700",1.21643877151801e-134,0.830070352641035,0.845,0.061,2.49893016832945e-130
"AT2G45660",1.40346588417635e-134,1.54576544591911,0.757,0.021,2.88313996586349e-130
"AT5G48335",1.7538916023925e-134,1.39015773402374,0.771,0.027,3.60301951879491e-130
"AT3G55250",2.2263864528603e-134,1.29852591246876,0.779,0.032,4.57366569011091e-130
"AT5G54680",2.29785647609476e-134,0.769074481555596,0.833,0.057,4.72048655884147e-130
"AT1G11860",2.57694863532586e-134,1.71996665590478,0.978,0.152,5.29382558154992e-130
"AT5G52960",3.09371273061446e-134,1.7465410446559,0.766,0.027,6.35541406250129e-130
"AT5G18380",3.31696600133104e-134,1.69164968752124,0.984,0.144,6.81404325653435e-130
"PDH-E1 ALPHA",3.48751618657754e-134,0.764607669941891,0.898,0.087,7.16440450208625e-130
"AT4G34350",3.80952536788429e-134,1.37867064145395,0.972,0.135,7.82590796324469e-130
"AT5G43750",4.01362770940603e-134,1.03830238558916,0.865,0.072,8.24519540343281e-130
"AT3G51880",4.10566691389184e-134,1.01985584346244,0.836,0.059,8.43427154120801e-130
"AT5G48790",4.65166538632154e-134,1.0528464097503,0.792,0.038,9.55591620312033e-130
"AT4G34265",4.70226772959931e-134,1.1578585403718,0.801,0.042,9.65986859691587e-130
"AT1G10590",5.64794664213615e-134,0.818584202187984,0.925,0.101,1.16025767869403e-129
"AT2G40060",6.76717035021755e-134,0.596259528873365,0.881,0.08,1.39017980504519e-129
"AT5G52920",7.17668484354706e-134,1.24989254459127,0.816,0.051,1.47430636740987e-129
"AT1G20260",7.39212947735379e-134,1.31675018201859,0.779,0.034,1.51856515853279e-129
"AT1G69620",8.49347648965004e-134,1.63138843219103,0.992,0.161,1.74481487526881e-129
"AT5G47840",9.08847458621204e-134,1.04031155362259,0.944,0.114,1.86704533424554e-129
"AT1G65290",1.02746936935624e-133,1.04115441517694,0.829,0.057,2.11073032546853e-129
"AT5G14910",1.11423658373083e-133,1.1177503101968,0.964,0.121,2.28897621395824e-129
"AT1G06200",1.35949083926951e-133,0.707251261749444,0.831,0.057,2.79280203111136e-129
"AT1G53320",1.54200306328408e-133,0.973310503097428,0.847,0.066,3.16773689290448e-129
"AT4G02840",1.60360735478049e-133,2.38884685122226,0.749,0.019,3.29429058892556e-129
"AT5G35590",1.90098969207023e-133,1.14919657073762,0.831,0.057,3.90520312441988e-129
"AT2G21870",2.13854868919177e-133,0.62811123812459,0.867,0.074,4.39322057220664e-129
"AT5G52470",2.47467028342086e-133,1.50974747104247,0.812,0.049,5.08371516323147e-129
"AT3G55520",2.51035053533999e-133,1.37926431254747,0.762,0.025,5.15701310474894e-129
"AT5G14240",2.57792460793539e-133,1.81483181814115,0.782,0.036,5.29583052208168e-129
"AT3G09860",2.85651476110617e-133,0.970311450542432,0.816,0.051,5.8681382737404e-129
"AT5G20570",3.04959422589805e-133,0.8912154147216,0.899,0.089,6.26478141826237e-129
"AT5G51400",3.32577663492718e-133,1.24927410104481,0.821,0.053,6.8321429411309e-129
"AT4G13010",3.56998183656221e-133,0.865429068392103,0.91,0.097,7.33381368684974e-129
"AT4G11010",4.59274096002394e-133,0.9682311836483,0.878,0.078,9.43486775417719e-129
"AT3G45640",5.23671460300607e-133,1.03373316030863,0.877,0.08,1.07577828089554e-128
"AT5G11500",5.39560245896664e-133,0.869658307113183,0.867,0.076,1.10841861314552e-128
"AT5G65220",5.42995643807231e-133,1.81630185946793,0.99,0.182,1.11547595107319e-128
"AT1G12250",6.4567589031906e-133,0.913799898868062,0.812,0.049,1.32641198148245e-128
"AT1G75330",6.4816449387906e-133,2.36187270585049,0.754,0.023,1.33152431977575e-128
"AT1G80600",7.5187386895278e-133,1.76025437975959,0.784,0.038,1.54457448898969e-128
"AT1G18740",7.94067591634684e-133,2.03669777404379,0.984,0.395,1.63125305349513e-128
"AT5G46020",8.32312750142585e-133,0.937816606495488,0.969,0.125,1.70982008261791e-128
"AT5G65430",9.09016507520284e-133,1.2428020191683,0.969,0.129,1.86739261139892e-128
"AT5G57815",1.14930403657859e-132,0.886859285385111,0.852,0.07,2.3610152823434e-128
"AT2G33450",1.3087145519283e-132,1.62457263211858,0.98,0.15,2.6884923040263e-128
"AT4G12800",1.36400013558944e-132,1.1025101465747,1,0.808,2.80206547854139e-128
"AT5G57040",1.87303755484879e-132,1.20980608385711,0.939,0.116,3.84778104892587e-128
"AT4G35570",2.17866127565078e-132,1.8153927524724,0.755,0.025,4.47562385856939e-128
"AT5G35530",2.84248926508282e-132,2.05704774414208,0.747,0.021,5.83932569725964e-128
"AT4G33640",2.98657787930197e-132,0.661065867180839,0.88,0.082,6.13532693745005e-128
"AT4G39460",3.19377368173089e-132,1.35003386946445,0.782,0.038,6.56096927437976e-128
"AT1G69740",4.33078022964868e-132,0.942915189477647,0.92,0.104,8.89672182576728e-128
"PDH-E1 BETA",4.60571450823624e-132,0.952094271228976,0.841,0.066,9.46151931426971e-128
"AT3G60210",4.76703743417237e-132,1.26760727267283,0.777,0.036,9.7929250010203e-128
"AT4G18370",5.36754003877162e-132,2.49675198480987,0.74,0.019,1.10265375016485e-127
"AT2G36895",5.53023754832196e-132,1.14341189557598,0.813,0.053,1.13607669955178e-127
"AT1G02780",5.7371555811263e-132,1.86107272255614,0.989,0.192,1.17858387103078e-127
"AT1G67740",6.37468255892952e-132,1.29190878066292,0.964,0.125,1.30955103808089e-127
"AT4G02230",6.63558404867576e-132,0.704810127039087,0.896,0.089,1.36314803111946e-127
"AT4G38800",7.24582306120613e-132,0.897706292178451,0.843,0.066,1.48850943146357e-127
"AT1G52720",8.2240501462058e-132,1.73569448224165,0.813,0.055,1.68946662153506e-127
"AT3G53580",8.64541013618895e-132,1.32190254046095,0.782,0.038,1.7760266042773e-127
"AT1G08480",9.65868798343706e-132,0.956925818207032,0.856,0.072,1.98418427243747e-127
"AT1G27695",1.02204456146027e-131,1.32343346591654,0.769,0.032,2.09958614260782e-127
"AT4G01940",1.10488242155116e-131,0.676737285272208,0.904,0.095,2.26975995859255e-127
"AT4G13940",1.12705230746833e-131,1.65841360618079,0.986,0.161,2.31530355523219e-127
"AT5G55710",1.31888172924692e-131,1.79028152697814,0.779,0.036,2.70937873639196e-127
"AT5G08060",1.42606271854495e-131,0.689872108874059,0.926,0.104,2.92956064270688e-127
"AT3G50800",1.84063241018699e-131,3.6549205635734,0.715,0.006,3.78121116024714e-127
"AT2G27720",2.19975628053831e-131,1.60652024989794,0.984,0.154,4.51895932710985e-127
"AT5G11480",2.29024811371169e-131,1.48224884251604,0.752,0.025,4.70485669999792e-127
"AT1G70760",2.45666078857616e-131,1.42423303031504,0.954,0.129,5.04671825797201e-127
"AT1G76860",2.68531563237792e-131,1.83217227223946,0.767,0.032,5.51644390359396e-127
"AT2G37410",2.7470369556149e-131,0.757219579080589,0.858,0.074,5.64323801791969e-127
"AT5G19760",2.76288809413573e-131,1.12971881919198,0.964,0.127,5.67580101178303e-127
"AT4G31530",3.74908105810168e-131,0.935131204355309,0.836,0.063,7.70173721765827e-127
"AT3G29185",3.87821919197811e-131,1.92927932075988,0.759,0.027,7.96702568608063e-127
"AT2G46540",5.12646715335009e-131,0.672531735344811,0.845,0.068,1.05313014731271e-126
"AT1G08200",6.01037305122007e-131,1.08901742594396,0.835,0.063,1.23471093591214e-126
"AT2G26340",7.7225451883827e-131,0.6693701304087,0.905,0.095,1.58644245804946e-126
"AT5G01010",9.41302434031839e-131,1.30735643874355,0.781,0.04,1.93371759023161e-126
"AT1G74880",1.02277540625315e-130,1.20032334099445,0.945,0.118,2.10108751706585e-126
"AT3G03100",1.2225681785804e-130,0.639034715125402,0.901,0.093,2.51152180925772e-126
"AT4G36130",1.24858028232406e-130,1.86022355901513,0.771,0.034,2.56495847397833e-126
"AT4G38160",1.27377492551245e-130,2.75408004524992,0.718,0.011,2.61671582948022e-126
"AT5G02160",1.37287064944609e-130,1.44962682878679,0.982,0.146,2.8202881751571e-126
"AT5G58110",1.44667917557639e-130,1.20975069187674,0.788,0.042,2.97191303038658e-126
"AT3G17930",1.6145636900077e-130,0.885937174366067,0.85,0.072,3.31679818838282e-126
"AT3G50820",1.74348891899859e-130,1.07788926527353,0.947,0.118,3.5816492862988e-126
"AT3G01520",2.02736267858786e-130,1.33449553256876,0.977,0.137,4.16481115062303e-126
"AT4G34050",2.18422108147617e-130,0.934889046087888,0.893,0.093,4.48704536767649e-126
"AT1G27530",2.29911619232587e-130,0.797360416002255,0.813,0.053,4.72307439389504e-126
"AT2G34470",2.53548998274621e-130,1.38248522946224,0.783,0.04,5.20865707155554e-126
"AT1G21500",3.08757876002882e-130,1.62601304388926,0.996,0.353,6.34281304672721e-126
"AT1G71500",3.17683609074848e-130,1.51221921989416,0.986,0.165,6.5261743812246e-126
"AT5G27560",4.22018895146213e-130,1.18848648507036,0.784,0.04,8.66953416298865e-126
"AT5G54540",4.24739012183123e-130,1.2206583238394,0.804,0.051,8.72541352727789e-126
"AT2G04390",5.01433637971836e-130,0.984167677008604,0.774,0.036,1.03009512248554e-125
"AT3G16140",5.76515707984994e-130,1.52691770552273,0.999,0.429,1.18433621891357e-125
"AT5G40950",7.38037464863823e-130,1.5129859680074,0.973,0.154,1.51615036406975e-125
"AT5G04800",8.11340155121771e-130,2.44770268270045,0.75,0.025,1.66673608066665e-125
"AT3G48420",9.04505373803034e-130,0.835237482958997,0.821,0.059,1.85812538940357e-125
"AT5G14740",1.12974865240662e-129,1.83154942994783,0.997,0.362,2.32084265663893e-125
"AT1G53670",1.21315715659271e-129,0.851895875292096,0.828,0.061,2.49218874678841e-125
"AT2G36835",2.28919356500594e-129,0.839831275720962,0.8,0.051,4.7026903405917e-125
"AT1G14450",2.32720353416946e-129,0.774250658558656,0.836,0.066,4.78077422024432e-125
"AT2G24550",2.43227859509811e-129,1.76762745514324,0.955,0.161,4.99662991791004e-125
"AT5G59880",2.66242853898736e-129,0.873878038427526,0.957,0.123,5.46942694764174e-125
"AT2G38140",3.01566386444873e-129,1.81302620987511,0.994,0.197,6.19507827673703e-125
"AT4G34881",3.51179533285248e-129,0.399483843988787,0.917,0.106,7.21428115227886e-125
"AT2G15890",4.79538913530592e-129,1.51441988178416,0.971,0.146,9.85116790065896e-125
"AT1G55675",4.85843256057215e-129,1.30912736514656,0.766,0.034,9.98067800918338e-125
"AT1G56045",5.12581823795282e-129,1.29970674012753,0.762,0.032,1.05299684062265e-124
"AT1G43560",5.13123067897256e-129,0.776601934247296,0.87,0.082,1.05410871838133e-124
"AT3G18780",5.77797325097131e-129,0.928541663559524,0.952,0.125,1.18696904494704e-124
"AT2G26240",6.25166034817785e-129,1.16101987351464,0.767,0.036,1.28427858532618e-124
"AT1G35680",7.8666615639089e-129,1.78574165174062,0.991,0.19,1.61604828507381e-124
"AT3G49560",9.02787888533585e-129,1.35749833475133,0.76,0.032,1.85459715941454e-124
"AT3G23490",9.90991688107553e-129,0.774766944186877,0.964,0.127,2.03579422487935e-124
"AT1G16840",1.09917816385943e-128,0.565094578994565,0.823,0.061,2.25804170201644e-124
"AT2G42590",1.21623437417741e-128,0.79061898507636,0.962,0.127,2.49851027487266e-124
"AT1G08550",1.24315797742693e-128,1.28452730474894,0.823,0.063,2.55381943302813e-124
"AT1G73885",1.2603015774767e-128,1.60816830732995,0.988,0.165,2.58903753061039e-124
"AT1G27310",1.27878347507918e-128,0.91584392531984,0.824,0.061,2.62700489285517e-124
"AT3G47370",1.31251610655053e-128,1.21345393696285,0.783,0.042,2.69630183768674e-124
"AT3G52090",1.34142881406794e-128,1.0555447369066,0.788,0.044,2.75569721273977e-124
"AT3G19900",1.36801383385704e-128,0.973338747155233,0.788,0.044,2.81031081889251e-124
"AT3G09210",1.36877081661354e-128,0.998640023587736,0.765,0.034,2.81186588856919e-124
"AT3G56460",1.4109148321839e-128,1.81211329004674,0.755,0.03,2.89844233975538e-124
"AT2G43090",1.50696073973674e-128,0.777943748119662,0.858,0.078,3.09574944764119e-124
"AT3G01130",1.58212284758384e-128,0.772012526643102,0.792,0.047,3.25015496579149e-124
"AT2G45640",1.88875041639202e-128,0.920488807694824,0.782,0.042,3.88005998039412e-124
"AT5G08290",1.94985399419034e-128,0.638264208828684,0.937,0.114,4.00558506026521e-124
"AT2G30980",2.11363415189865e-128,3.60109719900502,0.715,0.013,4.34203863824541e-124
"AT5G62690",2.39215450000996e-128,1.69470117514398,0.757,0.032,4.91420298937046e-124
"AT1G06640",2.44268692927797e-128,2.39777172488937,0.787,0.049,5.01801175881573e-124
"AT3G42790",2.9856285214575e-128,0.656328746008147,0.89,0.093,6.13337667163015e-124
"AT2G34690",4.08145419306274e-128,1.75028181465776,0.754,0.03,8.38453134880879e-124
"AT3G01280",4.93786782521581e-128,1.43850335835072,0.763,0.034,1.01438618733408e-123
"AT3G11630",5.44808807933784e-128,1.78256229292444,0.99,0.211,1.11920073413837e-123
"AT1G49500",5.50106384995027e-128,1.10770113975755,0.92,0.11,1.13008354669528e-123
"AT2G37660",5.72130824628245e-128,0.584748310293211,0.902,0.101,1.1753283530338e-123
"AT3G14290",6.17456354748194e-128,0.952945458234182,0.781,0.042,1.26844058955922e-123
"AT1G74970",6.63643660894145e-128,1.67553265340709,0.987,0.182,1.36332317257484e-123
"AT4G22240",9.42167352514057e-128,0.839871630523237,0.897,0.097,1.93549439226963e-123
"AT2G21385",1.01707047043104e-127,1.98737475382041,0.735,0.023,2.08936786740649e-123
"AT3G26060",1.02105033527602e-127,1.17271084271439,0.962,0.135,2.09754370375752e-123
"AT3G44260",1.0269796084188e-127,5.56301313962241,0.697,0.004,2.10972420957474e-123
"AT2G04700",1.14074883534154e-127,1.58329710657906,0.985,0.163,2.34344033244213e-123
"AT1G26880",1.28810608190627e-127,1.36346028807064,0.766,0.036,2.64615632406004e-123
"AT5G54600",1.36927669707572e-127,1.67568274375451,0.992,0.188,2.81290511880266e-123
"AT5G15320",1.37088476352951e-127,0.813491099957027,0.808,0.055,2.81620856971867e-123
"AT1G65960",1.3984261173503e-127,0.92648653235922,0.959,0.129,2.87278677287271e-123
"AT5G42650",1.46341445317277e-127,-2.02369704154226,0.989,0.928,3.00629231115283e-123
"AT4G24770",1.46500932634896e-127,1.56528216559965,0.996,0.385,3.00956865911867e-123
"AT1G48300",1.62408194991932e-127,1.16525883705622,0.865,0.082,3.33635154971925e-123
"AT2G28000",1.63449081041443e-127,1.98378175467287,0.754,0.032,3.35773447183436e-123
"AT1G02150",1.72029772875489e-127,2.02678227008739,0.724,0.017,3.53400762418117e-123
"AT2G44620",1.8314914427776e-127,0.804989816132363,0.825,0.063,3.76243287089801e-123
"AT5G38430",2.43045753124589e-127,1.87849502033274,0.984,0.199,4.99288890643843e-123
"AT2G25080",3.17042508671828e-127,1.189421798346,0.966,0.142,6.51300425564536e-123
"AT5G53310",3.19264349186801e-127,0.599182440875282,0.845,0.074,6.55864752534445e-123
"AT4G11150",3.45244425945678e-127,0.712625811938886,0.888,0.093,7.09235624220207e-123
"AT5G38520",3.9285122699104e-127,1.15412342878391,0.796,0.051,8.07034275607694e-123
"AT3G47650",4.04387070391312e-127,1.27770130325796,0.968,0.137,8.30732358704873e-123
"AT1G14345",4.69309400558135e-127,2.88546973955154,0.718,0.015,9.64102301566576e-123
"AT5G06360",4.74957670920479e-127,1.57795246073561,0.75,0.03,9.75705543371941e-123
"AT1G54580",5.02348083892642e-127,1.79735587936729,0.754,0.032,1.03197366874066e-122
"AT1G09590",6.60516464774529e-127,1.14354952251471,0.773,0.04,1.35689897358631e-122
"AT4G27280",8.27184218644963e-127,1.68963695013372,0.979,0.169,1.69928454036235e-122
"AT4G30220",8.35496397989587e-127,1.73306814174965,0.749,0.03,1.71636025039001e-122
"AT3G56130",9.46504309396373e-127,5.06467301095333,0.69,0.002,1.94440380279297e-122
"AT5G47640",1.24123473272554e-126,3.34974747477574,0.698,0.006,2.54986851143808e-122
"AT2G35490",1.58803514852536e-126,1.0035114049935,0.782,0.047,3.26230060561564e-122
"AT1G20810",1.61498083520215e-126,1.08553540924806,0.753,0.032,3.31765512975578e-122
"AT5G42790",1.6901514873322e-126,0.924604304322829,0.821,0.063,3.47207820042654e-122
"AT2G29400",1.71164233056316e-126,1.17604885490912,0.816,0.061,3.51622683967589e-122
"AT3G52180",2.10277989418467e-126,0.701912270724191,0.803,0.055,4.31974073662356e-122
"AT5G40500",2.40312022516786e-126,1.40103323462048,0.766,0.038,4.93672987856234e-122
"AT4G21960",2.4551973061965e-126,1.83169246073192,0.994,0.302,5.04371182611947e-122
"AT1G21600",2.51178326375092e-126,1.68464885999507,0.74,0.027,5.15995635872351e-122
"AT1G62040",2.5830964999603e-126,0.814224826092481,0.794,0.051,5.30645513986844e-122
"AT4G30010",2.85064301455256e-126,0.797933159568904,0.89,0.097,5.85607594479532e-122
"AT5G44340",2.91797993513767e-126,0.659076694990725,0.882,0.093,5.99440618075331e-122
"AT4G09320",3.20346745519392e-126,1.47291370469582,0.976,0.156,6.58088319320487e-122
"AT1G06040",3.27940744369138e-126,0.948730812609569,0.786,0.049,6.73688671157521e-122
"AT5G24165",3.46972029792974e-126,0.52764456345651,0.89,0.095,7.12784640803706e-122
"AT5G46030",3.5905556439936e-126,0.474674353532003,0.852,0.078,7.37607845945605e-122
"AT3G56910",5.41954710561174e-126,1.78766354728359,0.996,0.247,1.11333756190582e-121
"AT4G29480",5.73717832621263e-126,1.18093016099177,0.774,0.042,1.17858854355386e-121
"AT2G45990",6.23770158653827e-126,1.55848470872076,0.754,0.034,1.28141103692256e-121
"AT1G27385",6.70894745698857e-126,1.28656481352549,0.759,0.036,1.37821907608916e-121
"AT4G13500",7.68699223178793e-126,1.00132934659598,0.779,0.044,1.57913881417619e-121
"AT1G33970",7.72718380480108e-126,1.46534772102403,0.746,0.03,1.58739536902029e-121
"AT2G43510",8.37814294656533e-126,-6.86878166021998,0.286,0.715,1.72112190551292e-121
"AT5G02870",9.74184291070389e-126,0.726990632172656,0.819,0.063,2.0012667891459e-121
"AT3G12390",9.94997469247348e-126,1.75226162062375,0.755,0.034,2.04402330107483e-121
"AT4G30660",1.03503162616681e-125,1.24356830648049,0.974,0.156,2.12626546963449e-121
"AT5G66052",1.20172168263559e-125,0.868819532534053,0.887,0.097,2.4686968526383e-121
"AT4G28660",1.2994181662157e-125,1.24383964411122,0.794,0.053,2.66939473885691e-121
"AT4G09040",1.46739829099527e-125,1.7992875627003,0.727,0.021,3.01447630919158e-121
"AT3G01910",1.72053568989445e-125,0.733417003146663,0.833,0.07,3.53449646775017e-121
"AT2G30410",1.85353692508503e-125,0.681761837118558,0.801,0.055,3.80772090520218e-121
"AT3G28710",1.94996413170772e-125,1.29785821292801,0.753,0.034,4.00581131576717e-121
"AT3G02780",2.40698277018384e-125,0.652371711158239,0.791,0.053,4.94466470478867e-121
"AT1G14250",2.58544864506313e-125,3.67856239259371,0.711,0.017,5.3112871515532e-121
"AT2G33040",2.63606947594604e-125,0.883571347740554,0.836,0.072,5.41527752443596e-121
"AT4G25050",2.94936345071763e-125,1.48565686107693,0.972,0.156,6.05887733680923e-121
"AT1G50740",3.29476366987849e-125,-2.96948557298836,0.946,0.867,6.76843300703137e-121
"AT2G46490",3.38748444991203e-125,0.941911510029177,0.954,0.131,6.95890930545428e-121
"AT5G17670",3.89384530121847e-125,2.06546317621938,0.716,0.017,7.9991264022931e-121
"AT1G12440",4.78820665099562e-125,0.658896595420013,0.887,0.097,9.83641292314029e-121
"AT2G43945",5.03405451113733e-125,1.66326857099523,0.739,0.027,1.03414581822294e-120
"AT1G67280",6.24790811800362e-125,0.558416249188632,0.92,0.112,1.28350776468148e-120
"AT5G24490",6.32163202743829e-125,1.47254228103441,0.999,0.457,1.29865286739665e-120
"AT2G38230",6.54379197636743e-125,0.578142728056761,0.935,0.121,1.34429118570516e-120
"AT5G50200",6.78860164728826e-125,-6.59935895912236,0.097,0.545,1.39458243640243e-120
"AT5G08670",7.17529023487535e-125,1.01508726350271,0.792,0.053,1.47401987295044e-120
"AT3G44010",7.73614769549651e-125,0.707162851586033,0.816,0.063,1.58923682108585e-120
"AT2G21330",1.19246395016682e-124,1.50832327099125,0.963,0.15,2.4496786928277e-120
"AT1G76730",1.21288755315311e-124,0.738834749323623,0.782,0.049,2.49163490044244e-120
"AT5G08590",1.37379679741599e-124,1.11034017594196,0.747,0.032,2.82219076093167e-120
"AT3G27830",1.62928056622681e-124,1.19745431961016,0.953,0.14,3.34703106719973e-120
"AT1G50732",1.89000243333082e-124,2.72341899907142,0.705,0.013,3.8826319987915e-120
"AT5G14800",1.94043988960093e-124,1.65597818976222,0.746,0.032,3.98624566520719e-120
"AT2G36530",1.97255350204212e-124,1.32262194940243,0.799,0.057,4.05221665924513e-120
"AT4G32470",2.62243612256548e-124,1.02317675786847,0.971,0.144,5.38727052658626e-120
"AT1G72020",3.14270295007704e-124,0.682579516924276,0.796,0.055,6.45605467034325e-120
"AT1G16720",3.37823476115045e-124,0.66538711963496,0.774,0.047,6.93990766983136e-120
"AT4G27130",3.79100806914601e-124,0.987841396039936,0.976,0.146,7.78786787644664e-120
"AT3G05760",3.94628935272569e-124,1.74203521469486,0.752,0.036,8.10686221730439e-120
"AT1G13930",4.57808423451745e-124,1.83195699751812,0.992,0.372,9.4047584429692e-120
"AT5G26880",4.93891887484764e-124,1.02948510564108,0.748,0.034,1.01460210445995e-119
"AT4G30620",5.67731758599723e-124,2.82656526777626,0.692,0.008,1.16629135169141e-119
"AT1G33140",5.97114336864844e-124,1.40610026615073,0.982,0.167,1.22665198222145e-119
"AT5G16470",6.60611326260264e-124,0.518942925560015,0.913,0.11,1.35709384753646e-119
"AT5G24930",6.88647445344022e-124,1.78708313538961,0.742,0.032,1.41468844697023e-119
"AT3G08580",7.06007904322905e-124,1.26476797361741,0.973,0.152,1.45035203785054e-119
"AT4G30950",7.0622338386214e-124,1.15596095841662,0.967,0.146,1.45079469746799e-119
"AT3G25610",7.42820800909087e-124,-7.34683255385067,0.068,0.499,1.52597677130754e-119
"AT4G15560",9.75367598154205e-124,0.692729634596776,0.889,0.101,2.00369765688818e-119
"AT2G33510",1.16932381183487e-123,1.28758571693857,0.762,0.042,2.40214190665236e-119
"AT3G22110",1.21539770155588e-123,0.573912487944992,0.803,0.059,2.49679149830624e-119
"AT3G06483",1.25191617242561e-123,1.58763499646045,0.73,0.027,2.57181139301394e-119
"AT3G24830",1.46486419102709e-123,1.04527564081174,0.957,0.133,3.00927050762694e-119
"AT4G38490",1.50129040060442e-123,1.50031735214742,0.749,0.036,3.08410086996165e-119
"AT3G15520",1.53510075574595e-123,1.62401807278617,0.724,0.023,3.15355748252891e-119
"AT3G01690",1.55029654167965e-123,1.66229314726838,0.715,0.019,3.18477418557251e-119
"AT2G17880",1.567857569952e-123,1.85850442134009,0.747,0.036,3.2208498059524e-119
"AT1G11530",1.76516625295955e-123,0.636522808172035,0.849,0.08,3.62618103345481e-119
"AT1G22630",1.92446484755497e-123,1.46032060111326,0.742,0.032,3.95342813633218e-119
"AT2G45740",2.1512069672259e-123,0.620855523258764,0.9,0.106,4.41922447277217e-119
"AT5G20900",3.08546731519136e-123,1.35633272616708,0.974,0.159,6.33847550559762e-119
"AT1G15500",3.6861217745968e-123,1.28030325365012,0.749,0.036,7.57239996155421e-119
"AT2G37270",3.98255665163074e-123,1.70559137185883,0.718,0.021,8.18136612944504e-119
"AT3G62790",4.54774809549929e-123,0.873611738492695,0.769,0.044,9.34243891258418e-119
"AT2G05620",4.84800679151068e-123,0.828020946442588,0.951,0.133,9.95926035180039e-119
"AT1G64680",5.25922437365331e-123,0.602180474836865,0.926,0.116,1.0804024630796e-118
"AT1G16890",5.49498790380102e-123,0.592348816491782,0.88,0.095,1.12883536507784e-118
"AT2G47840",5.61848121518044e-123,1.01621021658138,0.752,0.038,1.15420459603452e-118
"AT3G15840",5.78130750114339e-123,1.19502741199097,0.977,0.156,1.18765399995989e-118
"AT5G45490",6.3752719615125e-123,0.839702325609737,0.819,0.068,1.30967211905351e-118
"AT5G13720",6.98349576099184e-123,1.02470842599022,0.764,0.042,1.43461953418055e-118
"GF14 PHI",8.39655014552957e-123,0.702313123548385,0.833,0.076,1.72490329639614e-118
"AT3G56940",8.5681789815426e-123,1.68031653221501,0.98,0.184,1.7601610081783e-118
"AT1G15120",8.60991035190826e-123,0.79037959263184,0.938,0.129,1.76873388359251e-118
"AT5G17560",9.96720769129848e-123,0.664662458425494,0.8,0.059,2.04756347602345e-118
"AT1G33040",1.26886532982391e-122,1.50522009168267,0.743,0.034,2.60663004705726e-118
"AT1G65260",1.41539496951585e-122,1.10158744668547,0.959,0.142,2.90764588587641e-118
"AT4G37510",1.59426460150572e-122,1.57825010215052,0.725,0.025,3.27509777087321e-118
"AT1G72920",2.13770290221936e-122,4.60710013835984,0.675,0.002,4.39148307202923e-118
"AT3G15630",2.34129632032937e-122,1.55317450713488,0.734,0.03,4.80972503085262e-118
"AT2G02760",2.3442447163677e-122,1.0309234255477,0.959,0.144,4.81578192083416e-118
"AT1G70820",2.93303431897523e-122,0.845560039225996,0.784,0.053,6.02533240147081e-118
"AT2G36250",2.99722009010559e-122,1.16736409879796,0.73,0.03,6.15718923110392e-118
"AT1G14400",3.28685657681519e-122,0.405062997808108,0.918,0.116,6.75218946575144e-118
"AT1G47420",4.83503622519847e-122,0.418339655346987,0.854,0.085,9.93261491742521e-118
"AT5G06210",4.87274762223642e-122,1.4117762989241,0.744,0.036,1.00100854403603e-117
"AT3G02730",4.96048590801475e-122,1.21932100356101,0.984,0.161,1.01903262008347e-117
"AT1G74910",5.031877263622e-122,0.449034272405467,0.793,0.057,1.03369854626587e-117
"AT4G17230",5.2839313835306e-122,1.10783344806004,0.945,0.14,1.08547802411869e-117
"AT3G47340",5.49542873580982e-122,1.51892680329236,0.85,0.091,1.12892592519741e-117
"AT4G40040",5.64435153675243e-122,0.990425710969359,0.97,0.152,1.15951913619505e-117
"AT1G12780",5.93912652959645e-122,0.683557671396504,0.782,0.053,1.220074762975e-117
"AT5G58260",6.40681253846188e-122,1.74838791108167,0.714,0.021,1.31615149977622e-117
"AT2G21170",8.82369991232725e-122,1.08354745665349,0.981,0.163,1.81265267298939e-117
"AT5G42820",9.33033567724986e-122,2.15130643690088,0.717,0.023,1.91673085817744e-117
"AT5G28840",9.48562738407724e-122,1.02713145736949,0.809,0.066,1.94863243351099e-117
"AT3G01340",9.5271751789905e-122,1.18642359527648,0.749,0.038,1.95716759702002e-117
"AT1G78995",9.75994733801311e-122,1.6912841730637,0.709,0.019,2.00498598164803e-117
"AT2G46390",1.28043454214483e-121,0.590891573750708,0.84,0.08,2.63039667992812e-117
"AT2G21240",1.53397405606503e-121,1.03501630520378,0.772,0.049,3.1512429033744e-117
"AT3G07480",2.57483867584694e-121,0.296299227169652,0.861,0.089,5.28949109179237e-117
"AT4G16520",3.2473946237128e-121,0.71452214336787,0.945,0.131,6.6711227754932e-117
"AT1G16920",3.51226536006564e-121,3.03374009338753,0.696,0.015,7.21524672918284e-117
"AT1G79010",3.61962781077595e-121,0.796576331318571,0.807,0.066,7.43580141167704e-117
"AT3G32930",3.66270468920624e-121,0.729936757719707,0.946,0.131,7.52429424303639e-117
"AT2G21280",3.93355314561383e-121,1.12776499685262,0.749,0.038,8.08069822703448e-117
"AT1G76200",4.5587900068948e-121,0.695035569882795,0.95,0.131,9.36512231116399e-117
"AT3G29320",4.73954738084746e-121,0.796139297396628,0.784,0.055,9.73645218447495e-117
"AT5G19940",4.9391909642198e-121,1.64451754449159,0.998,0.323,1.01465799977967e-116
"AT3G25920",4.9580571080408e-121,1.72262252675011,0.991,0.23,1.01853367170482e-116
"AT3G10860",5.01370240164496e-121,0.528894747453687,0.839,0.08,1.02996488436992e-116
"AT4G02580",5.21568126947118e-121,0.591971137750986,0.82,0.072,1.07145740318746e-116
"AT2G19750",5.42975124691535e-121,0.996773766696577,0.752,0.04,1.11543379865382e-116
"AT5G50950",6.17813654968969e-121,0.602149286676121,0.875,0.097,1.26917459140275e-116
"AT3G01500",6.20120892651271e-121,1.65843874959974,0.99,0.275,1.27391434977351e-116
"AT4G09620",6.45733127905489e-121,2.38546704342865,0.698,0.017,1.32652956465625e-116
"AT5G47030",6.80567136472765e-121,0.851513087621544,0.947,0.131,1.398089068456e-116
"AT3G46630",6.84909489435403e-121,1.16352742661994,0.715,0.023,1.40700956414715e-116
"AT3G48030",8.01671203549649e-121,1.97668982414996,0.715,0.023,1.64687315345204e-116
"AT4G28350",8.15016576035038e-121,-7.73543229710611,0.046,0.45,1.67428855214878e-116
"AT3G02720",1.2610170212722e-120,1.72311571892983,0.71,0.021,2.59050726679947e-116
"AT3G52870",1.27272607386314e-120,1.86576649613119,0.75,0.04,2.61456117353705e-116
"AT2G28840",1.29181320767673e-120,0.527650139844465,0.868,0.095,2.65377187253031e-116
"AT1G66410",1.32221809978338e-120,0.57800038751754,0.895,0.108,2.716232642385e-116
"AT5G13100",1.787871306595e-120,0.545408438476729,0.884,0.106,3.67282402513812e-116
"AT1G77710",1.87318030960945e-120,0.513145671018517,0.926,0.123,3.8480743100307e-116
"AT3G08010",2.16492503062227e-120,3.20048304334405,0.686,0.011,4.44740549040732e-116
"AT3G27160",2.27865135216308e-120,1.60773591953181,0.991,0.184,4.68103347274862e-116
"AT3G23700",2.49140668550473e-120,0.938473253497672,0.745,0.038,5.11809675403237e-116
"AT1G18060",2.69494006131206e-120,1.91382271432808,0.722,0.027,5.53621536795336e-116
"AT4G21450",3.13123845005219e-120,0.78547138470088,0.809,0.068,6.43250314794221e-116
"AT5G58250",3.83185209480636e-120,1.46787434978816,0.722,0.027,7.87177375836071e-116
"AT3G17020",3.92529339125519e-120,1.10205457415133,0.984,0.163,8.06373021365553e-116
"AT1G10670",4.07843856391576e-120,1.0205635627105,0.767,0.049,8.37833634185215e-116
"AT3G46640",4.54649412917623e-120,0.835040013345243,0.818,0.072,9.33986288956672e-116
"AT2G22080",4.84943483990835e-120,1.37712004674383,0.74,0.038,9.96219399162373e-116
"AT3G09735",5.15749218117241e-120,0.531070997551521,0.888,0.104,1.05950361877825e-115
"AT2G22540",5.41924079442501e-120,0.600697772809659,0.756,0.044,1.11327463639873e-115
"AT1G25260",5.44991374746182e-120,2.23948917674889,0.693,0.015,1.11957578114108e-115
"AT5G43940",6.57628625246743e-120,0.659528466577435,0.954,0.14,1.35096648484438e-115
"AT1G14810",7.50893552847926e-120,1.12082940292115,0.756,0.044,1.54256062561549e-115
"AT4G14210",7.99746697569043e-120,0.465371035245726,0.784,0.057,1.64291964081609e-115
"AT3G15780",8.35680710242912e-120,0.498151705548062,0.808,0.068,1.71673888305202e-115
"AT5G24590",9.15071963867428e-120,0.501666794618236,0.874,0.099,1.87983233537286e-115
"AT3G46780",1.14174830956694e-119,1.64419343076589,0.996,0.235,2.34549355234337e-115
"AT3G53430",1.14813469587759e-119,1.20310855760797,0.739,0.036,2.35861310574132e-115
"AT2G20820",1.22647557029906e-119,0.375871829262836,0.897,0.108,2.51954876406535e-115
"AT3G10130",1.27977739368706e-119,0.99220640476406,0.771,0.051,2.62904669985132e-115
"AT4G02920",1.63182152231027e-119,0.617236635707173,0.824,0.076,3.35225095328198e-115
"AT5G27280",1.67568827744291e-119,0.998315321932555,0.978,0.165,3.44236642835097e-115
"AT2G20930",1.70361807153252e-119,1.30291234139589,0.742,0.038,3.49974260434925e-115
"AT1G24360",1.71337005801403e-119,1.73341407953864,0.705,0.021,3.51977611017822e-115
"AT5G23040",1.88712777487556e-119,0.336781389574613,0.816,0.072,3.87672658792687e-115
"AT1G70780",2.13296398701077e-119,0.926446073979884,0.883,0.108,4.38174791851623e-115
"AT5G03455",2.17263631290965e-119,0.522760423958512,0.888,0.106,4.46324677761029e-115
"AT5G47770",2.32691180725185e-119,2.95799144504938,0.682,0.011,4.78017492563747e-115
"AT3G62030",2.49031165746821e-119,1.73363394071455,0.986,0.22,5.11584723793694e-115
"AT4G20360",2.59231979620714e-119,0.609829099357028,0.959,0.14,5.32540255734834e-115
"AT1G74360",2.72476288943293e-119,-7.23357447736325,0.055,0.463,5.59748040376206e-115
"AT5G45390",2.89226702266929e-119,0.359122825025124,0.915,0.118,5.94158414466953e-115
"AT5G58330",3.07002230726465e-119,0.416917611179215,0.849,0.089,6.30674682581378e-115
"AT3G08610",3.10454662351757e-119,1.17785479457914,0.976,0.154,6.37767012869215e-115
"AT5G59613",3.63117243271901e-119,1.01356911582969,0.979,0.152,7.45951752853466e-115
"AT2G43550",3.67371218545957e-119,3.47977598812418,0.685,0.013,7.54690694258959e-115
"AT3G59980",3.96154018785304e-119,2.887767862829,0.682,0.011,8.13819200790651e-115
"AT2G34510",5.44036170686022e-119,1.8500303195716,0.734,0.036,1.11761350544029e-114
"AT4G17170",5.92872970632216e-119,0.677517576796984,0.957,0.142,1.21793894356976e-114
"AT5G23120",6.02235782096646e-119,1.09763059131424,0.974,0.154,1.23717296716114e-114
"AT1G71730",6.42437874021814e-119,3.13536964707245,0.689,0.015,1.31976012460301e-114
"AT5G60390",8.20997276656307e-119,1.50855269289797,0.991,0.224,1.68657470543505e-114
"AT1G16240",8.54090250078325e-119,0.478151593325257,0.912,0.118,1.7545576007359e-114
"AT5G58060",1.01752507648451e-118,0.475113446811441,0.834,0.082,2.09030176462212e-114
"AT5G13780",1.02533271935557e-118,1.15156523134002,0.763,0.049,2.10634100537215e-114
"AT1G75350",1.03172424200594e-118,1.08717812517881,0.984,0.169,2.1194711103528e-114
"AT1G32060",1.2030031613046e-118,1.13678145624501,0.978,0.159,2.47132939426804e-114
"AT3G46970",1.54857971850496e-118,0.313115022290594,0.855,0.093,3.18124731572475e-114
"AT4G24930",1.60159468090881e-118,0.593625233625948,0.776,0.055,3.29015595299098e-114
"AT1G09640",1.82833202190912e-118,0.841325421471042,0.789,0.061,3.75594247260791e-114
"AT2G27030",1.87317200134645e-118,0.699381909771375,0.786,0.061,3.84805724236601e-114
"AT2G39730",1.87472016677138e-118,1.24232288910707,0.999,0.632,3.85123763859844e-114
"AT5G19370",2.20116266479824e-118,1.45435480819755,0.712,0.027,4.52184846229503e-114
"AT5G27470",2.25915692476178e-118,0.936521744843108,0.752,0.044,4.64098607053812e-114
"AT1G26550",2.38025096739866e-118,0.439991709816361,0.818,0.074,4.88974956232708e-114
"AT5G42850",3.9268467023093e-118,0.353173117401566,0.813,0.072,8.066921180554e-114
"AT4G22310",5.58818021330301e-118,1.01533633772196,0.755,0.047,1.14797986121884e-113
"AT3G11400",8.09107122771209e-118,1.14741772181642,0.718,0.03,1.66214876230889e-113
"AT5G45630",8.6206722915601e-118,2.06505420938242,0.712,0.027,1.77094470885519e-113
"AT5G39950",1.25931775017845e-117,0.290491196821682,0.866,0.097,2.58701645419159e-113
"AT5G14320",1.29263276985564e-117,1.64366184037431,0.994,0.26,2.65545549911443e-113
"AT5G15970",1.50845602758469e-117,1.44458866712499,1,0.884,3.09882121746724e-113
"AT4G17490",2.00526445467478e-117,1.67504486935787,0.95,0.175,4.11941476923839e-113
"AT5G14680",2.2314221882584e-117,2.40462282263416,0.678,0.013,4.58401060133923e-113
"AT3G26900",2.59422453017201e-117,1.14640891750077,0.718,0.032,5.32931545233235e-113
"AT1G31170",2.65824652006239e-117,0.613489694779084,0.774,0.057,5.46083582616417e-113
"AT1G06190",2.72889339737076e-117,1.29365696666738,0.722,0.034,5.60596570621876e-113
"AT5G67490",2.79186056647914e-117,0.623955240388898,0.855,0.093,5.7353191617181e-113
"AT2G37120",2.87481979681616e-117,1.46537443730872,0.702,0.023,5.90574230859943e-113
"AT1G28370",3.13794947431031e-117,2.23716174939409,0.697,0.021,6.44628960507567e-113
"AT3G52380",3.30318875001938e-117,0.627390443635396,0.791,0.066,6.78574064916481e-113
"AT3G62290",3.92183796066601e-117,1.1004695637772,0.977,0.169,8.05663172259619e-113
"AT4G26840",4.29890470748346e-117,0.976039536113686,0.729,0.036,8.83123994058326e-113
"AT5G55940",4.40124728470167e-117,1.1141494432135,0.725,0.034,9.04148229696265e-113
"AT2G36900",6.93894643802942e-117,1.22203464370757,0.734,0.04,1.42546776676438e-112
"AT5G23060",7.42910507890526e-117,0.498742780266884,0.802,0.07,1.52616105635951e-112
"AT1G20823",7.8139092615299e-117,1.907587238551,0.761,0.055,1.60521137959609e-112
"AT4G30530",9.60174349672702e-117,-1.66799917466258,0.987,0.964,1.97248616653263e-112
"AT2G29290",1.05654785826064e-116,1.78435352733849,0.7,0.023,2.17046626522483e-112
"AT5G52440",1.16375219807375e-116,1.80874760915234,0.695,0.021,2.39069614050289e-112
"AT4G35450",1.22177185539317e-116,0.553554007538682,0.947,0.137,2.50988592253418e-112
"AT2G01090",1.27307446735915e-116,1.02153061940799,0.73,0.038,2.6152768782959e-112
"AT1G30580",1.29734245600986e-116,0.61646343923106,0.82,0.078,2.66513060738105e-112
"AT1G43890",1.53553224482762e-116,0.322006013539623,0.788,0.063,3.15444389054939e-112
"AT3G15190",1.59924037860588e-116,1.59215066109852,0.986,0.199,3.28531950977005e-112
"AT1G17380",1.74105274462105e-116,0.947528063926569,0.865,0.104,3.57664465327502e-112
"AT2G35795",2.1996582174032e-116,0.988794923149643,0.74,0.042,4.51875787601139e-112
"AT4G34090",2.88126798890234e-116,1.69017126647043,0.69,0.019,5.91898882960208e-112
"AT1G79750",2.92691171152074e-116,1.2621794778025,0.715,0.032,6.01275472897705e-112
"AT3G52730",3.14735259896937e-116,0.26952067605631,0.842,0.089,6.46560644406278e-112
"AT2G39570",3.78617582679206e-116,0.488395630468461,0.831,0.087,7.77794100097894e-112
"AT5G01350",3.95996683349715e-116,0.916674867371842,0.962,0.15,8.1349598660532e-112
"AT1G16210",4.89175837599425e-116,0.486886724823161,0.776,0.059,1.0049139231805e-111
"AT2G37220",4.95970713749945e-116,1.0271827890922,0.977,0.159,1.01887263725651e-111
"AT5G67480",4.9840950972707e-116,1.50508706171519,0.759,0.053,1.02388265583232e-111
"AT5G03050",5.25845904872012e-116,1.86869243192376,0.69,0.021,1.08024524237857e-111
"AT3G56680",5.48999384976647e-116,0.355910298961125,0.79,0.066,1.12780943655753e-111
"AT1G02160",5.91925984697625e-116,0.863995278639724,0.739,0.042,1.21599355036433e-111
"AT3G59060",7.50310000653533e-116,1.59904145299446,0.728,0.038,1.54136183434255e-111
"AT2G32520",9.7090547983626e-116,1.76441114142809,0.715,0.032,1.99453112722763e-111
"AT3G06050",1.06552033451414e-115,0.304328287929107,0.811,0.076,2.18889842319241e-111
"AT4G26370",1.09445340161091e-115,2.04097602951437,0.675,0.015,2.2483356229293e-111
"AT2G27730",1.10476372348957e-115,0.617179308551978,0.78,0.061,2.26951611716463e-111
"AT2G03870",1.47680727125708e-115,1.11801423405096,0.712,0.032,3.03380517734341e-111
"AT4G02450",1.62827417393044e-115,0.398783288509756,0.834,0.087,3.3449636355053e-111
"AT2G46820",1.69265538849512e-115,1.41406987065877,0.998,0.488,3.47722196458552e-111
"AT2G17390",1.91856084961803e-115,0.955952562912041,0.761,0.055,3.94129955337032e-111
"AT3G07790",1.92987613866032e-115,0.306387655535155,0.842,0.091,3.9645445516499e-111
"AT4G32915",2.0265765607415e-115,1.86708703757818,0.697,0.025,4.16319622873126e-111
"AT1G64850",2.15344611847633e-115,1.03783704626299,0.73,0.04,4.42382436118593e-111
"AT3G02900",2.19868009985595e-115,1.86865825714535,0.691,0.021,4.51674852913407e-111
"AT1G64720",2.42172698892268e-115,1.11201251964181,0.999,0.702,4.97495375334386e-111
"AT2G04900",2.53683194283809e-115,0.410222114171789,0.784,0.063,5.2114138601723e-111
"AT3G04910",2.74514596015174e-115,1.00296043342356,0.713,0.032,5.63935334593972e-111
"AT5G57480",3.31006121399173e-115,-7.92378655573346,0.022,0.378,6.79985875190321e-111
"AT2G43920",3.6586379188121e-115,2.10813695852124,0.676,0.015,7.5159398766157e-111
"AT2G11910",3.85688621536773e-115,0.402430822040858,0.814,0.078,7.92320135222992e-111
"AT3G27090",3.93957154696867e-115,0.454860411871313,0.833,0.089,8.09306182893775e-111
"AT4G01050",4.56618526423815e-115,0.757765418729111,0.95,0.146,9.38031438832443e-111
"AT5G32440",5.2754287696937e-115,0.597278040349188,0.804,0.074,1.08373133215818e-110
"AT2G15390",5.82591332956242e-115,-6.99501387909097,0.072,0.484,1.19681737529201e-110
"AT3G56090",6.80746404078271e-115,2.42528047625286,0.766,0.068,1.39845733789799e-110
"AT4G09830",7.20385196458936e-115,0.865537200218356,0.741,0.047,1.47988730908559e-110
"AT3G15660",7.22481578804781e-115,0.90074774333758,0.73,0.04,1.48419390733866e-110
"AT1G77930",7.68609358344762e-115,1.08865762897375,0.713,0.034,1.57895420484764e-110
"AT1G32200",8.05020624107062e-115,1.00072013058668,0.73,0.04,1.65375386810314e-110
"AT3G14210",8.65260431626731e-115,1.37504620169515,0.938,0.167,1.77750450469079e-110
"AT3G51660",1.19743208936466e-114,-1.71216055520832,0.989,0.939,2.45988474118182e-110
"AT3G20060",1.25008094562764e-114,0.331938243817976,0.823,0.085,2.56804128660285e-110
"AT4G21105",1.28923167265631e-114,0.280428357287173,0.933,0.133,2.64846862513786e-110
"AT1G16080",1.43001162513732e-114,0.922196444195447,0.735,0.044,2.9376728815196e-110
"AT4G33480",1.44876205290055e-114,0.573067483836288,0.73,0.04,2.9761918852736e-110
"AT1G11840",1.53744191099722e-114,0.714132799381562,0.815,0.08,3.15836691776158e-110
"AT5G02790",1.81584510429907e-114,0.433511917353608,0.9,0.121,3.73029059776157e-110
"AT1G10470",1.86948379184719e-114,0.949452723359027,0.834,0.091,3.84048055359168e-110
"AT5G14660",2.14815854518968e-114,2.30751518180928,0.669,0.013,4.41296209938316e-110
"AT5G11450",2.27694445249628e-114,1.18820046875423,0.707,0.032,4.67752698876312e-110
"AT2G05380",2.31105760345351e-114,-3.49587954684317,0.688,0.875,4.74760563477455e-110
"AT3G48000",3.26223239560522e-114,0.480203709611574,0.88,0.11,6.70160401029181e-110
"PUR ALPHA-1",3.37187532877261e-114,0.617287609980897,0.734,0.044,6.92684348789757e-110
"AT3G52155",3.78195344808262e-114,1.61702152420714,0.697,0.027,7.76926696839614e-110
"AT2G20920",3.9001108723628e-114,0.569505857466447,0.956,0.15,8.01199776509491e-110
"AT3G45770",4.27143133635152e-114,1.25894811897859,0.7,0.027,8.77480139426694e-110
"AT1G32160",4.4003843710816e-114,2.62038054413857,0.663,0.011,9.03970961351293e-110
"AT3G02690",4.55160611073956e-114,0.721224721768411,0.746,0.049,9.35036443329227e-110
"AT2G23600",5.16512310251118e-114,0.92896758212169,0.754,0.053,1.06107123894887e-109
"AT1G56190",5.29931043460878e-114,0.526400728666327,0.809,0.078,1.08863734258168e-109
"AT3G52300",5.77795012403787e-114,0.437731109027491,0.94,0.135,1.1869642939811e-109
"AT3G28900",5.87976938141165e-114,2.14363049353079,0.681,0.019,1.2078810240234e-109
"AT3G47810",6.19318814991724e-114,0.905820897608791,0.762,0.057,1.2722666416375e-109
"AT2G46230",7.34266785278224e-114,1.67151771545342,0.687,0.023,1.50840425699705e-109
"AT5G37780",7.39705898257781e-114,0.353881671608302,0.898,0.118,1.51957782679096e-109
"AT4G26400",8.92335800688169e-114,0.773530031973004,0.752,0.053,1.83312543535371e-109
"AT2G47400",9.18068553767997e-114,1.25723984405192,1,0.516,1.8859882300056e-109
"AT2G29360",9.59775667682914e-114,1.67995857695761,0.676,0.017,1.97166715412101e-109
"AT5G59570",1.03252543759796e-113,1.27785173478427,0.767,0.061,2.12111700645749e-109
"AT5G21430",1.05621429637218e-113,0.844704208517034,0.727,0.04,2.16978102903736e-109
"AT5G11770",1.15798730186792e-113,0.51045019347367,0.948,0.144,2.37885331422727e-109
"AT5G59550",1.61031349928652e-113,1.11449513519591,0.949,0.156,3.30806702158431e-109
"AT2G42530",1.65271742123335e-113,2.24772072633734,0.957,0.239,3.39517739843967e-109
"AT1G76010",1.84070385961656e-113,0.932294566325623,0.712,0.034,3.7813579388103e-109
"AT1G02500",1.84243441543037e-113,0.641627694654173,0.935,0.142,3.78491301961861e-109
"AT4G11570",1.88335173588152e-113,0.373792226927576,0.849,0.097,3.8689694710214e-109
"AT3G49530",1.92194114761183e-113,0.603560801217208,0.844,0.097,3.94824369953899e-109
"AT3G48730",1.9493806909695e-113,1.32690480119927,0.714,0.036,4.00461275345865e-109
"AT3G04640",2.12914860907168e-113,-1.78528225565416,0.988,0.905,4.37390998761596e-109
"AT1G01050",2.1679285503483e-113,0.711279665735832,0.752,0.053,4.45357562098051e-109
"AT5G61670",2.41954391999917e-113,1.18683577747134,0.69,0.025,4.9704690748543e-109
"AT2G47940",2.4222153886714e-113,1.75004631898994,0.679,0.019,4.97595707294765e-109
"AT5G04750",2.6840809079896e-113,0.450528783369945,0.89,0.116,5.51390740928303e-109
"AT3G10620",2.7690754995675e-113,1.61896776199613,0.694,0.027,5.68851179876151e-109
"AT3G07310",2.79227494683498e-113,2.21275947335524,0.67,0.015,5.7361704232831e-109
"AT3G50500",2.84340645431756e-113,0.7076027752189,0.752,0.053,5.84120987910456e-109
"AT1G11930",2.85388003549399e-113,0.444103274157989,0.739,0.049,5.8627257569153e-109
"AT5G63400",2.90528099578629e-113,1.46500872137704,0.715,0.036,5.96831874964377e-109
"AT4G28706",2.93748553370034e-113,1.20898864039628,0.683,0.021,6.03447653188062e-109
"AT1G21930",3.26026377572857e-113,2.23760097699148,0.675,0.019,6.69755987447919e-109
"AT5G09830",3.70923653528861e-113,1.15653231062927,0.71,0.034,7.61988461444339e-109
"AT5G51140",4.06962003921189e-113,1.50627809475866,0.675,0.019,8.36022044655299e-109
"AT4G18930",4.18666643560462e-113,0.610798994722691,0.848,0.097,8.60066885866258e-109
"AT5G63570",4.3941971949551e-113,0.815994268620402,0.834,0.093,9.02699929759626e-109
"AT1G79210",5.53968656611291e-113,0.617479576563065,0.742,0.049,1.13801781127658e-108
"AT2G18040",6.14334629316465e-113,0.949424032300135,0.737,0.047,1.26202762900481e-108
"AT1G22190",6.36651452316604e-113,1.83567325576644,0.703,0.032,1.307873078494e-108
"AT1G21350",6.39541925031799e-113,0.629841550121697,0.737,0.047,1.31381097659282e-108
"AT5G38480",7.67710601485519e-113,0.52099096327444,0.797,0.074,1.5771078886317e-108
"AT2G46910",7.95782682111196e-113,0.53425484011531,0.747,0.051,1.63477636386103e-108
"AT3G01740",9.30672803531512e-113,0.981084648849245,0.708,0.034,1.91188114029478e-108
"AT5G42765",9.48476075237899e-113,1.57035258223382,0.678,0.021,1.94845440136122e-108
"AT1G22450",1.0619623576197e-112,2.02026872303578,0.676,0.019,2.18158927125815e-108
"AT5G36170",1.28411427830363e-112,0.99250872196397,0.69,0.025,2.63795596191915e-108
"AT1G78080",1.49903652501972e-112,0.88862035750075,0.853,0.104,3.079470733348e-108
"AT3G57785",1.88021566489329e-112,0.792901670132292,0.722,0.04,3.86252704039028e-108
"AT2G28900",2.35778739438605e-112,1.61513877136707,0.995,0.362,4.84360264428727e-108
"AT4G10300",2.94199347266908e-112,0.901399943461712,0.972,0.163,6.0437371909041e-108
"AT4G34870",3.30647988868891e-112,0.390031073834551,0.915,0.131,6.79250163533363e-108
"AT3G15900",3.48226319031107e-112,2.43896246550138,0.667,0.017,7.15361327185604e-108
"AT1G44575",4.36109036764349e-112,1.56023540916582,0.999,0.355,8.95898794225003e-108
"AT2G43540",4.62013079139097e-112,0.738710742244838,0.717,0.04,9.49113468475446e-108
"AT1G51890",4.72173516072128e-112,-9.52468778652106,0.008,0.328,9.69986054066972e-108
"AT1G63980",4.8353688927293e-112,0.889239545316573,0.72,0.04,9.9332983163338e-108
"AT2G43535",4.96442264594912e-112,1.32330517691033,0.757,0.061,1.01984134415733e-107
"AT3G51260",5.8299200184754e-112,0.57960854421237,0.776,0.066,1.1976404693954e-107
"AT5G50850",7.20850818795339e-112,0.942475496513635,0.74,0.051,1.48084383705126e-107
"AT1G73655",7.37525725992875e-112,1.13365131278973,0.981,0.175,1.51509909890716e-107
"AT5G08530",7.43621399015435e-112,0.441356155698062,0.784,0.07,1.52762143999741e-107
"AT5G57345",7.97427040068773e-112,0.485118809343731,0.861,0.106,1.63815436841328e-107
"AT3G44620",9.33295313055836e-112,0.852482056517711,0.71,0.036,1.9172685616106e-107
"AT5G53560",9.95909582141635e-112,0.744682038463025,0.957,0.152,2.04589705459356e-107
"AT5G42030",1.00228124816824e-111,1.45395367315928,0.678,0.021,2.05898636811202e-107
"AT5G19990",1.038047777125e-111,1.00356824751893,0.737,0.049,2.13246154854789e-107
"AT4G00165",1.38830960136799e-111,2.16391296829391,0.698,0.032,2.85200441409027e-107
"AT5G38420",1.76748620068511e-111,1.69175798287782,0.994,0.292,3.63094690206742e-107
"AT3G54050",1.89031705973184e-111,1.33515568136649,0.982,0.186,3.88327833580712e-107
"AT4G18440",2.21979422625206e-111,1.69639599783989,0.897,0.152,4.56012327898962e-107
"AT2G34770",2.36292992832224e-111,0.637134698661011,0.905,0.131,4.85416695175237e-107
"AT1G15340",2.37362920696137e-111,1.11967494725679,0.703,0.034,4.87614647986075e-107
"AT2G47380",2.40720567191814e-111,0.942100204924133,0.704,0.034,4.94512261182143e-107
"AT2G23070",2.47215536097308e-111,0.982309200816987,0.744,0.053,5.07854875804701e-107
"AT2G45980",2.55224373714566e-111,0.25147805352282,0.805,0.08,5.24307430921834e-107
"AT1G03680",2.58134967640943e-111,1.49197545337856,0.992,0.235,5.3028666402479e-107
"AT3G09630",2.84516908873394e-111,1.04608316188722,0.717,0.04,5.84483085898614e-107
"AT1G05190",5.21077857925084e-111,1.57138109712589,0.997,0.279,1.0704502435355e-106
"AT4G28060",5.40607504564549e-111,0.577364654077028,0.799,0.078,1.11056999662695e-106
"AT5G50250",5.62461904145113e-111,0.969805929121693,0.719,0.042,1.1554654896853e-106
"AT2G01490",6.35037071596507e-111,0.441810043874633,0.811,0.085,1.3045566561807e-106
"AT4G21110",6.51727917396737e-111,0.388587525133572,0.776,0.068,1.33884466070812e-106
"AT1G55480",7.10268175057342e-111,0.760326423916465,0.757,0.059,1.4591039120203e-106
"AT4G13510",9.25868226603649e-111,-5.57592665552448,0.445,0.748,1.90201109791188e-106
"AT1G44000",9.69896592193119e-111,2.2149150093563,0.66,0.015,1.99245856934232e-106
"AT1G78150",1.02617215943895e-110,2.09332534586366,0.66,0.015,2.10806546713544e-106
"AT4G17040",1.05689892900762e-110,0.89317863308832,0.971,0.171,2.17118746986035e-106
"AT5G17870",1.06475156953334e-110,1.47520569123995,0.992,0.207,2.18731914929234e-106
"AT3G59940",1.17790243733872e-110,1.68485448164009,0.697,0.034,2.41976497702493e-106
"AT5G09225",1.2351521366932e-110,1.07141500878844,0.693,0.032,2.53737303440883e-106
"AT5G58800",1.30320794335265e-110,0.858752037468833,0.724,0.047,2.67718007802936e-106
"AT2G03390",1.33610094457089e-110,1.62487000789628,0.669,0.019,2.74475217043198e-106
"AT1G32928",1.36197204816418e-110,1.13230549965304,0.939,0.159,2.79789917854367e-106
"AT1G64770",1.58543774212021e-110,1.67184912400779,0.664,0.017,3.25696475363755e-106
"AT3G05530",1.67199919267818e-110,0.565266318803802,0.778,0.07,3.43478794151879e-106
"GAMMA CAL2",1.70557620050969e-110,1.02780302331617,0.695,0.032,3.50376518870705e-106
"AT1G18640",1.76197006648488e-110,1.27416574894339,0.682,0.025,3.6196151075799e-106
"AT5G55220",1.82590556525268e-110,0.676613702667263,0.724,0.044,3.75095780269858e-106
"AT1G03220",2.4817585922273e-110,-4.38190871159749,0.769,0.816,5.09827667601254e-106
"AT4G24280",2.75310481505218e-110,0.408419903023647,0.826,0.093,5.65570322156169e-106
"AT2G26210",2.98262043120963e-110,1.07773816797286,0.69,0.03,6.12719715183393e-106
"AT1G24880",3.12389294830722e-110,0.802154279973456,0.74,0.053,6.41741328370752e-106
"AT5G51545",3.20136648031334e-110,0.894837226560582,0.7,0.034,6.5765671605077e-106
"AT3G25470",3.32976465951776e-110,1.42524535339816,0.687,0.03,6.84033554004733e-106
"AT4G27800",3.38621647589907e-110,0.944866111379483,0.986,0.18,6.95630450643947e-106
"AT2G09990",3.73753836818009e-110,3.90044362986488,0.639,0.006,7.67802506975235e-106
"AT1G73530",3.86751298737377e-110,1.42478826364264,0.703,0.036,7.94503192996194e-106
"AT5G62350",4.04544706458321e-110,0.294899344385361,0.853,0.108,8.31056190477329e-106
"AT2G19760",4.66499544383216e-110,0.535078213866855,0.808,0.085,9.58330014026442e-106
"AT3G16190",4.80306026675866e-110,0.894797440839326,0.713,0.04,9.86692670600231e-106
"AT3G13882",6.64482145573118e-110,2.98285310952279,0.648,0.011,1.36504567165086e-105
"AT5G44060",7.10521010736726e-110,1.22717854469716,0.728,0.049,1.45962331235646e-105
"AT4G29350",7.43957456531129e-110,0.33120364768327,0.918,0.133,1.5283118029519e-105
"AT1G27100",7.72089756991517e-110,0.618604356140475,0.917,0.137,1.58610398778767e-105
"AT3G60820",7.92457438200177e-110,0.349335597141264,0.781,0.072,1.62794531529462e-105
"AT4G36800",8.66357421280482e-110,0.383661778041342,0.921,0.137,1.7797580505365e-105
"AT5G64350",1.10233403403185e-109,0.792422029519852,0.975,0.167,2.26452480611163e-105
"AT2G15580",1.12493224033674e-109,0.532840118870691,0.784,0.074,2.31094830132377e-105
"AT1G04630",1.22100100058429e-109,0.49442106584319,0.725,0.047,2.5083023555003e-105
"AT5G17170",1.78798892863073e-109,1.11586465516676,0.734,0.051,3.6730656560861e-105
"AT5G65940",2.34322440661112e-109,0.273528679316427,0.755,0.061,4.81368589850122e-105
"AT3G63490",2.47482796344901e-109,1.40619825545113,0.992,0.216,5.0840390853133e-105
"AT5G17230",2.54042882434572e-109,2.40241668863939,0.646,0.011,5.21880293385341e-105
"AT3G47836",3.04268224145681e-109,0.454121349749509,0.719,0.044,6.25058212862472e-105
"AT1G07440",3.29859876081712e-109,1.41178628762775,0.704,0.038,6.77631143434661e-105
"AT5G22360",4.15342932536536e-109,0.517856545615713,0.728,0.049,8.53238986309807e-105
"AT3G26710",4.57796633954326e-109,0.630472109182361,0.718,0.044,9.40451625132372e-105
"AT4G20890",5.38144377411011e-109,1.3640123610075,0.7,0.038,1.10550999451544e-104
"AT4G13720",5.58419649617117e-109,2.42895353487554,0.648,0.013,1.14716148620844e-104
"AT5G52200",5.93449857687091e-109,0.533040861793596,0.771,0.07,1.21912404264659e-104
"AT5G66675",6.40917276018819e-109,0.910018471915029,0.712,0.042,1.31663636012546e-104
"AT5G04430",7.33043073699594e-109,1.2112421457021,0.687,0.032,1.50589038630108e-104
"AT4G22470",7.47280653910359e-109,-6.84275875417356,0.108,0.522,1.53513864732805e-104
"AT4G04640",1.06520609143882e-108,1.25323141321138,0.988,0.192,2.18825287364276e-104
"AT3G08720",1.10172109927175e-108,1.02194664851998,0.747,0.059,2.26326565423395e-104
"AT1G15730",1.115333135058e-108,1.22597020422676,0.677,0.027,2.29122885934964e-104
"AT1G15230",1.22833966322704e-108,0.78533074041899,0.707,0.04,2.5233781701673e-104
"AT3G23600",1.27429374528988e-108,0.344319835564587,0.933,0.144,2.61778164094899e-104
"AT3G08710",1.29758201445053e-108,0.610440522781815,0.77,0.07,2.66562273228572e-104
"AT5G19190",1.4537690845267e-108,2.98318714451914,0.638,0.008,2.98647783034321e-104
"AT2G35500",1.45827858572467e-108,1.95632763077389,0.658,0.019,2.9957416986542e-104
"AT3G23170",1.50421463549473e-108,1.43850963563031,0.721,0.049,3.09010812569683e-104
"AT1G27730",1.75084226758616e-108,1.77652700832853,0.983,0.362,3.59675527030225e-104
"AT1G77060",1.80918964899064e-108,1.29287926060597,0.67,0.023,3.71661829592148e-104
"AT3G55170",1.86351855561052e-108,2.06771463122638,0.661,0.019,3.82822616879068e-104
"AT1G51730",2.27933804389908e-108,2.4445184780291,0.644,0.013,4.68244414358188e-104
"AT5G46800",2.39333698405751e-108,1.02363347386605,0.665,0.021,4.91663216634933e-104
"AT2G37600",3.17796936659682e-108,3.20893054274933,0.637,0.008,6.52850246979986e-104
"AT1G55330",4.2410425783994e-108,1.37146655741426,0.873,0.133,8.7123737688059e-104
"AT2G20360",4.61560335609631e-108,0.816418951289747,0.699,0.038,9.48183397442865e-104
"AT2G27020",5.31689686170464e-108,0.306636731711705,0.766,0.068,1.09225012229998e-103
"AT2G39990",5.47260941503375e-108,1.30716720333357,0.668,0.023,1.12423815213038e-103
"AT5G62390",7.26668247536335e-108,0.497245750521516,0.796,0.085,1.49279458091389e-103
"AT3G18140",8.09325786672736e-108,0.489219091290249,0.726,0.051,1.6625979635618e-103
"AT5G52100",1.00335393336185e-107,1.8378613122959,0.649,0.015,2.06118998530524e-103
"AT3G43810",1.05159780449937e-107,0.50026242873695,0.723,0.049,2.16029736978305e-103
"AT4G02200",1.060627818377e-107,1.60710398951003,0.673,0.027,2.17884772729186e-103
"AT2G03550",1.16299489070561e-107,2.05299518578281,0.653,0.017,2.38914040397654e-103
"AT4G32320",1.18005131336047e-107,1.14482366392598,0.667,0.023,2.42417941303641e-103
"AT1G51110",1.23048092076593e-107,0.613480278179036,0.69,0.034,2.52777695552945e-103
"AT4G00430",1.24758971289031e-107,0.694096704038402,0.849,0.112,2.56292354719057e-103
"AT1G50010",1.39506662681054e-107,1.16279152094086,0.695,0.036,2.8658853714569e-103
"AT1G28330",1.7018462752481e-107,1.64058871767582,0.994,0.319,3.49610280324217e-103
"AT4G33680",1.97570427134765e-107,0.979622459367163,0.688,0.034,4.05868928462948e-103
"AT2G33855",2.18747896863828e-107,2.88531530763848,0.634,0.008,4.49373804527362e-103
"AT1G61340",2.25680501129157e-107,1.78521038269253,0.685,0.034,4.63615453469626e-103
"AT3G57930",2.38641215314077e-107,1.67951852153028,0.664,0.023,4.90240648619708e-103
"AT3G62650",2.48450516306133e-107,1.03647328409425,0.707,0.042,5.10391895647688e-103
"AT3G57290",2.59676785741045e-107,1.48239595212831,0.676,0.03,5.33454020947828e-103
"AT1G48920",2.60445811831421e-107,2.9494986874457,0.651,0.017,5.35033831245288e-103
"AT3G42150",3.25645060748925e-107,1.48984914471506,0.664,0.023,6.68972648296516e-103
"AT5G16650",3.31487839167018e-107,0.854374428665962,0.72,0.049,6.80975468000806e-103
"AT2G33740",3.53364644337445e-107,0.669351313098866,0.695,0.038,7.25916988862413e-103
"AT4G17090",3.60190199397409e-107,1.03629891495173,0.962,0.18,7.39938726622097e-103
"AT5G16390",4.17345143871104e-107,1.06829804685904,0.658,0.021,8.5735212905441e-103
"AT2G40490",4.23066399506886e-107,1.65056434108707,0.67,0.025,8.69105304506997e-103
"AT2G13360",4.32833263024721e-107,1.59647452537896,0.996,0.256,8.89169372231685e-103
"AT5G30510",4.53945930126718e-107,1.34580934033797,0.989,0.226,9.32541124259316e-103
"AT2G45820",4.660665473853e-107,0.628080038356676,0.955,0.161,9.57440508293621e-103
"AT2G32650",4.96738039030054e-107,1.73844507783554,0.661,0.023,1.02044895357944e-102
"AT3G29240",5.07427445532535e-107,0.747707930955095,0.765,0.07,1.04240820135749e-102
"AT2G44870",5.63024879431452e-107,0.728748855004264,0.717,0.049,1.15662200981603e-102
"AT1G78900",5.90150322462594e-107,0.267234569407336,0.849,0.108,1.21234580743491e-102
"AT5G23140",6.53996481234366e-107,1.06855842776072,0.672,0.027,1.34350497139976e-102
"AT4G30760",6.66698178038477e-107,1.19108820386985,0.68,0.032,1.36959806714444e-102
"AT5G36160",6.9461437315659e-107,1.99623238394436,0.665,0.025,1.42694630677558e-102
"AT5G35170",9.22646864836698e-107,0.703699050361828,0.732,0.055,1.89539345443403e-102
"AT2G24860",9.74811453281368e-107,0.378160748222308,0.769,0.072,2.00255516847592e-102
"AT1G42960",1.09503870309356e-106,0.777719784837314,0.974,0.173,2.24953800776509e-102
"AT1G78915",1.15944262765667e-106,1.96621574387636,0.654,0.019,2.38184298999509e-102
"AT1G71080",1.26953008783314e-106,1.33740723227795,0.693,0.038,2.60799565943562e-102
"AT5G65310",1.38044916963254e-106,1.35207387312578,0.654,0.019,2.83585672917613e-102
"AT4G32060",1.38053412017958e-106,0.367249499761609,0.902,0.135,2.83603124308492e-102
"AT4G27600",1.41712771581303e-106,0.738531663964913,0.695,0.038,2.9112054665947e-102
"AT2G46400",1.48972239398043e-106,2.98305456890746,0.668,0.03,3.060336713954e-102
"AT5G23240",1.55635105614445e-106,0.364193741523148,0.777,0.076,3.19721197463755e-102
"AT1G74520",1.97071939616419e-106,0.416894800977445,0.79,0.082,4.0484488555401e-102
"AT4G32150",2.12905187017997e-106,0.266648433984772,0.858,0.114,4.3737112569107e-102
"AT1G07280",2.61038920549909e-106,0.696136007949004,0.689,0.036,5.36252254485678e-102
"AT5G04440",2.82705438461913e-106,1.22971629232051,0.663,0.025,5.80761782232307e-102
"AT1G03330",3.19866173179705e-106,1.22522282859266,0.674,0.03,6.57101079563067e-102
"AT4G22220",3.35695743795666e-106,0.624676899217479,0.966,0.167,6.89619766479437e-102
"AT2G24765",3.68639672552918e-106,0.92047853906682,0.685,0.034,7.57296479325459e-102
"AT1G04640",3.76950577720276e-106,0.539726456786153,0.685,0.034,7.74369571810764e-102
"AT3G62400",4.35097616032003e-106,0.551637045710918,0.72,0.051,8.93821032614544e-102
"AT3G49010",4.60935648507877e-106,0.569310134557957,0.703,0.042,9.46900102729732e-102
"AT5G20060",6.33928982204056e-106,1.83711092858676,0.644,0.017,1.30228030814179e-101
"AT3G61260",6.58616195219459e-106,1.31298810550086,0.99,0.22,1.35299524983933e-101
"AT3G16640",6.87294671177913e-106,1.46304826712328,0.996,0.419,1.41190944300079e-101
"AT5G67260",7.18186630393845e-106,1.93897049631998,0.653,0.021,1.47537079481808e-101
"AT5G60540",7.53224741338096e-106,1.53090158507545,0.646,0.017,1.54734958613085e-101
"AT5G59140",7.72403394831547e-106,0.510246801616547,0.729,0.055,1.58674829400245e-101
"AT3G62910",1.34700141063646e-105,1.76888175438583,0.65,0.019,2.76714499787048e-101
"AT4G37370",1.35482968620992e-105,-7.34193030186934,0.078,0.471,2.78322662438104e-101
"AT2G37470",1.39156538145473e-105,0.935265399390694,0.798,0.089,2.85869276312245e-101
"AT3G55460",1.44358105840229e-105,0.390167255048759,0.721,0.053,2.96554856827582e-101
"AT5G44720",2.35092976336487e-105,1.38071087874303,0.653,0.021,4.82951501288045e-101
"AT2G20725",2.44020435183446e-105,2.07312170507497,0.645,0.017,5.01291179997353e-101
"AT2G26530",2.86220487624128e-105,1.53948092650857,0.992,0.416,5.87982747726245e-101
"AT2G30170",2.91800021103949e-105,1.28668460341838,0.663,0.025,5.99444783353843e-101
"AT2G22230",3.53085030882294e-105,2.33334938458294,0.63,0.011,7.25342578941497e-101
"AT5G56940",4.73217524816623e-105,1.63961871877069,0.653,0.021,9.72130761230789e-101
"AT2G44050",4.8812141751059e-105,2.56821057496285,0.642,0.017,1.002747827992e-100
"AT5G39210",5.51726601439997e-105,1.33224896776695,0.661,0.025,1.13341195733818e-100
"AT1G58235",5.63128563125949e-105,0.775109819968207,0.705,0.047,1.15683500722964e-100
"AT4G23820",6.69803106523531e-105,3.06786655218271,0.629,0.011,1.37597652173129e-100
"AT1G48160",7.33483196144047e-105,0.628177770436546,0.68,0.034,1.50679452983872e-100
"AT1G79850",7.37945210695988e-105,1.20942325109279,0.986,0.214,1.51596084633277e-100
"AT2G30260",1.02680367940032e-104,0.646612018624607,0.697,0.042,2.10936279859207e-100
"AT1G23260",1.14516289574947e-104,1.18674602631611,0.677,0.034,2.35250813673813e-100
"AT1G44790",1.14960155811683e-104,0.427752828336276,0.727,0.057,2.36162648083939e-100
"AT5G53650",1.37175506340567e-104,0.62409265927261,0.701,0.044,2.81799642675428e-100
"AT2G25510",1.56807122135238e-104,-3.92988421743515,0.699,0.835,3.2212887100242e-100
"AT4G21210",1.69188209641105e-104,0.29029518413622,0.741,0.063,3.47563339065721e-100
"AT2G44610",1.73756007820813e-104,0.699794307061957,0.673,0.032,3.56946966866295e-100
"AT3G12120",1.999827107269e-104,1.33958435423796,0.989,0.237,4.10824482646272e-100
"AT2G03440",2.17698845717701e-104,1.56177207243961,0.647,0.021,4.47218738757873e-100
"AT3G05880",2.6082403900068e-104,1.02331835923522,0.867,0.129,5.35810823319097e-100
"AT1G64980",3.16932828067061e-104,1.3616101937627,0.65,0.021,6.51075108698164e-100
"AT3G45050",3.94812900869809e-104,1.58317688697705,0.645,0.019,8.11064142256849e-100
"AT1G18540",5.16519816240091e-104,1.63889085018591,0.676,0.034,1.06108665850202e-99
"AT5G07960",5.30948494861852e-104,1.65854415518293,0.689,0.04,1.0907274929947e-99
"AT4G37040",5.32019189759985e-104,1.36387330353219,0.664,0.03,1.09292702152394e-99
"AT1G21065",6.74664633320509e-104,0.698429352879644,0.984,0.186,1.38596355623032e-99
"AT1G19150",7.4367907935064e-104,1.51991634785065,0.639,0.017,1.52773993271002e-99
"AT4G25170",8.33157433152259e-104,0.674572805112507,0.736,0.063,1.71155531492469e-99
"AT1G54520",9.34081320575909e-104,0.704654761540699,0.713,0.053,1.91888325685909e-99
"AT4G31300",9.363103694166e-104,0.459948357546469,0.749,0.068,1.92346239189252e-99
"AT1G18170",9.4175748480503e-104,1.17174438190027,0.661,0.027,1.93465240103497e-99
"AT5G27860",9.50136580582908e-104,1.04127454255476,0.699,0.047,1.95186557749147e-99
"AT5G46110",1.04969592847074e-103,1.0522528842815,0.986,0.214,2.15639034585744e-99
"AT2G34460",1.05384339681224e-103,1.08028125631915,0.666,0.03,2.16491049007138e-99
"AT3G10920",1.08124809045159e-103,0.942082779401308,0.977,0.175,2.22120795221469e-99
"AT2G39390",1.52362911332034e-103,0.271515247513496,0.735,0.061,3.12999128749397e-99
"AT2G35450",1.57150716022405e-103,1.47546270151856,0.638,0.017,3.22834715924826e-99
"AT4G20030",2.23570086418487e-103,1.1661367732178,0.653,0.025,4.59280028529498e-99
"AT5G01020",3.09397466337654e-103,2.39890438726257,0.624,0.013,6.35595215097443e-99
"AT1G78870",3.65432749251713e-103,0.376970843546794,0.714,0.053,7.50708496787795e-99
"AT5G45775",3.7702820330075e-103,1.45756443296307,0.641,0.019,7.74529038040731e-99
"AT2G44525",3.94972568359079e-103,0.887887660900897,0.658,0.027,8.11392147180056e-99
"AT4G02340",4.92689283616104e-103,0.627308837803432,0.698,0.047,1.01213159533256e-98
"AT5G65207",5.1426363229003e-103,0.512776519727607,0.881,0.133,1.05645177981341e-98
"AT1G78070",5.76338016203645e-103,0.979114422752275,0.945,0.178,1.18397118668715e-98
"AT5G63470",6.32712262054435e-103,1.28907882104919,0.645,0.021,1.29978079993843e-98
"AT3G24100",6.7731475849637e-103,0.658768869480655,0.712,0.053,1.39140770837909e-98
"AT1G49975",7.32773479680631e-103,2.85823583053773,0.612,0.006,1.50533655930792e-98
"AT5G09770",8.08440667098951e-103,1.56682792489524,0.644,0.021,1.66077966242137e-98
"AT2G41530",8.14515356304066e-103,1.37621381707121,0.643,0.021,1.67325889645544e-98
"AT2G19830",8.49981012115969e-103,0.543071907335098,0.735,0.063,1.74611599318984e-98
"AT3G61080",9.37837496413303e-103,1.25254491327737,0.662,0.03,1.92659956888185e-98
"AT1G16470",9.50322885599913e-103,1.2211574690324,0.648,0.023,1.9522483038879e-98
"AT2G07340",9.5308326097921e-103,0.863659255640454,0.676,0.036,1.95791894302959e-98
"EIF2 BETA",1.27876744966248e-102,1.29645752094541,0.671,0.034,2.62697197184162e-98
"AT1G76680",1.29482403838066e-102,-1.20083321127181,0.997,0.998,2.65995702204539e-98
"AT4G21860",1.40989208875322e-102,0.92557290619267,0.971,0.184,2.89634131792573e-98
"AT1G66240",1.55319863390627e-102,0.374719136265554,0.939,0.159,3.19073595363365e-98
"AT4G39260",1.63080702519139e-102,1.42136877316792,0.99,0.245,3.35016687185068e-98
"AT1G62780",1.69775671426237e-102,1.67272325080586,0.642,0.021,3.48770161810918e-98
"AT4G10100",1.70999650071234e-102,0.893683973174901,0.698,0.047,3.51284581141336e-98
"AT5G59950",1.88894619119534e-102,0.383232493467772,0.771,0.08,3.88046216057258e-98
"AT5G58220",1.89705031935782e-102,0.80321019473844,0.683,0.04,3.89711047105676e-98
"AT5G42070",2.02114347876777e-102,2.2562683943654,0.619,0.011,4.15203504843262e-98
"AT1G36730",2.20916781531666e-102,0.354458329834032,0.754,0.074,4.53829344300502e-98
"AT3G01820",2.23672404340718e-102,0.536583094284202,0.767,0.08,4.59490220237138e-98
"AT4G39980",2.44813439350058e-102,1.05014677905028,0.716,0.057,5.02920248456824e-98
"AT5G27720",2.75480748676431e-102,0.565234713092011,0.716,0.055,5.65920102005993e-98
"AT3G27890",3.27095696098208e-102,0.368669668072267,0.767,0.08,6.71952688494549e-98
"AT5G05060",3.318111492682e-102,1.45168052246155,0.664,0.032,6.81639643941664e-98
"AT5G37360",3.55225337616532e-102,1.32698852795064,0.65,0.025,7.29739411065643e-98
"AT1G51700",5.32616031462506e-102,1.01078268370262,0.712,0.055,1.09415311343343e-97
"AT5G15090",6.14301488096771e-102,0.758043327470987,0.69,0.044,1.2619595469972e-97
"AT5G59250",6.74928898514418e-102,1.41524309135653,0.65,0.025,1.38650643621817e-97
"AT3G57320",6.90831900645554e-102,0.695418723739361,0.68,0.04,1.41917597349616e-97
"AT1G64355",7.68149271873725e-102,1.68666485287499,0.626,0.015,1.57800904921019e-97
"AT3G02540",9.24772433722317e-102,0.867295266177847,0.645,0.023,1.89976001059576e-97
"AT1G17470",1.07552432329323e-101,0.42440663166953,0.684,0.042,2.20944961734128e-97
"AT1G01800",1.2484228897649e-101,1.03164257099214,0.664,0.034,2.56463514244403e-97
"AT2G22450",1.25704716188616e-101,1.75499207645971,0.639,0.021,2.58235198466275e-97
"AT1G12230",1.36590070314816e-101,1.20803863783293,0.644,0.023,2.80596981447726e-97
"AT2G05630",1.60042251819149e-101,0.417761795327291,0.707,0.053,3.28774797912077e-97
"AT4G01000",1.76885238916004e-101,0.45202430306473,0.735,0.066,3.63375346305148e-97
"AT1G65230",1.89835772755091e-101,0.761427441093915,0.666,0.034,3.89979627970783e-97
"AT1G62750",1.94825745215385e-101,0.431500310279557,0.745,0.07,4.00230528395965e-97
"AT3G04790",2.15464150985986e-101,2.10227307031863,0.634,0.019,4.42628005370512e-97
"AT3G55280",2.3842288016578e-101,2.53564496790727,0.624,0.015,4.89792122724561e-97
"AT3G60530",3.08847008564012e-101,4.24180376606479,0.599,0.004,6.34464409693051e-97
"AT5G52040",3.18091184099942e-101,0.360619116631615,0.721,0.059,6.5345471949651e-97
"AT1G57990",3.30645215913666e-101,-4.02033821072163,0.839,0.81,6.79244467051445e-97
"AT4G25890",3.32856250450422e-101,2.73652379398015,0.612,0.011,6.83786595300301e-97
"AT4G33940",3.40724698403451e-101,0.869672367534074,0.671,0.038,6.9995074793021e-97
"AT3G21200",3.5678810844262e-101,2.04493939239159,0.624,0.015,7.32949811173674e-97
"AT1G35340",3.70249669304502e-101,1.17315508780264,0.638,0.021,7.60603895652238e-97
"AT4G02530",5.23996211556188e-101,0.503328151893659,0.706,0.053,1.07644541739988e-96
"AT3G16000",6.56456376697809e-101,1.73598462691972,0.632,0.019,1.34855833465031e-96
"AT1G65980",7.73962115775404e-101,0.327346143311318,0.954,0.167,1.58995037443741e-96
"AT5G17840",9.25298331089857e-101,1.75109404500167,0.643,0.025,1.90084036155789e-96
"AT4G25500",1.38993631287823e-100,0.782516387957744,0.681,0.042,2.85534616754575e-96
"PGR5-LIKE A",1.6962852946393e-100,1.03676677106764,0.982,0.205,3.4846788807775e-96
"AT2G27960",1.79351313295027e-100,0.785453888402222,0.676,0.04,3.68441402901973e-96
"AT1G61780",1.82726852856509e-100,0.885547875346629,0.694,0.049,3.75375773823127e-96
"AT3G58140",1.85281781491248e-100,0.757903618606828,0.667,0.036,3.80624363717471e-96
"AT5G35100",2.51525141971525e-100,0.719439695088985,0.653,0.03,5.16708099152104e-96
"AT2G01450",2.91495875621398e-100,0.345324772978951,0.754,0.076,5.98819977289039e-96
"AT4G26630",3.01614736022111e-100,0.638192970687546,0.671,0.038,6.19607152210222e-96
"AT2G30620",3.15397183543885e-100,2.70013288860906,0.621,0.017,6.47920434154202e-96
"AT5G58740",3.42190439100806e-100,1.629570178011,0.633,0.021,7.02961819044786e-96
"AT1G29040",3.94333393588382e-100,0.879625003481303,0.67,0.038,8.10079090448614e-96
"AT5G14780",5.12552160048559e-100,0.408940921846975,0.836,0.116,1.05293590238775e-95
"AT2G46550",6.14836556774346e-100,1.72723162232801,0.646,0.027,1.26305873858154e-95
"AT4G14340",6.39512772712341e-100,1.99521077539552,0.632,0.021,1.31375108898296e-95
"AT5G11840",6.71675396035198e-100,0.553596999461065,0.708,0.057,1.37982276607511e-95
"AT4G00030",8.25434161222845e-100,2.34521202157993,0.614,0.013,1.69568939740009e-95
"AT3G49680",1.06451360017287e-99,0.897928684030699,0.646,0.027,2.18683028883512e-95
"AT4G39640",1.06736332794744e-99,-5.62553111515449,0.25,0.632,2.19268448460243e-95
"AT4G14615",1.11702054786165e-99,0.478068175707864,0.683,0.044,2.29469531147219e-95
"AT4G02790",1.2915017913096e-99,3.1360776304912,0.604,0.008,2.65313212988731e-95
"AT1G77090",1.38859982221211e-99,1.23162790402809,0.631,0.021,2.85260061477033e-95
"AT3G61580",1.45552791228698e-99,0.820752740876195,0.961,0.186,2.99009099021115e-95
"AT1G13440",1.49682065171155e-99,0.762164697959435,0.964,0.178,3.07491866481103e-95
"AT3G46560",1.7674435537381e-99,0.897454282800892,0.677,0.042,3.63085929244418e-95
"AT1G06760",1.91534930699881e-99,2.64417767883244,0.641,0.03,3.93470208136765e-95
"AT4G25550",1.94079103345426e-99,0.439146691637756,0.658,0.034,3.98696702002509e-95
"AT2G30870",2.13742758533671e-99,0.373800355502126,0.879,0.14,4.39091748855721e-95
"AT4G18740",2.70996813511807e-99,2.5692392979233,0.603,0.008,5.56708753997305e-95
"AT4G10080",3.30034679263325e-99,0.547961824258473,0.678,0.044,6.7799024161065e-95
"AT3G15000",4.50057739846854e-99,1.82906847697145,0.637,0.025,9.24553614967391e-95
"AT4G04340",4.53544391856119e-99,0.368638911801984,0.823,0.11,9.31716244190026e-95
"AT5G07240",4.98984003952609e-99,2.82063167468426,0.597,0.006,1.02506283931985e-94
"AT4G16146",5.84068370684469e-99,0.387755178767491,0.717,0.061,1.1998516538971e-94
"AT4G14716",6.00930089943653e-99,0.688705747269668,0.669,0.04,1.23449068377125e-94
"AT3G10300",6.81846057231152e-99,0.278264074005598,0.862,0.131,1.40071635536995e-94
"AT3G13790",7.72562887889765e-99,-7.71778728848431,0.034,0.37,1.58707594059194e-94
"AT2G40600",1.04497150327676e-98,0.643759017957155,0.683,0.047,2.14668495918145e-94
"AT1G67700",1.28065021153827e-98,1.05998806193599,0.984,0.216,2.63083972956307e-94
"AT5G63190",1.41737136567995e-98,1.70038997369852,0.631,0.023,2.91170599651632e-94
"AT1G72640",1.48242523022918e-98,2.83010328939389,0.595,0.006,3.0453461504598e-94
"AT1G23820",1.48406587138057e-98,1.55313949674224,0.632,0.023,3.04871651957711e-94
"AT1G12810",1.67020560155056e-98,0.511286751809058,0.681,0.047,3.43110336726532e-94
"AT4G38430",1.69911973912129e-98,2.1429811005648,0.612,0.015,3.49050168007686e-94
"AT2G45180",1.86874726806942e-98,1.57703158350515,0.994,0.359,3.83896751279502e-94
"AT5G58090",1.90993198486362e-98,1.17007974293891,0.671,0.042,3.92357327650533e-94
"AT2G37480",2.08248320463784e-98,1.0489623838653,0.631,0.023,4.27804524728751e-94
"AT3G03920",2.14044494929834e-98,1.45806266388766,0.64,0.027,4.39711605934358e-94
"AT3G57870",3.11592293913398e-98,0.55202137670311,0.928,0.167,6.40104049386293e-94
"AT2G20490",3.13604901910869e-98,2.12247431019686,0.621,0.019,6.44238549995498e-94
"AT5G66055",3.18859804279634e-98,2.14355526837422,0.608,0.013,6.55033695931652e-94
"AT4G36530",4.65131150338145e-98,0.650172099117204,0.658,0.036,9.55518922139651e-94
"AT4G09670",4.79130588060566e-98,1.14842647394713,0.621,0.019,9.8427796705282e-94
"AT2G32500",4.97724121434095e-98,1.6420217144586,0.611,0.015,1.02247466266206e-93
"AT2G47910",5.41542915890477e-98,1.46368049297896,0.618,0.019,1.11249161211381e-93
"AT5G47310",5.52565935453291e-98,0.979885605724445,0.634,0.025,1.1351362012017e-93
"AT3G58700",6.61164579948953e-98,2.01235347668049,0.62,0.019,1.35823039658913e-93
"AT5G35620",8.01746671351054e-98,0.703884102430036,0.652,0.034,1.64702818695647e-93
"AT1G15390",8.34552210037128e-98,2.66810625197127,0.603,0.013,1.71442060507927e-93
"AT3G13580",1.03739136122749e-97,1.86703327837813,0.619,0.019,2.13111307336964e-93
"AT3G30720",1.08178703168834e-97,2.87505801009849,0.607,0.015,2.22231509919737e-93
"AT3G57610",1.13931342185884e-97,2.41202720846962,0.613,0.017,2.34049156252462e-93
"AT3G06610",1.2383087323394e-97,0.988294341357555,0.628,0.023,2.54385762884482e-93
"AT2G27600",1.27941686993252e-97,0.266495240305836,0.697,0.055,2.62830607590238e-93
"AT5G66720",1.37467852371836e-97,2.21611839749794,0.609,0.015,2.82400209127463e-93
"AT4G14800",1.46371414161412e-97,0.475823948145915,0.688,0.051,3.00690796111789e-93
"AT5G22510",1.48675967862309e-97,0.903531712790983,0.633,0.025,3.05425040779542e-93
"AT1G74440",1.96846260208966e-97,2.29864387301446,0.612,0.017,4.04381272347279e-93
"AT1G71695",2.00434495209449e-97,5.67225080982265,0.581,0.002,4.1175258350877e-93
"AT3G58010",2.03639419268879e-97,0.379417078750441,0.683,0.049,4.18336459004058e-93
"AT3G19800",2.08568913379724e-97,1.66365068588796,0.623,0.021,4.28463118755967e-93
"AT3G19810",2.16440403758353e-97,1.0448346300883,0.635,0.027,4.44633521440784e-93
"AT3G24570",2.19231064605309e-97,1.19590428426772,0.636,0.027,4.50366376018687e-93
"AT4G10610",2.39663315261277e-97,1.07732459349604,0.656,0.038,4.92340348541241e-93
"AT3G47380",2.76917296865622e-97,-8.73281846934817,0.018,0.321,5.68871202951046e-93
"AT3G09050",3.49588438295122e-97,1.89342516886038,0.599,0.011,7.1815952878967e-93
"AT3G53990",4.80656729057439e-97,0.982084952286744,0.991,0.211,9.87413118502697e-93
"AT3G58680",5.24078300335771e-97,0.787743872872338,0.981,0.203,1.07661405237977e-92
"AT4G01995",6.22319845051709e-97,1.01180156225408,0.63,0.025,1.27843165768972e-92
"AT1G08540",8.21450961239893e-97,1.08061702295928,0.653,0.036,1.68750670967511e-92
"AT1G20510",8.64059962655073e-97,0.253888230496031,0.808,0.108,1.77503838128232e-92
"AT1G49300",8.93735336346027e-97,1.12245184813838,0.636,0.03,1.83600050145564e-92
"AT4G33625",9.79634390772793e-97,1.02209626977151,0.634,0.027,2.01246292896455e-92
"AT2G38270",1.04533080847312e-96,0.892987891355722,0.654,0.038,2.14742307984634e-92
"AT1G15400",1.07086176295787e-96,0.324008247277719,0.688,0.053,2.19987131964436e-92
"AT1G70090",1.50994832761706e-96,1.77113522053754,0.61,0.017,3.10188684942373e-92
"AT4G33666",1.66054649783855e-96,3.1343081494834,0.591,0.008,3.41126067050973e-92
"AT2G37940",1.92511883869436e-96,-5.00781587980252,0.618,0.763,3.95477163032983e-92
"AT5G48655",1.93788211584703e-96,0.303714407285538,0.889,0.15,3.98099123058456e-92
"AT1G66500",1.94520548380904e-96,0.640410321744234,0.794,0.106,3.99603562538892e-92
"AT2G21130",2.09986964595975e-96,1.19667261240938,0.645,0.034,4.31376221369511e-92
"AT5G19780",2.14052238929281e-96,1.20268455371625,0.629,0.027,4.39727514432422e-92
"AT3G19760",2.24220304294772e-96,0.360368933204479,0.687,0.053,4.6061577111275e-92
"AT5G55160",2.64064566445079e-96,0.260138540331852,0.678,0.049,5.42467838848125e-92
"AT4G30310",2.76478497672579e-96,0.751771937891379,0.641,0.032,5.67969777768779e-92
"AT5G10810",2.80999577433576e-96,0.88718835085415,0.627,0.025,5.77257431921795e-92
"AT1G61360",3.12641683515511e-96,-7.01525058721139,0.067,0.429,6.42259810445915e-92
"AT1G64520",4.06448361992774e-96,0.274131658660296,0.682,0.051,8.34966870041757e-92
"AT3G08030",4.69849290157504e-96,0.264290821392859,0.914,0.156,9.65211396770561e-92
"AT1G49410",5.4069190874168e-96,1.00019364155658,0.626,0.025,1.11074338812803e-91
"AT1G53910",7.35271746571968e-96,0.693245435078196,0.641,0.034,1.51046874898279e-91
"AT3G02770",8.27633787427585e-96,0.568982837061969,0.664,0.044,1.70020808951249e-91
"AT4G05070",9.34576192990137e-96,0.622575119721959,0.671,0.047,1.91989987325964e-91
"AT1G29395",1.01045640029733e-95,1.54360880424907,0.976,0.264,2.0757805831308e-91
"AT3G60370",1.39224938403449e-95,1.0566786656906,0.623,0.025,2.86009790962206e-91
"AT1G50020",1.52626076226685e-95,1.14960172150189,0.611,0.019,3.1353974839248e-91
"AT5G09900",1.63455274861389e-95,0.423582069061446,0.651,0.038,3.3578617114775e-91
"GAMMA CA1",1.65227481298045e-95,1.31638287457158,0.635,0.032,3.39426814830574e-91
"AT4G27740",1.65336831190252e-95,0.549160489931718,0.711,0.066,3.39651452314135e-91
"AT1G12580",1.79329823921744e-95,1.44226944114032,0.633,0.03,3.6839725728244e-91
"AT4G29070",2.22155166964038e-95,0.500612182877712,0.638,0.032,4.56373359494224e-91
"AT3G07568",2.28264786805642e-95,0.726017446593258,0.633,0.03,4.68924351534831e-91
"AT1G08930",2.3659117217758e-95,-3.6885216070145,0.871,0.803,4.86029245004402e-91
"AT2G18390",2.40033706581095e-95,1.16398425475381,0.641,0.034,4.93101243429544e-91
"AT2G29450",2.41488143425914e-95,-1.28856003485479,0.997,0.979,4.96089093039855e-91
"AT1G79870",2.70191025915611e-95,1.3162970764149,0.619,0.023,5.5505342453844e-91
"AT3G15360",2.89418625800351e-95,1.32460513600233,0.996,0.266,5.9455268298166e-91
"AT1G12310",3.20249453096368e-95,1.01578460695469,0.636,0.032,6.57888451495869e-91
"AT5G32450",3.76082128197222e-95,1.44832945989113,0.62,0.025,7.72585515955552e-91
"AT5G42890",3.84361072817173e-95,0.40646813675772,0.697,0.059,7.89592951888318e-91
"AT3G24590",3.85700158895373e-95,1.34792782047988,0.618,0.023,7.92343836418765e-91
"AT3G47350",4.06854318310469e-95,1.36597907393311,0.638,0.034,8.35800826105197e-91
"AT5G27730",4.09818931524107e-95,1.18254518235556,0.631,0.03,8.41891031029972e-91
"AT3G19520",4.26637138256396e-95,0.863841259222299,0.649,0.038,8.76440673120115e-91
"AT1G14685",4.55946665369581e-95,1.40718816871124,0.615,0.023,9.36651234668731e-91
"AT5G24770",4.91788961730345e-95,3.20276006017001,0.636,0.047,1.01028206408265e-90
"AT2G34310",5.2874031328811e-95,0.880629290569488,0.627,0.027,1.08619122558776e-90
"AT3G10970",6.09995627485528e-95,1.08488905861964,0.624,0.027,1.25311401754352e-90
"AT3G22630",6.51698818533633e-95,1.51627235453726,0.626,0.027,1.33878488291364e-90
"AT2G41680",8.13478463228358e-95,0.675183482005991,0.644,0.036,1.67112880701002e-90
"AT5G67220",9.49792418010317e-95,1.83563553801286,0.611,0.021,1.95115856431859e-90
"AT3G42050",1.10327132566898e-94,0.612921647583526,0.68,0.053,2.26645028432179e-90
"AT1G25420",1.23398098199305e-94,1.28886291438532,0.607,0.019,2.53496713130833e-90
"AT5G43830",1.35958334526802e-94,0.319896565614934,0.661,0.044,2.7929920661841e-90
"AT3G52580",1.46192093995376e-94,2.00850354503696,0.602,0.017,3.00322418694701e-90
"AT5G22080",1.7452014234453e-94,0.433614171405252,0.68,0.053,3.58516728418367e-90
"AT1G74010",2.34864711489335e-94,-8.78298311285683,0.014,0.304,4.8248257681254e-90
"AT5G26742",2.61798756130392e-94,0.619738662331462,0.656,0.042,5.37813184718665e-90
"AT1G10840",2.6620605760928e-94,2.74501517882695,0.591,0.013,5.46867104146744e-90
"AT1G13820",3.54273176475282e-94,0.738457143924629,0.628,0.03,7.27783386433172e-90
"AT1G57540",3.85393950301193e-94,1.3480663068305,0.609,0.021,7.91714792103741e-90
"AT5G58200",5.24782218488144e-94,0.470793187448054,0.7,0.063,1.07806011144019e-89
"AT3G22320",5.7474438159412e-94,2.08888716817054,0.595,0.015,1.1806973831088e-89
"AT4G36780",7.72361914084359e-94,2.22165073855293,0.581,0.008,1.5866630801035e-89
"AT5G51940",7.88690327726922e-94,1.34482391841514,0.607,0.021,1.62020654024942e-89
"AT1G63830",8.13663558468987e-94,0.319710083864878,0.909,0.163,1.67150904816284e-89
"AT5G10460",1.01087932624568e-93,1.6833689732801,0.591,0.015,2.07664939990649e-89
"AT5G18660",1.01120393690508e-93,2.23217752260648,0.589,0.013,2.07731624758411e-89
"AT1G07040",1.01813286013979e-93,0.383362367864515,0.658,0.044,2.09155033458517e-89
"AT1G07020",1.09440033252562e-93,1.21807266598008,0.616,0.025,2.24822660310739e-89
"AT4G14385",1.26029370883261e-93,1.28506673311104,0.623,0.03,2.58902136605484e-89
"AT5G46710",1.29225260688144e-93,1.69062782729147,0.612,0.023,2.65467453031654e-89
"AT5G28500",1.31050662937765e-93,1.48840366402493,0.604,0.021,2.69217376873051e-89
"AT2G36145",1.67285373582502e-93,0.794841712760873,0.643,0.038,3.43654342950534e-89
"AT2G46220",2.00822896487046e-93,0.846345168885868,0.981,0.216,4.12550476253338e-89
"AT3G45780",2.12951953159055e-93,0.704320490164461,0.639,0.036,4.37467197374647e-89
"AT2G02500",2.34302467657493e-93,1.69198571527811,0.592,0.015,4.81327559308788e-89
"AT1G50480",3.15805195091775e-93,1.30783424515735,0.606,0.021,6.48758612277033e-89
"AT3G43980",3.50565090813275e-93,1.76994521403672,0.596,0.017,7.20165866057711e-89
"AT4G31990",3.61375349578314e-93,0.341035570898689,0.669,0.051,7.4237338063873e-89
"AT2G38870",3.76280707398473e-93,-2.29950361232511,0.937,0.854,7.72993457208683e-89
"AT5G27390",5.14238820459487e-93,2.07802033524605,0.582,0.011,1.05640080886992e-88
"AT1G71720",5.67062223334516e-93,1.82732765049884,0.586,0.013,1.1649159253961e-88
"AT4G35760",1.1120858777504e-92,2.38459560552044,0.599,0.019,2.28455801866264e-88
"AT5G64180",1.58525831891023e-92,1.30208159164892,0.624,0.032,3.25659616453729e-88
"AT5G16970",1.59748710539971e-92,-2.43485075113596,0.941,0.837,3.28171776062263e-88
"AT1G50250",1.61280721465056e-92,-0.417656543208247,0.775,0.099,3.31318986105664e-88
"AT5G04600",1.75885781295544e-92,1.21642232980949,0.597,0.019,3.61322160515437e-88
"AT4G34920",1.80039306547985e-92,0.855753295209689,0.648,0.042,3.69854747441525e-88
"AT4G27390",2.37839869970534e-92,0.408613857752312,0.644,0.04,4.88594444880469e-88
"AT3G48530",2.5523696987001e-92,0.903609319337394,0.639,0.038,5.24333307203961e-88
"AT5G03880",2.99378387289795e-92,0.635017980631439,0.971,0.205,6.15013021009426e-88
"AT2G38400",3.14604229267629e-92,0.455342299967117,0.895,0.161,6.4629146818449e-88
"AT5G60670",3.1765253910968e-92,3.37440925207263,0.569,0.006,6.52553611093017e-88
"AT5G53160",3.35726588821574e-92,0.727303446159127,0.64,0.04,6.89683131416159e-88
"AT3G60810",3.42351875587411e-92,0.994726084387491,0.62,0.03,7.03293458019218e-88
"AT4G39800",3.49106509354469e-92,1.19946215538909,0.615,0.027,7.17169502166886e-88
"AT2G31880",4.20997176579461e-92,-2.31212754424954,0.973,0.825,8.64854499847187e-88
"AT2G45790",5.00997278725767e-92,1.17658572583876,0.61,0.025,1.02919870968634e-87
"AT5G04490",5.05614896654212e-92,0.95063434946737,0.614,0.027,1.03868468219675e-87
"AT4G18710",5.53342242719743e-92,0.420717364051046,0.676,0.057,1.13673096921917e-87
"AT2G01350",5.66539917028398e-92,1.29137579064145,0.601,0.021,1.16384295155144e-87
"AT1G04850",5.69918951497177e-92,0.920625488455715,0.619,0.03,1.17078450206065e-87
"AT2G16710",6.97790694214721e-92,0.482545465500627,0.66,0.049,1.4334714231253e-87
"AT4G30270",7.3990609004198e-92,-6.36579054040683,0.128,0.505,1.51998908077324e-87
"AT1G19130",7.55823842241745e-92,1.41698734123122,0.599,0.021,1.55268891911722e-87
"AT3G16100",8.1710605001254e-92,2.66113479066051,0.577,0.011,1.67858095854076e-87
"AT2G42770",1.005411324019e-91,3.61863093020149,0.569,0.008,2.06541648293223e-87
"AT1G34430",1.00839388166622e-91,0.831885906171868,0.623,0.032,2.07154355110692e-87
"AT1G23860",1.01362289280083e-91,1.4713380066117,0.608,0.025,2.08228550868075e-87
"AT2G42500",1.02872420495747e-91,1.17638794251375,0.608,0.025,2.11330813424413e-87
"AT3G54210",1.08445811691347e-91,1.16500387306019,0.992,0.266,2.22780230957533e-87
"AT5G38470",1.14810402673589e-91,0.373572519010415,0.673,0.055,2.35855010212354e-87
"AT5G10160",1.44942518385279e-91,2.12941988672826,0.571,0.008,2.97755415518879e-87
"AT5G52370",1.49010810598178e-91,1.18877955244104,0.596,0.021,3.06112908211838e-87
"AT2G39670",1.55904915862096e-91,1.64752330044705,0.585,0.015,3.20275468655504e-87
"AT1G79500",1.57119587056751e-91,3.0046384381721,0.562,0.004,3.22770767690684e-87
"AT5G04910",1.79059359808779e-91,0.942560045941024,0.598,0.021,3.67841642855175e-87
"AT2G30695",1.79147902947952e-91,1.45417213859029,0.589,0.017,3.68023537025978e-87
"AT3G16770",1.98136657033648e-91,1.31731697251207,0.662,0.053,4.07032134544223e-87
"AT1G02130",2.0592830092842e-91,2.66791742478745,0.571,0.008,4.23038508597254e-87
"AT2G29700",2.22928990238341e-91,0.716053195417816,0.639,0.04,4.57963024646623e-87
"AT3G59600",2.55575295024527e-91,1.46869879307761,0.591,0.019,5.25028328568885e-87
"AT1G18390",2.82493942902702e-91,-6.71238934971498,0.076,0.431,5.80327306905021e-87
"AT1G02560",2.9471043052676e-91,0.385222828065182,0.962,0.192,6.05423637431122e-87
"AT1G45000",3.07208201202847e-91,0.874132679547122,0.611,0.027,6.31097807731008e-87
"AT1G16740",3.57014227329531e-91,2.4104155189104,0.565,0.006,7.33414327203056e-87
"FED A",4.22559609658216e-91,1.27122600429739,0.996,0.484,8.68064206120874e-87
"AT1G27435",4.87293245265922e-91,1.48257381746598,0.587,0.017,1.00104651374978e-86
"AT4G15780",5.51351053766915e-91,0.647818594535814,0.629,0.036,1.13264046975337e-86
"AT2G34520",6.21530672226481e-91,1.30800152944114,0.604,0.025,1.27681045995486e-86
"AT3G16240",6.35821908123643e-91,0.288128990172425,0.965,0.211,1.3061689458584e-86
"AT3G17860",7.38723284257557e-91,0.615423852086906,0.652,0.049,1.5175592428503e-86
"AT1G69390",9.34610984628873e-91,1.48835688948737,0.584,0.017,1.91997134572309e-86
"AT4G21192",9.54492464403676e-91,0.741054730238144,0.604,0.025,1.96081386962447e-86
"AT1G76405",9.55895198959203e-91,2.74821534562046,0.567,0.008,1.96369550722189e-86
"AT3G11500",1.20278953547686e-90,1.12552700244695,0.589,0.019,2.47089054273012e-86
"AT2G01470",1.55041703991865e-90,0.773504630199332,0.649,0.047,3.18502172510489e-86
"AT1G70700",1.6685716302971e-90,0.570820893450869,0.785,0.11,3.42774670011932e-86
"AT5G21274",1.78622796601594e-90,0.333933557520478,0.631,0.038,3.66944811058655e-86
"AT2G42750",1.92565272356824e-90,0.651609099840316,0.65,0.047,3.95586839002624e-86
"AT4G10920",2.1343797482262e-90,1.08771274021213,0.601,0.025,4.38465631678108e-86
"AT5G63030",2.13495385673244e-90,-0.367518545348904,0.76,0.097,4.38583570788546e-86
"AT2G38465",2.64438681977561e-90,1.15235356855862,0.608,0.027,5.43236384386504e-86
"AT5G40810",2.66800893852412e-90,1.54799765163553,0.584,0.017,5.48089076241011e-86
"AT5G45170",2.87202171275072e-90,0.718496185806235,0.623,0.036,5.8999942045038e-86
"AT4G27720",2.88218276760986e-90,0.550731796972762,0.708,0.074,5.92086805950093e-86
"AT3G53610",3.25959248971765e-90,1.96945083983116,0.569,0.011,6.69618085162697e-86
"AT3G43540",3.43413967596067e-90,1.54938918522386,0.593,0.021,7.054753136326e-86
"AT3G10350",3.72247479244745e-90,1.42763924394239,0.604,0.027,7.64707996612479e-86
"AT2G29670",4.01155347083316e-90,0.305120701542835,0.752,0.097,8.24093429513256e-86
"AT4G32260",4.12688382075165e-90,1.20921776975656,0.995,0.416,8.47785743297012e-86
"AT4G17520",5.08897879800492e-90,1.0461889570312,0.614,0.032,1.04542891447415e-85
"AT5G09960",5.25186446220954e-90,1.07130165536313,0.608,0.03,1.07889051647171e-85
"AT3G51010",6.03000309003787e-90,1.31317196728734,0.582,0.017,1.23874353478648e-85
"AT3G51140",7.02879732268066e-90,1.52824229380496,0.578,0.015,1.44392583399829e-85
"AT3G11450",9.25167330263856e-90,0.743783001636514,0.628,0.038,1.90057124656104e-85
"AT1G24510",1.06660048645569e-89,0.848023164448542,0.593,0.023,2.19111737932592e-85
"AT5G02710",1.29142626989087e-89,1.15109753181542,0.586,0.019,2.65297698623682e-85
"AT4G32340",1.29650250424347e-89,0.94516941399974,0.979,0.224,2.66340509446736e-85
"AT3G14420",1.67390399997175e-89,1.28264615529606,0.992,0.334,3.43870098714197e-85
"AT5G46290",1.89529840434719e-89,1.18920106471508,0.604,0.027,3.89351151205043e-85
"AT3G17390",2.20053807171043e-89,0.353536856689543,0.741,0.093,4.52056536071474e-85
"AT3G06430",2.67635026638927e-89,1.40979987214882,0.576,0.015,5.49802635224348e-85
"AT3G11945",2.81446450490608e-89,0.317483084745631,0.636,0.042,5.78175443242856e-85
"AT3G61640",2.82557517044989e-89,0.902402668156198,0.945,0.203,5.8045790726552e-85
"AT1G67250",2.92925849740162e-89,1.52349242510806,0.603,0.027,6.01757573121215e-85
"AT5G02940",2.93147399749842e-89,0.327700565520988,0.721,0.082,6.022127033061e-85
"AT3G52990",2.99946524126328e-89,0.383837286971706,0.626,0.038,6.16180144512716e-85
"AT4G21390",3.13291610667018e-89,-6.97346559342798,0.064,0.406,6.43594955793254e-85
"AT1G79680",3.43501319618398e-89,-9.00130742965101,0.011,0.281,7.05654760892074e-85
"AT5G04740",3.9869763571584e-89,0.760961635433421,0.629,0.04,8.1904455305105e-85
"AT5G65670",4.15192510638543e-89,0.962666479601018,0.629,0.04,8.52929974604759e-85
"AT2G35880",4.31229529861422e-89,1.85535248584343,0.579,0.017,8.85874823194318e-85
"AT4G17810",4.47106422457829e-89,3.05240325223837,0.556,0.006,9.18490723655117e-85
"AT3G44310",4.84379457229582e-89,0.815676035970427,0.957,0.209,9.95060718986729e-85
"AT3G59840",5.32010172865059e-89,1.29281097858746,0.586,0.021,1.09290849811669e-84
"AT5G24650",6.413772136742e-89,1.46858856070188,0.594,0.025,1.31758121005091e-84
"AT5G41740",6.89765888062075e-89,0.762743781753657,0.714,0.08,1.41698606384592e-84
"AT5G57170",7.55398677880532e-89,1.72549154447233,0.576,0.017,1.55181550396998e-84
"AT4G12060",7.67110452093258e-89,0.516516169317929,0.611,0.032,1.57587500173518e-84
"AT1G60000",8.11871749174389e-89,7.35762945122797,0.541,0,1.66782813432895e-84
"AT3G27050",9.08797451452591e-89,1.54152137525639,0.576,0.017,1.86694260451906e-84
"AT4G11175",1.16829852350073e-88,2.53982282876583,0.561,0.011,2.40003565682755e-84
"AT1G26630",1.19901514630718e-88,1.1957781560802,0.994,0.279,2.46313681505884e-84
"AT5G14430",1.20751190959916e-88,2.11455561214235,0.577,0.017,2.48059171588956e-84
"AT1G14980",1.27139580629645e-88,0.837695849770533,0.619,0.036,2.61182840487479e-84
"AT1G70590",1.49861372532802e-88,0.601068027137288,0.624,0.04,3.07860217594134e-84
"AT3G15580",1.5294528803506e-88,0.284575483045351,0.952,0.19,3.14195505210424e-84
"AT4G38495",1.56826438405398e-88,1.75616838189033,0.57,0.015,3.2216855241621e-84
"AT1G27650",1.78324671658778e-88,0.805578880644872,0.594,0.025,3.66332372988627e-84
"AT1G48520",1.84057222663834e-88,1.22885175061365,0.591,0.023,3.78108752518314e-84
"AT4G37530",1.87808327963528e-88,-7.09979509118936,0.053,0.383,3.85814648135475e-84
"AT3G53500",1.94970880382156e-88,0.854643935699199,0.612,0.034,4.00528679569064e-84
"AT3G05070",2.12055436525522e-88,0.772145859227868,0.595,0.025,4.35625483254381e-84
"AT4G36730",2.37815702917402e-88,0.635441283375502,0.613,0.034,4.88544798503219e-84
"AT4G20260",2.60567689042978e-88,0.781605600079462,0.979,0.226,5.35284203600991e-84
"AT1G03610",2.86686005531099e-88,0.711766773735341,0.606,0.032,5.88939061162536e-84
"AT5G43970",4.14761971769357e-88,0.95030042460812,0.608,0.032,8.52045518605789e-84
"AT1G74960",4.5256905619082e-88,1.22502827689927,0.584,0.021,9.29712612132802e-84
"AT2G43710",4.74683965259006e-88,0.668457077154199,0.598,0.027,9.75143269831577e-84
"AT4G20870",4.75629429386105e-88,0.54922014375089,0.638,0.047,9.77085536787875e-84
"AT4G13220",5.30827400006057e-88,0.397346208100138,0.618,0.038,1.09047872783244e-83
"AT2G41010",6.40644956694356e-88,1.84478700723942,0.574,0.017,1.31607693453722e-83
"AT2G15620",6.76235100410505e-88,1.39443693824851,0.601,0.03,1.3891897667733e-83
"AT2G20420",7.72418773289403e-88,0.554290068646405,0.624,0.04,1.58677988596842e-83
"AT3G13040",8.67618742093115e-88,2.11849015914484,0.571,0.017,1.78234918188189e-83
"AT5G50460",8.70047941668825e-88,-0.419963599744124,0.704,0.076,1.78733948657027e-83
"AT5G12240",8.80637885432565e-88,1.15620289642918,0.581,0.021,1.80909440804412e-83
"AT1G08880",8.9034963386717e-88,1.15704288654678,0.603,0.032,1.82904525285333e-83
"AT5G65260",9.16977881851931e-88,0.93173983438093,0.592,0.025,1.88374766268842e-83
"AT1G04400",1.24592778606998e-87,0.580182784764274,0.63,0.044,2.55950945092356e-83
"AT1G80840",1.66925257120574e-87,1.39713281425738,0.979,0.419,3.42914555702794e-83
"AT5G02530",1.69358426391377e-87,1.05336687589496,0.594,0.027,3.47913015335807e-83
"AT1G50450",1.80935902122767e-87,1.54669416226,0.57,0.017,3.71696623730801e-83
"AT1G09430",1.93625961986881e-87,0.278415206267843,0.698,0.076,3.97765813709651e-83
"AT5G05360",2.16567807146775e-87,0.421029621740285,0.623,0.04,4.44895246221621e-83
"AT3G46030",2.29948925527674e-87,0.915996416312687,0.622,0.04,4.72384077711501e-83
"AT5G46080",2.32260526745403e-87,-6.25624650607947,0.179,0.545,4.77132800093082e-83
"AT1G63290",2.34053239757686e-87,0.994794379370618,0.589,0.025,4.80815570434215e-83
"AT1G21190",2.71416613337901e-87,0.955021189555333,0.586,0.023,5.57571148780051e-83
"AT1G22850",2.9440435779397e-87,0.402016365429446,0.618,0.038,6.04794872216152e-83
"AT3G01540",3.27260901143274e-87,-0.403261099802091,0.827,0.133,6.72292069218627e-83
"AT2G42680",3.43230028176967e-87,-0.257510247940611,0.804,0.123,7.05097446883944e-83
"AT4G26570",3.66829226717504e-87,0.363766421303683,0.64,0.049,7.53577280445769e-83
"AT2G45470",3.81638370889724e-87,2.80478834153981,0.552,0.008,7.8399970531876e-83
"AT1G49970",3.87314160970441e-87,-0.276559053163603,0.878,0.156,7.95659480881578e-83
"AT3G59400",3.91613896257156e-87,3.60918874031596,0.539,0.002,8.04492427081075e-83
"AT3G08510",4.56883085558237e-87,0.48730117146018,0.617,0.038,9.38574922662286e-83
"AT5G24520",4.81152817769639e-87,0.341839549774162,0.616,0.038,9.88432233544169e-83
"AT5G28020",5.45299950966598e-87,2.00688811404823,0.575,0.019,1.12020968927068e-82
"AT1G69040",5.74961996966915e-87,3.62527765353019,0.554,0.011,1.18114443036913e-82
"AT5G58490",5.76320817342587e-87,1.13448228848168,0.589,0.025,1.18393585506688e-82
"AT3G10230",5.78408456393284e-87,0.420949681797613,0.598,0.03,1.18822449196872e-82
"AT4G20440",5.79429179768235e-87,3.13502271293988,0.547,0.006,1.19032136399788e-82
"AT5G20935",6.39410427115676e-87,1.59989085909207,0.566,0.015,1.31354084042373e-82
"AT1G80180",6.51497312951092e-87,0.828893167220761,0.616,0.038,1.33837092999543e-82
"AT1G64040",6.52163610117707e-87,0.53635757668416,0.636,0.049,1.3397397042648e-82
"AT1G29150",6.96690281318011e-87,1.79772999543831,0.57,0.017,1.43121084491159e-82
"AT3G17670",7.14034244496396e-87,0.551981853408966,0.593,0.027,1.46684054846895e-82
"AT3G52560",9.55509475960115e-87,0.573744659800743,0.601,0.032,1.96290311646486e-82
"AT4G38460",1.03992439563977e-86,0.423189252460372,0.641,0.051,2.13631668596278e-82
"AT5G63320",1.16200156445402e-86,0.37659983007457,0.866,0.156,2.38709981385789e-82
"AT2G39900",1.39205697599066e-86,2.67972666746174,0.545,0.006,2.85970264577762e-82
"AT1G55805",1.50195371464589e-86,1.62143516946004,0.559,0.013,3.08546351599705e-82
"AT5G23290",1.70889120248476e-86,0.937900758911626,0.577,0.021,3.51057519726444e-82
"AT3G62410",2.19597606114653e-86,0.426201237728423,0.934,0.188,4.51119362241331e-82
"AT3G26395",2.21935721385865e-86,0.920810746994834,0.609,0.036,4.55922552442982e-82
"AT4G31580",2.33929408509659e-86,0.981929478301555,0.594,0.03,4.80561183901392e-82
"AT3G52880",2.51895502821461e-86,-0.360724175555771,0.893,0.165,5.17468931446126e-82
"AT4G13395",2.78064773719813e-86,1.2858259484441,0.979,0.277,5.71228464652611e-82
"AT3G02200",3.70362671035641e-86,1.48854243654524,0.567,0.017,7.60836035108517e-82
"AT5G11680",4.09367569207088e-86,0.320283278397217,0.645,0.053,8.40963797422122e-82
"AT2G38025",4.13444650068408e-86,1.73440155739808,0.557,0.013,8.49339344635531e-82
"AT2G18740",4.17440080029884e-86,1.46497901699639,0.581,0.023,8.5754715640539e-82
"AT4G33660",4.75853674226306e-86,2.7687415235211,0.539,0.004,9.77546202963101e-82
"AT3G22060",5.58062482354117e-86,-4.8454839868864,0.521,0.719,1.14642775750006e-81
"AT3G02700",6.9655649602974e-86,0.713064201448063,0.586,0.027,1.4309360097939e-81
"AT1G27090",7.11902795256381e-86,1.91590302297164,0.564,0.017,1.46246191229518e-81
"AT1G52670",7.41519660376168e-86,1.66212788045031,0.566,0.017,1.52330383831076e-81
"AT5G05690",7.50114215942768e-86,0.851917854175856,0.848,0.165,1.54095963381123e-81
"AT3G17300",1.22439880443146e-85,1.64090435545732,0.569,0.019,2.51528246394354e-81
"AT3G57260",1.41921885712991e-85,-8.55266347090312,0.043,0.355,2.91550129820197e-81
"AT2G45220",1.46590698088538e-85,-8.15187251198955,0.025,0.313,3.01141271083285e-81
"AT4G28210",1.49580292123817e-85,2.34691925719525,0.541,0.006,3.07282794109958e-81
"AT4G29190",1.68601066568508e-85,3.83707074048192,0.536,0.004,3.46357171051685e-81
"AT4G26410",2.05326289099493e-85,1.16809266954869,0.572,0.021,4.21801795697089e-81
"GAMMA CA2",2.06970186945387e-85,1.5011711224985,0.577,0.023,4.25178855041909e-81
"AT2G14045",2.07207257405013e-85,0.47371876419913,0.604,0.036,4.25665868887118e-81
"AT5G02500",2.0906377018149e-85,1.02717033576173,0.987,0.262,4.29479703083834e-81
"AT1G02300",2.50858638104931e-85,3.07194914277542,0.535,0.004,5.1533890025896e-81
"AT1G58225",2.5784355067249e-85,-8.74522524422121,0.029,0.323,5.29688006146497e-81
"AT1G15520",2.90832306605022e-85,-6.70649942333361,0.142,0.503,5.97456807458697e-81
"AT3G51890",3.42009874870798e-85,0.273242297265045,0.696,0.078,7.02590885947079e-81
"AT2G21530",3.4584525508317e-85,0.63225082452537,0.581,0.025,7.10469907517356e-81
"AT4G39540",3.58631852423246e-85,0.866637198640808,0.574,0.023,7.36737414433074e-81
"AT1G02475",3.7295269330687e-85,0.877075157741508,0.587,0.03,7.66156717860304e-81
"AT5G03345",3.8720414908114e-85,-0.260753005245852,0.865,0.152,7.95433483457386e-81
"AT1G55370",4.07132134831235e-85,1.93174166254441,0.539,0.006,8.36371544583806e-81
"AT5G04930",4.3811372468785e-85,-6.12212378328871,0.196,0.554,9.0001702462625e-81
"AT1G63460",4.39806764011183e-85,1.41775975952213,0.567,0.019,9.03495035308173e-81
"AT5G06370",4.50615227727934e-85,0.630020016487353,0.621,0.044,9.25698862321495e-81
"AT5G36120",5.36651173935653e-85,2.22597991436596,0.548,0.011,1.10244250661601e-80
"AT3G22480",5.80106528438064e-85,1.49861343924904,0.566,0.019,1.19171284137032e-80
"AT1G20020",5.89471394653043e-85,1.06845898055475,0.993,0.277,1.21095108603575e-80
"AT1G30910",5.93780008440173e-85,0.658664836177934,0.591,0.032,1.21980227133865e-80
"AT4G22670",6.28599282145138e-85,1.43376252469083,0.571,0.021,1.29133150531076e-80
"AT2G47420",6.91039248583132e-85,0.596260771182436,0.609,0.04,1.41960192836433e-80
"AT1G72940",1.12794381478107e-84,0.628936657826107,0.655,0.061,2.31713497870476e-80
"AT1G09200",1.15642969928429e-84,5.34256289387226,0.536,0.006,2.37565353123972e-80
"AT3G25860",1.24207739584237e-84,2.15538750503829,0.549,0.013,2.55159959427897e-80
"AT3G07230",1.26369332010793e-84,0.774014188936773,0.592,0.032,2.59600518749772e-80
"AT5G45930",1.42346939566685e-84,2.76472008221348,0.546,0.011,2.9242331795184e-80
"AT3G51950",1.46279049945783e-84,2.88579734471236,0.537,0.006,3.00501052303622e-80
"AT3G48170",1.87303317842433e-84,0.869821398432456,0.589,0.032,3.84777205843709e-80
"AT3G50000",2.02156361019874e-84,1.50254787624737,0.571,0.023,4.15289812443126e-80
"AT1G01080",2.07930714003737e-84,2.35961243053542,0.543,0.011,4.27152065777877e-80
"AT5G09920",2.1057536106672e-84,0.611431829899826,0.594,0.034,4.32584964239364e-80
"AT4G19100",2.18210766908481e-84,1.72768397264767,0.554,0.015,4.48270378460092e-80
"AT1G04985",2.21046944667447e-84,0.430723999754169,0.633,0.051,4.54096738430335e-80
"AT5G53940",2.21312854512757e-84,0.978208324388076,0.572,0.023,4.54642997025556e-80
"AT5G57850",2.35931049527313e-84,1.43448002586332,0.564,0.019,4.84673155043959e-80
"AT5G64860",2.366592156215e-84,0.514905749886931,0.601,0.036,4.86169026651247e-80
"AT5G45410",2.78185574831025e-84,0.745999350890208,0.609,0.04,5.71476626375375e-80
"AT2G01755",3.13293116055972e-84,4.67939485916597,0.526,0.002,6.43598048313783e-80
"AT2G34750",3.21496422183335e-84,0.581002938426915,0.581,0.027,6.60450100091225e-80
"AT3G15110",3.46558536937871e-84,0.77417503076886,0.577,0.025,7.11935202431468e-80
"AT3G04880",3.76388601436342e-84,0.907675349514297,0.579,0.027,7.73215103930678e-80
"AT4G37830",3.8563694187664e-84,0.819378566837885,0.987,0.252,7.92213969697182e-80
"AT5G08320",4.58574791551295e-84,1.49782982962585,0.567,0.021,9.42050194283825e-80
"AT5G43260",5.07676796423693e-84,-0.327442748929227,0.669,0.068,1.04292044289319e-79
"AT1G64230",5.2060923032237e-84,1.04448959546183,0.981,0.266,1.06948754185124e-79
"AT1G06430",5.73266512697491e-84,-0.267302285608585,0.687,0.076,1.17766139703446e-79
"AT1G15370",6.33919078002792e-84,0.44526094413343,0.608,0.04,1.30225996194113e-79
"AT2G47930",6.37780781927205e-84,2.73598046194886,0.539,0.008,1.31019306031306e-79
"AT5G04260",6.56480432393726e-84,1.08335577959062,0.576,0.025,1.34860775226643e-79
"AT1G07700",6.6512086271969e-84,-0.322742777042344,0.645,0.057,1.36635778828506e-79
"AT2G40300",7.66550035439904e-84,1.18089265804744,0.586,0.032,1.57472373780419e-79
"AT3G57530",8.23328217139979e-84,0.40514219504248,0.929,0.197,1.69136315647066e-79
"AT2G34560",8.50279844980727e-84,1.98799666061065,0.547,0.013,1.74672988554391e-79
"AT5G66210",8.68685680976149e-84,0.474932141748327,0.926,0.195,1.7845409944293e-79
"AT3G02220",9.4264264803883e-84,1.53144841818183,0.566,0.021,1.93647079186617e-79
"AT5G22875",1.11539454854279e-83,1.06750689855264,0.567,0.023,2.29135502107146e-79
"AT1G70480",1.33489244097708e-83,0.787276295048178,0.688,0.08,2.74226954149921e-79
"AT2G15970",1.66351695683711e-83,0.518474349999854,0.882,0.175,3.41736288443048e-79
"AT1G66820",1.93590126882267e-83,1.29180397200905,0.55,0.015,3.97692197654242e-79
"AT2G42790",2.11855301506488e-83,0.296754720030157,0.608,0.042,4.35214345884778e-79
"AT4G13170",2.97387425098905e-83,3.05264673589159,0.531,0.006,6.10922987380681e-79
"AT1G32310",3.16025099941992e-83,1.80586048196451,0.545,0.013,6.49210362810834e-79
"AT1G08490",4.16556365780131e-83,0.757206795442945,0.577,0.027,8.55731742222123e-79
"AT1G12120",4.51836936433131e-83,1.15581906770011,0.565,0.023,9.2820861851458e-79
"AT1G07150",4.65604038629272e-83,0.566323361166401,0.737,0.104,9.56490376556113e-79
"AT3G27740",5.36120403751949e-83,3.59822669677887,0.53,0.006,1.10135214542763e-78
"AT5G61230",5.43358585933429e-83,0.498906967730638,0.598,0.038,1.11622154308304e-78
"AT4G26110",5.44024793598064e-83,1.61249085028225,0.561,0.021,1.1175901334885e-78
"AT3G63170",6.06602568308692e-83,0.851727975109722,0.567,0.023,1.24614365607655e-78
"AT5G12470",6.50985416678701e-83,1.80861129838037,0.555,0.019,1.33731934148305e-78
"AT2G17695",6.81968518556258e-83,1.0183122403342,0.573,0.027,1.40096792767012e-78
"AT3G48590",7.19739479032265e-83,0.658230624328398,0.573,0.027,1.47856081177598e-78
"AT5G08420",7.26491299195667e-83,1.38612809514441,0.555,0.019,1.49243107593766e-78
"AT5G06340",7.73943732057498e-83,0.365611832237624,0.576,0.027,1.58991260876572e-78
"AT4G01900",8.42194668449931e-83,1.87794728831776,0.547,0.015,1.73012050739669e-78
"AT2G33470",8.65200876707102e-83,1.09517857593114,0.584,0.032,1.7773821610194e-78
"AT2G45380",8.94465781158118e-83,0.844416717721383,0.584,0.032,1.83750105423312e-78
"AT2G35370",1.0802303275625e-82,0.89228075330274,0.981,0.252,2.21911716191165e-78
"AT1G23360",1.26327677760139e-82,2.48261266377101,0.546,0.015,2.59514948422653e-78
"AT1G12840",1.49965754432034e-82,0.955222091976054,0.587,0.034,3.08074649329728e-78
"AT1G06690",1.78944139294495e-82,1.45276096155434,0.555,0.019,3.6760494535268e-78
"AT1G64860",2.32552273822936e-82,0.910244593848533,0.564,0.023,4.77732136114457e-78
"AT2G34585",2.78704305828398e-82,-0.256567756725098,0.751,0.11,5.72542255463277e-78
"AT5G47320",3.05219609554716e-82,1.34032559604328,0.564,0.023,6.27012643908254e-78
"AT2G25950",3.13031039475842e-82,1.585504563454,0.54,0.013,6.43059664395223e-78
"AT5G05780",3.34962595803062e-82,1.93493657092585,0.535,0.011,6.88113660558231e-78
"AT2G25910",3.47976684811128e-82,0.435921102301862,0.614,0.047,7.14848503607501e-78
"AT5G49510",3.6980889074701e-82,0.851843160148668,0.571,0.027,7.59698404261582e-78
"AT4G27000",4.66317305230096e-82,0.731378887708962,0.572,0.027,9.57955640134186e-78
"AT1G43710",4.80773524180031e-82,1.04453282802204,0.554,0.019,9.87653050723037e-78
"AT5G54290",5.06372606166326e-82,1.72729676845906,0.544,0.015,1.04024124484748e-77
"AT1G17530",5.27981477367109e-82,0.945396403435671,0.552,0.019,1.08463234895525e-77
"AT4G14342",7.883744654709e-82,0.821501255900311,0.566,0.025,1.61955766441687e-77
"AT3G19860",8.55121815926587e-82,1.71420394264878,0.539,0.013,1.75667674645799e-77
"AT4G29040",8.75227279346375e-82,0.276296075852417,0.641,0.061,1.79797939996126e-77
"AT4G16490",9.01463413330771e-82,0.867072279173257,0.576,0.03,1.8518762900054e-77
"AT5G08040",9.09811047289842e-82,0.553442642100542,0.576,0.03,1.86902483444752e-77
"AT4G30580",9.10560640170921e-82,1.06937886906928,0.552,0.019,1.87056472310312e-77
"AT5G10980",9.54970416178829e-82,0.258603367069258,0.956,0.207,1.96179572595617e-77
"AT2G29980",1.07904651138324e-81,2.57289446638883,0.524,0.006,2.21668524833459e-77
"AT4G14710",1.21124906541382e-81,-0.441777045717074,0.724,0.097,2.48826895507961e-77
"AT2G42600",1.22115333099928e-81,-0.377281954443534,0.77,0.118,2.50861528787181e-77
"AT4G09550",1.48976838225591e-81,1.20732899603448,0.547,0.017,3.06043118766831e-77
"AT5G12140",1.63459264562662e-81,-0.464045289963937,0.727,0.099,3.35794367191076e-77
"AT2G29530",1.75625716672349e-81,2.3914414176251,0.528,0.008,3.60787909760007e-77
"AT3G19680",1.75625771696785e-81,2.88951973040157,0.528,0.008,3.60788022796706e-77
"AT2G42130",1.92220755008027e-81,1.25208547386303,0.546,0.017,3.94879097012989e-77
"AT2G47590",2.1479590160037e-81,0.754657254118348,0.581,0.034,4.41255220657641e-77
"AT4G29840",2.34234040581439e-81,0.802209713989545,0.601,0.042,4.81186989566451e-77
"AT3G10210",2.39989148804688e-81,0.697719187475807,0.568,0.027,4.93009708389471e-77
"AT2G33340",2.59680076621392e-81,0.838642252288228,0.572,0.03,5.33460781403326e-77
"AT3G55980",2.97993789744802e-81,1.2368637951031,0.98,0.285,6.12168642272747e-77
"AT3G54920",3.04223605729497e-81,0.671574372577455,0.58,0.034,6.24966553250106e-77
"AT1G05070",3.94372720282579e-81,0.80339044660957,0.552,0.021,8.10159879276501e-77
"AT4G26710",4.12353985675546e-81,0.359037065388798,0.962,0.214,8.47098792773274e-77
"AT1G32080",4.27451022187099e-81,0.590498619246826,0.582,0.034,8.78112634878957e-77
"AT3G27770",4.79786372931148e-81,0.401814351128255,0.631,0.057,9.85625145912456e-77
"AT2G21960",5.03924088087704e-81,1.2116441007759,0.54,0.015,1.03521125415857e-76
"AT1G76090",5.68676288373741e-81,1.55273127492707,0.566,0.027,1.16823169920618e-76
"AT4G38090",6.07121252251364e-81,1.59785948518152,0.535,0.013,1.24720918849998e-76
"AT2G16940",6.10267038890764e-81,0.277285086957655,0.618,0.051,1.2536715779933e-76
"AT3G25660",7.81624668948985e-81,1.2376496247013,0.544,0.017,1.6056915574219e-76
"AT3G54880",9.29393681888064e-81,2.02334223969091,0.533,0.013,1.90925344070265e-76
"AT5G57630",9.75771033764058e-81,2.27517008733828,0.543,0.017,2.0045264346615e-76
"AT5G48250",9.99266294060125e-81,1.2251282780375,0.557,0.023,2.05279274788772e-76
"AT4G04925",1.06604584459739e-80,1.13969368267763,0.565,0.027,2.18997797855641e-76
"AT1G78890",1.07500293974468e-80,1.04037371991781,0.568,0.03,2.20837853911749e-76
"AT1G10200",1.8104142614773e-80,1.36202289742724,0.53,0.013,3.71913401735282e-76
"AT4G10450",2.04637147884043e-80,3.1747448480264,0.518,0.006,4.20386092898189e-76
"AT3G01920",2.32345327914542e-80,0.401638764426724,0.567,0.03,4.77307007134844e-76
"AT1G31190",2.55566604146766e-80,1.00478776335684,0.537,0.015,5.250104748987e-76
"AT5G40580",2.88685470171946e-80,1.11469212487312,0.545,0.019,5.93046561374229e-76
"AT2G15910",3.31904109029954e-80,1.20708217232837,0.554,0.023,6.81830611180234e-76
"AT5G59690",3.54769071956454e-80,1.91746277758546,0.554,0.023,7.28802104520143e-76
"AT5G47680",4.08651832469107e-80,1.33104593487982,0.549,0.021,8.39493459441286e-76
"AT4G25570",4.10778428168582e-80,-0.522695409898032,0.79,0.131,8.43862124986719e-76
"AT2G02100",4.16341354611599e-80,4.38620584356091,0.55,0.03,8.55290044778608e-76
"AT4G32930",4.20739713628712e-80,0.95074216161597,0.572,0.032,8.64325593707463e-76
"AT3G57990",4.72146496089356e-80,1.11579336189737,0.556,0.025,9.69930546916364e-76
"AT4G27652",5.01365584201272e-80,1.15185318294992,0.963,0.279,1.02995531962467e-75
"AT4G31180",5.08143376064908e-80,0.661847590063628,0.563,0.027,1.04387893745014e-75
"AT3G06750",5.1076829850483e-80,2.22350683306068,0.526,0.011,1.04927131561847e-75
"AT3G21350",5.3608648712788e-80,1.83731838102871,0.53,0.013,1.1012824705068e-75
"AT1G45976",6.30034297494293e-80,0.467320620199471,0.581,0.036,1.29427945734253e-75
"AT1G29990",7.06827183131961e-80,1.21982710225671,0.539,0.017,1.45203508230799e-75
"AT1G09740",7.48382931577334e-80,1.10773769340355,0.553,0.023,1.53740305633932e-75
"AT1G70730",7.64567496533877e-80,0.545714158746345,0.56,0.027,1.57065100812954e-75
"AT4G39100",8.44743845012302e-80,1.25706754648043,0.537,0.017,1.73535728080877e-75
"AT2G22980",8.56837391817871e-80,2.30484762942511,0.52,0.008,1.76020105401145e-75
"AT1G04940",1.16216817035527e-79,2.18498686859382,0.52,0.008,2.38744207236084e-75
"AT5G53580",1.22776129765209e-79,3.10418613035624,0.51,0.004,2.5221900337667e-75
"AT2G45770",1.27023945690854e-79,3.3818515010882,0.514,0.006,2.60945291632722e-75
"AT5G20165",1.39709668980512e-79,-0.271731019674133,0.686,0.085,2.87005572986666e-75
"AT4G37260",1.41231969678818e-79,0.264327979550524,0.643,0.066,2.90132835311196e-75
"AT2G19480",1.62354071697606e-79,0.65088319208286,0.579,0.036,3.33523969488392e-75
"AT1G68010",1.78011537664333e-79,1.02797133781201,0.994,0.292,3.6568910182384e-75
"AT4G14880",1.98836801547897e-79,0.74242646028836,0.987,0.254,4.08470441419844e-75
"AT3G28460",2.08755680343116e-79,1.18092508955558,0.544,0.021,4.28846794128863e-75
"AT5G27400",2.09829304539317e-79,2.5013793150682,0.521,0.011,4.31052340315119e-75
"AT4G27654",2.12956386257659e-79,0.884330214026321,0.582,0.038,4.37476304289108e-75
"AT2G04630",2.24703262577939e-79,0.333556748413603,0.576,0.036,4.6160791231386e-75
"AT3G46100",2.44545901839088e-79,1.77023371060671,0.525,0.013,5.02370646148038e-75
"AT5G59910",2.69342752870353e-79,0.291297709127289,0.641,0.066,5.53310817221566e-75
"AT5G22210",2.77042797433484e-79,0.973719331561638,0.544,0.021,5.69129018767607e-75
"GAMMA CA3",3.61055900862758e-79,1.03396593451582,0.564,0.03,7.41717137142365e-75
"AT5G20630",4.57374070769218e-79,6.37365813279722,0.503,0.002,9.39583553581204e-75
"AT1G63610",4.75016101402821e-79,0.935143443095766,0.549,0.023,9.75825577111814e-75
"AT1G54270",5.70764847300512e-79,0.293991543797412,0.586,0.04,1.17252222580944e-74
"AT5G65960",5.92954917636955e-79,1.21729895566263,0.567,0.032,1.2181072873016e-74
"AT5G58140",6.18504688685411e-79,0.433006215791409,0.577,0.036,1.27059418196644e-74
"AT3G17590",6.84077881644895e-79,1.19808749437147,0.539,0.019,1.40530119226311e-74
"GAMMA CAL1",6.841556412965e-79,0.940320270743031,0.551,0.025,1.4054609339154e-74
"AT5G09660",7.74160307654642e-79,0.863967303130137,0.99,0.275,1.59035752001493e-74
"AT1G42970",8.31932902686263e-79,1.16199017291165,0.994,0.357,1.70903976198839e-74
"AT1G02280",8.93570716020159e-79,1.7316085101895,0.534,0.017,1.83566232192021e-74
"AT5G19430",9.11452952907674e-79,2.18632510877607,0.52,0.011,1.87239780115823e-74
"AT4G14300",9.12741086516038e-79,0.974688054716521,0.544,0.021,1.8750440140299e-74
"AT2G35780",9.56617105452459e-79,0.464932584066956,0.631,0.061,1.96517851973099e-74
"AT2G45680",1.02775432303982e-78,0.546921976448412,0.874,0.19,2.11131570582069e-74
"AT1G45230",1.13736376004235e-78,0.715338744746755,0.539,0.019,2.33648637225501e-74
"AT4G15930",1.20684388331847e-78,0.368010212282738,0.57,0.034,2.47921938950113e-74
"AT3G54110",1.38719967835788e-78,1.22556665152297,0.547,0.023,2.84972429925059e-74
"AT3G16510",1.6694305065165e-78,0.831787054630549,0.561,0.03,3.42951108953684e-74
"AT1G64150",1.83568406418002e-78,2.59531293458522,0.51,0.006,3.77104577304501e-74
"AT2G44120",2.03504823616678e-78,1.28589853145175,0.537,0.019,4.18059959155741e-74
"AT2G29310",2.17527485415827e-78,1.73422686085961,0.55,0.025,4.46866713289732e-74
"AT4G17640",2.19566797305505e-78,2.07684965412145,0.539,0.021,4.51056071704698e-74
"AT5G42990",2.37059573133293e-78,3.65051935961127,0.513,0.008,4.86991481087725e-74
"AT1G65220",2.51132697843419e-78,0.393880038492753,0.619,0.057,5.15901901179735e-74
"AT5G05610",2.89053365551605e-78,0.623338080893822,0.544,0.023,5.93802328852663e-74
"AT4G26130",3.09196789780309e-78,1.7694827715848,0.52,0.013,6.35182965245688e-74
"AT2G26540",3.12078591575546e-78,0.26657442665787,0.578,0.038,6.41103050673645e-74
"AT1G03140",3.52208088427371e-78,1.97807110579357,0.525,0.015,7.23541076056348e-74
"AT2G16070",3.55877819773107e-78,1.03221875049957,0.532,0.017,7.31079805159894e-74
"AT4G12720",3.87550043187132e-78,0.760356142660611,0.9,0.209,7.96144053719326e-74
"AT1G79970",3.90614145126545e-78,1.67515973887342,0.529,0.017,8.02438638333461e-74
"AT5G24460",4.00055239710615e-78,0.475855499511331,0.559,0.03,8.21833478937516e-74
"AT2G36990",4.23435763684107e-78,1.34339006356787,0.527,0.015,8.6986408933626e-74
"AT1G51160",4.93042973056905e-78,0.623944809526535,0.586,0.042,1.0128581795508e-73
"AT1G04620",5.80998536811817e-78,1.35358440484038,0.526,0.015,1.19354529417251e-73
"AT1G26665",6.18169404536177e-78,2.12079701620535,0.517,0.011,1.26990540773867e-73
"AT1G30260",6.18877024983477e-78,0.547210853758405,0.624,0.061,1.27135907242356e-73
"AT3G20790",6.35112882777815e-78,2.2020418998778,0.51,0.008,1.30471239509047e-73
"AT1G67660",7.17028244891396e-78,1.54450656165256,0.521,0.013,1.47299112348039e-73
"AT3G47070",7.34272847044413e-78,0.916274662776568,0.982,0.258,1.50841670968334e-73
"AT1G70900",7.93727327217036e-78,1.50662671487128,0.534,0.019,1.63055404830196e-73
"AT5G11810",7.99306698731733e-78,0.989524510488295,0.544,0.023,1.6420157512046e-73
"AT1G06510",8.01212454568084e-78,1.7229147023393,0.518,0.013,1.64593074541922e-73
"AT2G26500",8.63511853247147e-78,1.0805817301115,0.997,0.478,1.77391240012561e-73
"AT5G12210",9.85977047154181e-78,0.814526677209216,0.562,0.032,2.02549264796883e-73
"AT1G35230",1.08422118500915e-77,-8.35020406044087,0.019,0.277,2.22731558036431e-73
"AT4G01100",1.17163157400092e-77,1.43498133686561,0.557,0.03,2.40688274247009e-73
"AT2G01060",1.24318327499343e-77,1.25492990461134,0.543,0.023,2.55387140181901e-73
"AT1G07820",1.28762719780238e-77,1.80819257511831,0.529,0.017,2.64517255244544e-73
"AT1G17860",1.39654154148049e-77,-4.96517749483087,0.411,0.662,2.86891528866336e-73
"AT1G72430",1.40115438817432e-77,2.59750252941575,0.51,0.008,2.87839145962651e-73
"AT4G09000",1.45682297591845e-77,-0.328191744425098,0.67,0.082,2.99275143942927e-73
"AT5G02290",1.68112843220502e-77,0.620861209195979,0.591,0.047,3.45354213827877e-73
"AT2G38670",2.73212836698164e-77,1.38441513504934,0.525,0.017,5.61261130429039e-73
"AT2G32180",3.30506185178487e-77,2.62921350136682,0.511,0.011,6.78958856212167e-73
"AT1G27350",3.52146979199939e-77,-0.427243209246856,0.657,0.076,7.23415539370435e-73
"AT5G22630",4.2207461988849e-77,1.99160674701244,0.577,0.044,8.67067891636924e-73
"AT5G13740",4.24277457270979e-77,1.98504420219551,0.527,0.017,8.71593180471771e-73
"AT4G18590",4.31844688781101e-77,2.64978626394404,0.506,0.008,8.87138544163015e-73
"AT1G60710",4.65637738680723e-77,2.23299428944012,0.525,0.017,9.5655960657181e-73
"AT4G25810",5.04240528332902e-77,-5.22522972292116,0.154,0.497,1.03586131735428e-72
"AT3G11410",5.5898488431084e-77,1.81048290534503,0.529,0.019,1.14832264783976e-72
"AT2G20450",5.62318764787676e-77,1.36136843273466,0.535,0.021,1.15517143850332e-72
"AT5G35330",5.82131782859065e-77,0.82127827700559,0.535,0.021,1.19587332152738e-72
"AT5G59850",6.29215668730834e-77,1.42642376070982,0.54,0.023,1.29259774827375e-72
"AT1G22430",6.32656303975373e-77,0.828892793330884,0.54,0.023,1.29966584525661e-72
"AT3G10220",7.07561665819892e-77,0.705544748642886,0.53,0.019,1.4535439300938e-72
"AT1G31800",7.37323505799206e-77,0.531478507845518,0.544,0.025,1.51468367796331e-72
"AT2G23840",7.44816773160737e-77,0.357215126195758,0.566,0.036,1.5300770971041e-72
"AT4G35770",7.45214271003937e-77,0.547263089232305,0.856,0.18,1.53089367692339e-72
"AT4G19640",7.76448961170985e-77,-0.602663378745127,0.725,0.108,1.59505910093355e-72
"AT3G15730",8.01199686764708e-77,-0.358915484813644,0.864,0.171,1.64590451652074e-72
"AT5G48760",8.24619765740653e-77,1.76457513605873,0.516,0.013,1.69401638476102e-72
"AT5G57020",8.24782550067538e-77,1.36788571161511,0.532,0.021,1.69435079260374e-72
"AT3G01850",8.57757360381833e-77,1.16929632082177,0.532,0.021,1.7620909454324e-72
"AT3G56800",1.12701566747601e-76,0.384295493639001,0.961,0.228,2.31522828569597e-72
"AT3G24120",1.13778563274007e-76,1.39450712592714,0.533,0.021,2.33735302533792e-72
"AT3G48690",1.19656988280192e-76,0.562325459048023,0.642,0.072,2.45811351023998e-72
"AT4G14030",1.21255330936245e-76,0.839110400089412,0.564,0.036,2.49094826342328e-72
"AT2G35840",1.22447375855521e-76,0.62129974501655,0.545,0.027,2.51543644219997e-72
"AT3G61600",2.3278968786457e-76,2.15570014422762,0.507,0.011,4.78219855780187e-72
"AT5G43440",3.06409874643266e-76,1.08948266301344,0.537,0.023,6.29457805479662e-72
"AT1G17080",3.60398441438904e-76,-0.312324973696474,0.717,0.106,7.4036651824794e-72
"AT5G21940",4.36133748837503e-76,0.617613805979837,0.903,0.211,8.95949560236883e-72
"AT1G14270",4.36597282044296e-76,0.589539386668503,0.536,0.023,8.96901796503598e-72
"AT4G12600",4.55423332448666e-76,2.13595572082019,0.503,0.008,9.35576151849294e-72
"AT5G50870",4.91536364969654e-76,0.350007568504275,0.568,0.038,1.00976315455716e-71
"AT5G55125",5.31422320497139e-76,1.61461003415135,0.516,0.015,1.09170087299727e-71
"AT2G30270",5.47083197205368e-76,0.637166694756961,0.563,0.036,1.12387301201899e-71
"AT5G40770",6.23268466954792e-76,1.18956432707251,0.549,0.03,1.28038041166523e-71
"AT1G48600",6.2754571045844e-76,0.386527698398989,0.576,0.042,1.28916715299477e-71
"AT1G09750",6.28945525718261e-76,1.17249742824422,0.526,0.019,1.29204279348302e-71
"AT4G33490",6.35764610003224e-76,1.14604304287764,0.544,0.027,1.30605123832962e-71
"AT4G36020",6.65183516792439e-76,0.525406246800163,0.583,0.047,1.36648649854671e-71
"AT2G24270",7.23106368563725e-76,0.310987481026282,0.576,0.042,1.48547741294046e-71
"AT2G20990",7.55006063536647e-76,-0.415688610602833,0.893,0.184,1.55100895632333e-71
"AT1G01240",7.87951528089866e-76,1.32636450497824,0.515,0.015,1.61868882415501e-71
"AT1G53000",8.02056180044812e-76,1.95515987502755,0.516,0.015,1.64766401066606e-71
"AT2G17560",8.55859070965671e-76,0.941636912987275,0.539,0.025,1.75819128948478e-71
"AT1G31812",8.96941786390291e-76,0.956212986150136,0.993,0.345,1.84258751178158e-71
"AT3G53900",9.83959058827601e-76,2.82019838735451,0.497,0.006,2.02134709454954e-71
"AT4G03520",1.04373027379495e-75,0.898192702423198,0.991,0.271,2.14413510145697e-71
"AT2G45960",1.05643715478991e-75,0.367043312466806,0.973,0.241,2.17023884708491e-71
"AT4G34950",1.08070280672833e-75,0.381520351585347,0.589,0.049,2.220087775862e-71
"AT5G04900",1.1142318659325e-75,1.43997950082169,0.511,0.013,2.28896652218513e-71
"AT3G13570",1.15633446990439e-75,2.00555703880484,0.504,0.011,2.3754579015246e-71
"AT2G43760",1.32231729430851e-75,0.657779031293391,0.529,0.021,2.71643641769798e-71
"AT2G23690",1.34264585761725e-75,3.40877867245377,0.497,0.006,2.75819738530311e-71
"AT5G19855",1.49661145735458e-75,-0.697821982987567,0.748,0.121,3.07448891684351e-71
"AT1G28050",1.5587958356483e-75,-0.380406902622484,0.715,0.108,3.2022342851723e-71
"AT5G58030",1.78873405878053e-75,0.831422466141454,0.565,0.038,3.67459637695285e-71
"AT2G45200",1.89146725981161e-75,1.21408347173407,0.537,0.025,3.88564119183099e-71
"AT4G12340",1.97260880204539e-75,0.609590970037487,0.551,0.032,4.05233026204184e-71
"AT2G47700",2.10053368251298e-75,0.277328103009118,0.582,0.047,4.3151263439864e-71
"AT3G47490",2.22578174771933e-75,1.77960804796509,0.514,0.015,4.57242344433982e-71
"AT5G54490",2.36224765197764e-75,0.643025977420252,0.839,0.182,4.85276535145766e-71
"AT5G59030",2.4163697813926e-75,-0.287307036455119,0.717,0.108,4.96394844191482e-71
"AT1G70410",2.61518902957318e-75,0.28872288253213,0.652,0.08,5.37238282345219e-71
"AT3G47610",2.96899875203696e-75,0.9191519412119,0.523,0.019,6.09921413630952e-71
"AT2G25670",3.2666993696685e-75,-0.382916489405055,0.634,0.07,6.71078051511e-71
"AT5G41560",3.52432542476648e-75,0.535300059805428,0.534,0.025,7.24002172009778e-71
"AT3G48070",3.59301974169369e-75,-0.537095573826825,0.781,0.137,7.38114045536135e-71
"AT5G22920",3.89949102136272e-75,2.52267920458844,0.503,0.011,8.01072440518544e-71
"AT1G52870",3.92677890720278e-75,-0.500254618002821,0.745,0.121,8.06678190906667e-71
"AT2G37200",4.00663696680626e-75,0.405471879156581,0.587,0.049,8.23083432091009e-71
"AT5G15220",4.64976673910875e-75,1.73169348739658,0.503,0.011,9.5520158121511e-71
"AT1G19050",4.81540621597594e-75,2.86121836328923,0.494,0.006,9.89228898947937e-71
"AT1G04820",6.14256362609661e-75,2.16672247967997,0.503,0.011,1.26186684570903e-70
"AT1G01910",1.01051696898405e-74,0.405012484252804,0.548,0.032,2.07590500938394e-70
"AT5G44650",1.12573364474418e-74,0.589780620049588,0.534,0.025,2.31259462639797e-70
"AT3G12490",1.16055227732367e-74,0.427521845325237,0.974,0.233,2.38412254330602e-70
"AT3G49260",1.2600431296631e-74,5.0263249352243,0.483,0.002,2.5885066012669e-70
"AT5G05010",1.42919105220541e-74,0.664718101345755,0.538,0.027,2.93598717854558e-70
"AT5G11330",1.48464174398022e-74,0.405036323570501,0.534,0.025,3.04989953465856e-70
"AT2G14880",1.49313162438255e-74,1.36181692916889,0.51,0.015,3.06734029596907e-70
"AT5G62020",1.53354083084548e-74,0.599503943560363,0.55,0.034,3.15035292880588e-70
"AT5G66140",1.93108413151268e-74,0.629936570774434,0.542,0.03,3.9670261313665e-70
"AT2G34160",2.04228702472089e-74,0.631390378958283,0.551,0.034,4.19547023488413e-70
"AT3G47160",2.40316564605047e-74,2.15345949305133,0.505,0.013,4.93682318668149e-70
"AT4G05320",2.55512139061783e-74,-1.14077032867688,0.997,0.951,5.2489858727462e-70
"AT3G11120",2.65380928483995e-74,1.48346412994148,0.509,0.015,5.45172041384671e-70
"AT3G14415",2.94489499276857e-74,0.950379776466679,0.994,0.288,6.04969778364447e-70
"AT1G06390",2.98157274691566e-74,1.83241285712165,0.502,0.013,6.12504489398885e-70
"AT1G51760",3.12679389406173e-74,-4.58116608561797,0.685,0.732,6.42337269657102e-70
"AT2G44860",3.15041337656647e-74,1.43481129152469,0.513,0.017,6.4718941994805e-70
"AT4G19160",3.22585703024986e-74,1.20259757897736,0.504,0.013,6.62687809724229e-70
"AT4G30280",3.37769643674291e-74,-5.05173814589451,0.166,0.501,6.93880179000097e-70
"AT5G65840",4.91011086344357e-74,0.641746759673888,0.534,0.027,1.00868407467721e-69
"AT3G63380",5.21099787831055e-74,-7.26065425540982,0.05,0.338,1.07049529414134e-69
"AT5G16810",5.64702271731148e-74,1.07602076654444,0.515,0.019,1.1600678768173e-69
"AT5G35790",6.28998316738962e-74,0.450450011913779,0.544,0.032,1.29215124207685e-69
"AT1G11360",6.51400160584771e-74,2.39059192291496,0.51,0.017,1.3381713498893e-69
"AT5G13140",8.05853613361505e-74,3.40171178133796,0.479,0.002,1.65546507792854e-69
"AT4G34270",9.03773134115999e-74,0.594769964375409,0.548,0.034,1.8566211494145e-69
"AT2G39010",9.26422859711077e-74,0.747256157557268,0.983,0.26,1.90315048070447e-69
"AT5G62575",1.10641738927288e-73,0.842869214967976,0.525,0.023,2.27291324278329e-69
"AT1G19020",1.10985286978326e-73,-1.21178069453561,0.99,0.958,2.27997075039574e-69
"AT3G49140",1.3566316322476e-73,1.30900961913163,0.52,0.021,2.78692836212625e-69
"AT5G11580",1.66092988128973e-73,0.586941706390443,0.515,0.019,3.41204825513349e-69
"AT5G27670",1.73865924526755e-73,1.487358895601,0.512,0.019,3.57172768755313e-69
"AT5G61410",1.73920844481705e-73,0.835815958572973,0.996,0.296,3.57285590818766e-69
"AT2G05830",1.90049174462053e-73,0.531228792316568,0.519,0.021,3.90418019097396e-69
"AT1G06650",2.02263902066404e-73,1.02000978959821,0.51,0.017,4.15510734015014e-69
"AT3G46620",2.22292185112321e-73,0.535765777183554,0.952,0.239,4.56654835876241e-69
"AT4G26520",2.34420325220649e-73,2.53352684338933,0.482,0.004,4.81569674100778e-69
"AT3G07220",2.37572866870468e-73,1.01727778239288,0.518,0.021,4.88045940412002e-69
"AT5G66190",3.04352323842338e-73,0.718941036193455,0.991,0.279,6.25230978869314e-69
"AT5G20160",3.36057293370332e-73,0.534338340628978,0.532,0.027,6.90362497770673e-69
"AT5G55210",3.42038801326052e-73,1.97117667251733,0.495,0.011,7.02650309564109e-69
"AT4G34070",4.09532028281262e-73,0.294930567263394,0.55,0.036,8.41301645698196e-69
"AT1G11475",4.31285577124541e-73,1.50205947387314,0.513,0.019,8.85989961086945e-69
"AT1G03970",4.49469402114722e-73,0.815689594321181,0.527,0.025,9.23344992764273e-69
"AT4G35090",4.65114362119479e-73,-0.270806729091766,0.729,0.118,9.55484434102045e-69
"AT5G11760",4.69192737525363e-73,0.661814305413181,0.534,0.03,9.63862640698353e-69
"AT5G05590",5.03261820317e-73,2.31835981878498,0.501,0.015,1.03385075747721e-68
"AT5G53850",5.18331671765504e-73,1.16719441633819,0.508,0.017,1.06480875330788e-68
"AT3G58170",5.46848483409698e-73,1.60445950015198,0.503,0.015,1.12339083946854e-68
"AT3G57050",5.90659178514873e-73,1.09549913284915,0.512,0.019,1.2133911504231e-68
"AT5G46860",7.50024577440584e-73,-0.30587911620759,0.599,0.059,1.54077548943619e-68
"AT2G24600",7.61766354077063e-73,0.320194581216188,0.739,0.127,1.56489662118051e-68
"AT2G46510",7.93182736440238e-73,1.16150864016222,0.525,0.025,1.62943529546918e-68
"AT5G21960",8.11865276063258e-73,7.57120704252048,0.47,0,1.66781483661675e-68
"AT5G03520",8.98629452445845e-73,0.656868939548133,0.516,0.021,1.8460544841595e-68
"AT1G32500",9.62196538471561e-73,1.03867543284375,0.52,0.023,1.97664034898213e-68
"AT5G41700",9.71445439692642e-73,0.849319819633728,0.991,0.29,1.99564036676059e-68
"AT1G07140",1.01795460761801e-72,-0.561683806830258,0.836,0.165,2.09118415042968e-68
"AT3G63250",1.06015908708248e-72,2.27101528583243,0.492,0.011,2.17788481259354e-68
"AT3G19910",1.12024489719513e-72,0.25419764835739,0.587,0.055,2.30131909230796e-68
"AT4G33985",1.2777822614263e-72,0.288776938079948,0.571,0.047,2.62494809964805e-68
"AT5G25630",1.29252681963413e-72,0.434871036686848,0.529,0.027,2.65523784557438e-68
"AT5G27640",1.38899688002066e-72,0.905505001584698,0.538,0.032,2.85341629062644e-68
"AT5G49645",1.60540050905046e-72,-0.259499679413583,0.584,0.053,3.29797426574236e-68
"AT5G02150",1.82791688188833e-72,1.52657536198661,0.496,0.013,3.7550896504632e-68
"AT1G56330",1.93223803084918e-72,-0.784928519816814,0.754,0.129,3.96939658677347e-68
"AT2G18300",2.62086958928344e-72,3.49107432713842,0.476,0.004,5.38405239726498e-68
"AT4G02500",2.64020754828362e-72,0.353574064584943,0.586,0.055,5.42377836643904e-68
"AT4G35860",3.19102889368706e-72,-0.643252830375623,0.633,0.076,6.55533065630132e-68
"AT5G19350",3.39430286026165e-72,1.35286506761152,0.515,0.023,6.97291636583551e-68
"AT4G31310",3.442100793806e-72,1.20401842550128,0.495,0.013,7.07110766071566e-68
"AT1G02840",3.47770606636664e-72,0.409304438190929,0.558,0.042,7.14425157213698e-68
"AT5G07370",3.48989672606254e-72,1.12579645274894,0.518,0.023,7.16929484435029e-68
"AT3G59280",3.86339277849364e-72,-0.592736293775102,0.708,0.11,7.93656778485948e-68
"AT1G10630",4.10837267278367e-72,0.307252971501403,0.55,0.038,8.4398299816995e-68
"AT5G56680",4.65363827429374e-72,1.27136224982724,0.494,0.013,9.55996910688163e-68
"AT4G28880",4.82743739483111e-72,0.347780421585206,0.554,0.04,9.91700464020156e-68
"AT5G06140",5.26495932394941e-72,0.958936808249338,0.53,0.03,1.08158059391893e-67
"AT2G02050",5.51407744646847e-72,2.22938421209132,0.493,0.013,1.13275692982802e-67
"AT2G16600",5.52570860084685e-72,0.845958704270344,0.989,0.296,1.13514631787197e-67
"AT2G39270",5.79539393514767e-72,0.494207784502136,0.534,0.032,1.19054777609739e-67
"AT5G26210",6.33143235144435e-72,1.58997715762339,0.498,0.015,1.30066614795721e-67
"AT3G07760",6.34178159776264e-72,1.34877972435833,0.51,0.021,1.30279219362838e-67
"AT1G22140",7.22980895318009e-72,0.491797938400784,0.542,0.036,1.48521965325178e-67
"AT3G52800",7.609565544622e-72,0.881089782296996,0.974,0.309,1.5632330498317e-67
"AT1G33990",8.46611624605801e-72,0.579675036590847,0.542,0.036,1.7391942604277e-67
"AT1G19310",9.02439517833928e-72,-0.387260015158446,0.889,0.192,1.85388150148624e-67
"AT3G18890",9.75375389409794e-72,1.15011268894013,0.497,0.015,2.00371366246454e-67
"AT1G26750",1.00682369199028e-71,2.13572530446122,0.488,0.011,2.06831791045564e-67
"AT4G02080",1.17560272586618e-71,-0.752215796728274,0.705,0.11,2.41504067974688e-67
"AT2G23780",1.21079626652291e-71,1.15683088469606,0.508,0.021,2.48733877031801e-67
"AT1G52200",1.23433448973598e-71,-4.6927905598566,0.443,0.658,2.53569334226462e-67
"AT4G17100",1.37153709615175e-71,1.57625021095623,0.49,0.013,2.81754865662453e-67
"AT5G01590",1.37183915549891e-71,0.389344340613382,0.547,0.038,2.81816917714141e-67
"AT4G16380",1.6240833858481e-71,2.31518127796553,0.498,0.017,3.33635449954775e-67
"AT3G12930",1.73068981625797e-71,1.5753235165713,0.498,0.017,3.55535608953874e-67
"AT1G59840",1.79828813391679e-71,0.974027048341528,0.496,0.015,3.69422331350527e-67
"AT2G03350",1.8784928067096e-71,1.32958611197043,0.5,0.017,3.85898777282353e-67
"AT1G68840",2.06844480795066e-71,1.05264828063555,0.957,0.3,4.24920616897304e-67
"AT1G78660",2.18009693391586e-71,0.360697288960714,0.559,0.044,4.47857313134336e-67
"AT2G25840",2.22675912665471e-71,1.7146151832037,0.482,0.008,4.57443127388677e-67
"AT3G51370",2.5732487654664e-71,0.851122691279378,0.523,0.027,5.28622493889763e-67
"AT2G24820",2.78951271960782e-71,1.64748720065448,0.49,0.013,5.73049597989034e-67
"AT4G17085",3.01948754661873e-71,3.36041545636142,0.474,0.006,6.20293326701886e-67
"AT3G50670",3.05196443850712e-71,1.30155177799288,0.504,0.019,6.26965054602517e-67
"AT1G10600",3.12346466263761e-71,0.495102215444386,0.504,0.019,6.41653345645645e-67
"AT3G23820",3.25273702442742e-71,-0.34142208773414,0.892,0.192,6.68209766928125e-67
"AT2G40410",3.33725156247518e-71,1.89411844960381,0.485,0.011,6.85571588479276e-67
"AT5G16440",3.36305545651696e-71,1.57383770309225,0.488,0.013,6.90872482432279e-67
"AT1G16320",3.52939683318511e-71,0.584977990612888,0.508,0.021,7.25043991441216e-67
"AT5G62890",4.03740685150792e-71,0.726469430789095,0.506,0.021,8.29404489505273e-67
"AT3G12080",6.01783248355265e-71,0.365647813275738,0.517,0.025,1.23624332709622e-66
"AT1G66680",6.23448939578729e-71,1.47982749695988,0.5,0.019,1.28075115657658e-66
"AT3G55610",7.22862610929891e-71,0.255462758903867,0.539,0.036,1.48497666163328e-66
"AT5G36230",8.41176253000297e-71,1.23372604688591,0.513,0.025,1.72802837653851e-66
"AT5G65780",9.03686240219118e-71,0.812192328575749,0.497,0.017,1.85644264328213e-66
"AT2G43640",9.35305839678763e-71,0.971346425649417,0.515,0.025,1.92139878645208e-66
"AT5G10350",1.06696486401673e-70,0.341959370869175,0.519,0.027,2.19186592014957e-66
"AT1G77440",1.45245689292166e-70,0.286771013683058,0.517,0.027,2.98378219512896e-66
"AT2G27050",1.47880696646838e-70,1.27230884681139,0.492,0.015,3.037913151216e-66
"AT3G27100",1.5305636330523e-70,1.18108768604647,0.494,0.017,3.14423687137934e-66
"AT5G60620",1.64949970601975e-70,-0.502435998846344,0.674,0.099,3.38856724607637e-66
"AT3G22440",1.7149058519012e-70,-0.312592687536169,0.567,0.051,3.52293109156063e-66
"AT3G01770",1.74381143656785e-70,1.45717446222354,0.503,0.021,3.58231183414133e-66
"AT1G13560",2.43119841327485e-70,-0.448827685212619,0.645,0.087,4.99441090039053e-66
"AT2G25900",2.54169927563732e-70,4.13816245097834,0.467,0.004,5.22141282194174e-66
"AT5G61820",3.0901529938943e-70,-3.5534101793023,0.785,0.742,6.34810129535705e-66
"AT2G31945",3.15641382638583e-70,-2.71344221765677,0.773,0.767,6.4842209235444e-66
"AT5G44200",3.67944838138466e-70,1.95124909293095,0.48,0.011,7.55869080987852e-66
"AT5G06130",3.81040490070717e-70,0.401691502641757,0.534,0.036,7.82771478752273e-66
"AT4G16500",4.29879388836238e-70,-2.42604105506064,0.942,0.782,8.83101228486285e-66
"AT3G06680",4.3882578986828e-70,1.16476643709138,0.485,0.013,9.01479820126407e-66
"AT2G44040",4.48248028381291e-70,1.65139403314495,0.478,0.011,9.20835924703687e-66
"AT3G48560",4.59833915854208e-70,-0.259730613341874,0.585,0.059,9.44636813339299e-66
"AT1G68300",4.71850623609931e-70,0.362942171954725,0.554,0.044,9.69322736081881e-66
"AT3G29350",5.20766384785711e-70,0.662533219575751,0.505,0.023,1.06981038426529e-65
"AT2G30200",5.21133546704523e-70,1.64603128904164,0.48,0.011,1.0705646449951e-65
"AT1G17160",5.46528804243987e-70,1.17058012635529,0.496,0.019,1.12273412255842e-65
"AT5G17520",6.8828527038088e-70,0.336141329064091,0.539,0.038,1.41394443094344e-65
"AT2G37340",7.81700559226294e-70,0.361741266233007,0.555,0.047,1.60584745881858e-65
"AT3G06780",8.31489315593376e-70,-0.727489804334994,0.713,0.118,1.70812850102347e-65
"AT3G16850",8.45138948554652e-70,1.55029464742147,0.497,0.019,1.73616894201582e-65
"AT3G17170",8.57739998244998e-70,7.0501213504825,0.455,0,1.7620552783947e-65
"AT4G21215",9.2022775698859e-70,1.42857818436127,0.485,0.015,1.89042388118166e-65
"AT4G36390",1.04323701711242e-69,1.46792090552066,0.483,0.013,2.14312180425404e-65
"AT1G80860",1.06547449193111e-69,0.644941310848169,0.506,0.023,2.18880424877407e-65
"AT3G63420",1.0667353341888e-69,0.803492584337494,0.524,0.032,2.19139439702405e-65
"AT5G51880",1.2205824873811e-69,1.46754877824859,0.49,0.017,2.50744260382698e-65
"AT2G18280",1.359889899728e-69,1.00804041448029,0.51,0.025,2.79362182101122e-65
"AT2G03690",1.42790099139167e-69,0.635986729065083,0.505,0.023,2.93333700661591e-65
"AT1G79550",1.63100327033784e-69,0.310015780588308,0.527,0.034,3.35057001825502e-65
"AT3G52220",1.77727796589415e-69,-0.822668832667118,0.743,0.131,3.65106212533636e-65
"AT5G57120",2.32826233907703e-69,1.03990967271534,0.532,0.036,4.78294932316593e-65
"AT3G06310",2.91999417829125e-69,0.374876802235462,0.522,0.032,5.99854404046371e-65
"ATCG00440",2.971699044169e-69,-1.60618591277022,0.998,0.924,6.10476134643638e-65
"AT1G32210",3.28672755876066e-69,-0.460497406417345,0.766,0.142,6.75192442396202e-65
"AT3G59380",3.28680791732767e-69,4.85428631244543,0.457,0.002,6.75208950456623e-65
"AT3G15770",3.55040457616215e-69,1.25548377989141,0.48,0.013,7.29359612080991e-65
"AT2G44760",3.63914835012734e-69,2.32446516253639,0.471,0.008,7.47590245566659e-65
"AT5G44000",4.08544094888061e-69,0.840887618867561,0.501,0.023,8.39272134128543e-65
"AT5G10050",4.36466808716829e-69,3.03468260953601,0.466,0.006,8.96633765146981e-65
"AT5G17990",4.62347890237666e-69,0.457407014019172,0.519,0.032,9.49801270915236e-65
"AT4G24440",4.84053985534705e-69,-0.589064621216699,0.633,0.082,9.94392102483945e-65
"AT3G63390",5.23230056258064e-69,3.43393204817633,0.465,0.006,1.07487150457094e-64
"AT3G07650",6.0031906917791e-69,0.840641132889213,0.505,0.025,1.23323546381218e-64
"AT3G04890",7.76648129103899e-69,0.853325170268723,0.497,0.021,1.59546825161814e-64
"AT2G21195",8.79592499221747e-69,0.723399044664313,0.513,0.03,1.80694687115123e-64
"AT4G11240",9.00262834821921e-69,1.10926242113441,0.492,0.019,1.84940994157467e-64
"AT3G59810",9.60874051643548e-69,0.984282125970013,0.496,0.021,1.97392356429134e-64
"AT2G21370",9.95257711494294e-69,0.664888404013563,0.483,0.015,2.04455791672273e-64
"AT4G22000",1.08213925595516e-68,0.520552308079666,0.51,0.027,2.22303867350869e-64
"AT5G04590",1.19670787772237e-68,1.27110994305414,0.496,0.021,2.45839699320507e-64
"AT5G18580",1.22678945150833e-68,0.686895004589403,0.505,0.025,2.52019357023357e-64
"AT5G20130",1.31440876403916e-68,1.64940750580032,0.482,0.015,2.70018992396564e-64
"AT1G68220",1.34682699896136e-68,0.563079754784758,0.505,0.025,2.76678670396633e-64
"AT1G80560",1.39586154247908e-68,1.19476337129169,0.473,0.011,2.86751836671477e-64
"AT5G22440",1.51250850390878e-68,0.858452605031435,0.487,0.017,3.10714621957982e-64
"AT1G20540",1.68035106017768e-68,2.55884187312521,0.458,0.004,3.45194518292301e-64
"AT2G41630",1.88578992001626e-68,-0.446940118933185,0.725,0.127,3.8739782326894e-64
"AT5G63150",1.93711478619746e-68,0.590409612636805,0.513,0.03,3.97941490528544e-64
"AT1G17410",2.16274744432472e-68,0.287799827537225,0.55,0.047,4.44293207487628e-64
"AT1G60870",2.3083946845069e-68,1.03510995846083,0.49,0.019,4.74213520038252e-64
"AT3G09840",2.55973069572212e-68,-0.631568116150061,0.712,0.121,5.25845476822196e-64
"AT4G19350",2.61409374711517e-68,1.27737996214704,0.474,0.013,5.3701327846987e-64
"AT1G04960",3.01951325503813e-68,0.37922891150256,0.527,0.036,6.20298607982484e-64
"AT1G65845",3.05291173804827e-68,-6.15334661648928,0.076,0.37,6.27159658347256e-64
"AT4G25970",3.06234454059954e-68,0.304671867786547,0.513,0.03,6.29097438975364e-64
"AT2G24940",3.11449355988731e-68,-0.529218405201049,0.821,0.169,6.39810412007651e-64
"AT2G32480",3.27241990756714e-68,0.349251322209616,0.503,0.025,6.72253221611517e-64
"AT5G14700",3.61388761519341e-68,0.281217602041282,0.658,0.099,7.42400932789182e-64
"AT5G11170",3.63725316859063e-68,0.544753294355357,0.53,0.038,7.47200918423573e-64
"AT2G37790",3.68712447440681e-68,2.56120575866414,0.464,0.008,7.57445980777391e-64
"AT5G46840",3.69490506527651e-68,0.343036057569042,0.533,0.04,7.59044347559753e-64
"AT4G13530",3.82433136188663e-68,-0.390522580630334,0.574,0.059,7.85632391672371e-64
"AT4G37470",3.83111303624359e-68,1.71432729695036,0.475,0.013,7.8702555103552e-64
"ATCG00490",4.23228581242061e-68,-1.18899267600841,1,0.975,8.69438474445566e-64
"AT2G38700",4.54961121755983e-68,1.82649663396641,0.473,0.013,9.34626632423316e-64
"AT4G38130",4.6427230336808e-68,1.13670402899415,0.487,0.019,9.53754592809047e-64
"AT4G33920",4.98031501445062e-68,-0.617457770831838,0.759,0.142,1.02310611341859e-63
"AT2G26190",5.18090194235481e-68,1.98402190688592,0.492,0.021,1.06431268601795e-63
"AT5G48220",5.19810600666009e-68,2.18826631671871,0.475,0.013,1.06784691694818e-63
"AT5G52780",5.76598607438087e-68,1.23896494263434,0.479,0.015,1.18450651926006e-63
"AT3G63000",5.79661232395654e-68,1.32450866212243,0.479,0.015,1.19079806971039e-63
"AT2G36880",5.84535372366923e-68,0.376719724096312,0.516,0.032,1.20081101545337e-63
"AT1G74070",6.2986364965993e-68,2.22616683993514,0.46,0.006,1.2939288954964e-63
"AT2G45330",6.48196654549e-68,1.26363175277196,0.483,0.017,1.33159038744001e-63
"AT4G17370",7.08709504315598e-68,0.769728770315112,0.497,0.023,1.45590193471553e-63
"AT5G63500",7.37110924313092e-68,0.721341611502917,0.49,0.021,1.51424697181638e-63
"AT3G25770",8.45212540485784e-68,-1.10692714205662,0.997,0.964,1.73632012191995e-63
"AT5G63460",8.5386506516763e-68,0.41030535162121,0.51,0.03,1.75409500337386e-63
"AT4G39520",8.67357383352953e-68,1.70474252137126,0.471,0.013,1.78181227262197e-63
"AT2G47960",9.19445496003823e-68,1.12659292305877,0.49,0.021,1.88881688244065e-63
"AT2G45250",9.52207382970374e-68,2.26848385590199,0.463,0.008,1.95611962683604e-63
"AT5G06240",1.05744821606066e-67,5.74839401393705,0.45,0.002,2.17231587025342e-63
"AT4G14910",1.26832871591096e-67,0.436979607741263,0.485,0.019,2.60552768109588e-63
"AT5G05740",1.35715980592015e-67,0.829403453528747,0.5,0.025,2.78801338930176e-63
"AT1G45163",1.53300897838795e-67,2.4642968136139,0.458,0.006,3.14926034430237e-63
"AT5G58720",1.60358198916115e-67,-0.315093987118988,0.855,0.188,3.29423848033374e-63
"AT1G19120",1.67465955164174e-67,1.9719767380867,0.472,0.013,3.44025311693763e-63
"AT2G39770",1.75127959298532e-67,0.312780291682024,0.541,0.044,3.59765366786974e-63
"AT5G65480",1.94622580025695e-67,0.4668320790887,0.522,0.036,3.99813166146785e-63
"AT2G26550",2.05115504393277e-67,2.46626574021052,0.458,0.006,4.2136878067511e-63
"AT2G46710",2.06709361847093e-67,5.24313069295695,0.448,0.002,4.24643042042483e-63
"AT5G20250",2.08121347249514e-67,-0.331297424338032,0.611,0.078,4.27543683654677e-63
"AT3G47560",2.35788229937209e-67,1.40918063354774,0.462,0.008,4.84379760760008e-63
"AT1G33330",2.40711467836651e-67,2.67178750413367,0.465,0.011,4.94493568376831e-63
"AT5G21020",2.42067803162021e-67,-0.735638203956452,0.81,0.167,4.9727988803574e-63
"AT5G44520",2.54276815371656e-67,1.42895870074741,0.476,0.015,5.22360861817992e-63
"AT2G35635",2.78402002914641e-67,-0.649683199295119,0.723,0.127,5.71921234587546e-63
"ATCG00470",3.60298050036054e-67,-1.05900504416702,1,0.994,7.40160284189065e-63
"AT5G15802",3.97928253343452e-67,1.65713739641307,0.47,0.013,8.17464010843452e-63
"AT5G04340",4.23726258410784e-67,0.772013661745982,0.808,0.186,8.70460852653273e-63
"AT5G02502",5.47560425636388e-67,1.37137431641684,0.497,0.025,1.12485338238483e-62
"AT4G17510",5.47637650688854e-67,1.47697903915256,0.483,0.019,1.12501202581011e-62
"AT4G20760",5.74291690184432e-67,3.39614910476805,0.451,0.004,1.17976741914588e-62
"AT1G73500",6.06586680363436e-67,2.02008103686674,0.478,0.017,1.24611101747061e-62
"AT4G37610",6.25056348154732e-67,-0.414520175036441,0.704,0.123,1.28405325601427e-62
"AT5G45040",6.74322921209208e-67,4.36168659231965,0.446,0.002,1.38526157704008e-62
"AT5G50810",6.82122064735413e-67,1.04287251486257,0.478,0.017,1.40128335758596e-62
"AT1G16170",7.28183672144449e-67,1.20843750961803,0.469,0.013,1.49590771768634e-62
"AT4G31115",7.64273028267093e-67,1.32308157814295,0.46,0.008,1.57004608196909e-62
"AT1G80780",9.8138456645729e-67,0.648673063026383,0.505,0.03,2.01605831487321e-62
"AT1G67840",1.1036940286296e-66,1.42602136522687,0.473,0.015,2.26731864301378e-62
"AT4G08460",1.12814037780749e-66,0.813171600684055,0.504,0.03,2.31753877812992e-62
"AT4G02130",1.18482966015028e-66,0.761955638283355,0.487,0.021,2.43399557084673e-62
"AT2G29020",1.2556051390516e-66,-0.431111756257847,0.588,0.068,2.5793896371537e-62
"AT1G65390",1.32245056754094e-66,1.05576837863493,0.656,0.108,2.71671020089935e-62
"AT1G19330",1.62324741812914e-66,4.04657493141651,0.444,0.002,3.3346371710627e-62
"AT3G07170",1.66604418675021e-66,0.932559231220044,0.476,0.017,3.42255457284095e-62
"AT5G64660",1.86545048886849e-66,-0.58199048894899,0.812,0.171,3.83219493928254e-62
"AT2G32560",1.98255648065479e-66,0.765970640228581,0.502,0.03,4.07276577820914e-62
"AT5G16880",2.00043784833509e-66,-0.509743480449724,0.666,0.104,4.10949947183477e-62
"AT5G10450",2.92720247473546e-66,0.289344985498152,0.974,0.247,6.01335204384906e-62
"AT4G08520",3.14865675471334e-66,0.414804394429905,0.505,0.032,6.46828557120761e-62
"AT2G45710",3.55876210409006e-66,1.17644696925267,0.47,0.015,7.3107649904322e-62
"AT1G17455",3.62162746256499e-66,1.07752734095376,0.47,0.015,7.43990929634726e-62
"AT1G55210",4.16156613061701e-66,-7.00421995644378,0.045,0.307,8.54910530212651e-62
"AT4G39900",4.38811423226117e-66,3.04190376136842,0.446,0.004,9.01450306733413e-62
"AT2G32240",4.47572334175297e-66,-3.86131807091419,0.795,0.736,9.19447846096312e-62
"AT2G17972",5.21654587528181e-66,2.80901171606283,0.441,0.002,1.07163501915914e-61
"AT5G48590",5.73494992495639e-66,2.45285229762136,0.455,0.008,1.17813076308379e-61
"AT5G51820",5.77349101654186e-66,0.52587929491429,0.488,0.023,1.18604825952819e-61
"AT5G42270",5.84854926831925e-66,-0.645965490295831,0.864,0.192,1.20146747619082e-61
"AT1G19210",6.01977257276598e-66,7.35237770395693,0.436,0,1.23664187962331e-61
"AT5G05080",6.40197323767223e-66,1.20664217813514,0.469,0.015,1.31515736221501e-61
"AT1G48330",7.14199088947448e-66,-0.26203572919757,0.634,0.091,1.46717918842474e-61
"AT1G49450",7.64804322336704e-66,1.56487016094841,0.495,0.027,1.57113751937629e-61
"AT5G43430",8.52822538631597e-66,1.68181988649162,0.473,0.017,1.75195334111089e-61
"AT4G01897",8.58339146293104e-66,1.44402959934118,0.482,0.021,1.76328610822992e-61
"AT3G06760",1.05667683654966e-65,-0.450700138023116,0.639,0.093,2.17073122532398e-61
"AT3G17410",1.12724286244042e-65,-0.372474046269359,0.598,0.076,2.31569501231136e-61
"AT4G02510",1.15569338816703e-65,-0.315693310785696,0.553,0.055,2.37414092731153e-61
"AT4G27990",1.21886594021421e-65,-0.27469664777561,0.532,0.044,2.50391630098205e-61
"AT2G19680",1.26355553100637e-65,1.74583642807083,0.463,0.013,2.59572212734639e-61
"AT5G39600",1.27775625323199e-65,1.6256293421605,0.472,0.017,2.62489467101448e-61
"AT4G40045",1.40769542151947e-65,2.06342024383701,0.453,0.008,2.89182870442745e-61
"AT2G28190",1.45657516467077e-65,2.43075128415743,0.498,0.032,2.99224236078317e-61
"AT1G22520",1.51554523303527e-65,0.533138512115102,0.49,0.025,3.11338457222435e-61
"AT2G37678",1.65594864753019e-65,1.85368920102684,0.448,0.006,3.40181530662126e-61
"AT1G33290",1.657036393181e-65,0.54273780446513,0.481,0.021,3.40404986251174e-61
"AT5G15610",1.79157161887916e-65,2.28328284689938,0.453,0.008,3.68042557666345e-61
"AT1G22740",1.86928239825123e-65,0.604825096263381,0.485,0.023,3.84006683072749e-61
"AT5G14710",2.27425968120337e-65,0.316399471277297,0.494,0.027,4.67201166309608e-61
"AT1G04750",2.2807328226966e-65,-0.348125277371835,0.557,0.057,4.68530943766563e-61
"AT2G46090",2.40216814678413e-65,0.808285861990934,0.485,0.023,4.93477402393863e-61
"AT4G27750",3.11532993526233e-65,1.03849233947706,0.483,0.023,6.3998222860094e-61
"AT1G26180",3.22187059601785e-65,2.08071609861075,0.461,0.013,6.61868876539947e-61
"AT5G22650",3.26727363654213e-65,1.84210627923843,0.461,0.013,6.7119602315485e-61
"AT1G78300",3.72233953146458e-65,1.95967038081526,0.455,0.011,7.64680209948768e-61
"AT5G22620",3.72843667831072e-65,2.20329781691159,0.456,0.011,7.65932746825372e-61
"AT5G22340",3.98109624102053e-65,3.23516699300979,0.437,0.002,8.17836600792848e-61
"AT2G45140",4.39196952272964e-65,-0.451952504868501,0.58,0.068,9.02242299054349e-61
"AT1G68190",4.52402458209481e-65,1.47977314884223,0.451,0.008,9.29370369899736e-61
"AT5G26360",4.59719272880493e-65,1.98118446898432,0.465,0.015,9.44401302278396e-61
"AT5G39800",4.85424934584604e-65,1.13737380935275,0.463,0.015,9.97208443117152e-61
"AT2G22780",5.26651580381977e-65,0.294976522438549,0.515,0.038,1.0819003415787e-60
"AT4G35830",5.52664607441517e-65,-0.413156464210222,0.589,0.072,1.13533890306711e-60
"AT5G20890",5.83413654031706e-65,1.4202525274412,0.473,0.019,1.19850666947733e-60
"AT5G48545",6.04244800816806e-65,1.38010517304103,0.45,0.008,1.24130009431796e-60
"AT2G44360",7.35217889244809e-65,1.54302816745829,0.459,0.013,1.51035810987561e-60
"AT1G26670",8.31599580151461e-65,-0.64380872466653,0.592,0.074,1.70835501750515e-60
"AT2G14170",8.43645161567574e-65,0.783782400401131,0.473,0.019,1.73310025540827e-60
"AT5G58290",8.73368097345793e-65,-0.800666502133014,0.644,0.097,1.79416008237746e-60
"AT1G50670",9.21249451916162e-65,0.603161696289227,0.49,0.027,1.89252274907137e-60
"AT5G06450",1.49949039067237e-64,3.06581981481945,0.437,0.004,3.08040310955825e-60
"AT5G53880",1.56445613669336e-64,2.98921245098133,0.441,0.006,3.21386224160918e-60
"AT1G01320",1.57412100514267e-64,-0.377823788181885,0.577,0.068,3.23371678086458e-60
"AT4G04770",1.87635817610639e-64,-0.58355881494145,0.609,0.082,3.85460260117535e-60
"AT1G08640",2.26087546488641e-64,0.618084378550362,0.478,0.023,4.64451646751615e-60
"AT1G19400",2.94455951110962e-64,1.19907328285106,0.475,0.021,6.04900860367248e-60
"AT5G55990",2.98078549697899e-64,2.03873099456615,0.442,0.006,6.12342764644394e-60
"AT1G08460",3.14479308936537e-64,0.760680429261336,0.482,0.025,6.46034844348328e-60
"AT2G44060",3.22340389881875e-64,-0.374431507831787,0.571,0.066,6.62183862934335e-60
"AT4G27350",3.41479247591647e-64,-0.486343190403472,0.685,0.118,7.01500818327521e-60
"AT3G14310",3.46805108521771e-64,-0.381644999410993,0.895,0.211,7.12441734436274e-60
"AT5G64816",3.47515452360454e-64,3.54353336238196,0.436,0.004,7.1390099378408e-60
"AT2G33250",3.53461379566354e-64,1.47874344479562,0.458,0.015,7.2611571204316e-60
"AT2G44160",4.28420288811653e-64,0.544665738733013,0.46,0.015,8.80103799305778e-60
"AT3G23280",4.51802168025357e-64,-0.550975091380073,0.534,0.049,9.28137193774491e-60
"AT1G68490",4.53321744307086e-64,0.372487607616686,0.52,0.042,9.31258859330047e-60
"AT2G05790",4.61252161743663e-64,1.46430850787344,0.469,0.019,9.47550315870006e-60
"AT2G01620",4.69267928918659e-64,1.23800262845493,0.483,0.025,9.64017106377602e-60
"AT5G55530",4.86975609953737e-64,0.952776992757392,0.487,0.027,1.00039399552796e-59
"AT4G38510",5.07855993599839e-64,1.42545394052199,0.464,0.017,1.04328856765215e-59
"AT1G71030",5.44237150315646e-64,1.86407304182767,0.455,0.013,1.11802637789343e-59
"AT1G12800",5.61379428002078e-64,0.782051230604573,0.464,0.017,1.15324175894467e-59
"AT2G27830",5.65680518906976e-64,0.773283612212208,0.5,0.034,1.1620774899906e-59
"AT3G11530",5.78680703945427e-64,-0.340204945568727,0.597,0.078,1.18878377011509e-59
"AT3G12800",5.81566459260639e-64,-0.401921387340313,0.569,0.066,1.19471197725913e-59
"AT4G13250",6.24896607925058e-64,-0.314847274555956,0.628,0.093,1.28372510166045e-59
"AT4G29010",6.4066413992634e-64,-0.762344377329505,0.656,0.106,1.31611634265068e-59
"AT2G06530",7.13078353004426e-64,-0.477585173945302,0.86,0.199,1.46487686057699e-59
"AT3G01980",8.05860811114716e-64,2.13243991598916,0.445,0.008,1.65547986427296e-59
"AT2G47320",8.2370644278633e-64,-0.633829037347615,0.634,0.095,1.69214014541596e-59
"AT4G33980",8.30473109578273e-64,-0.485600152917085,0.659,0.108,1.70604090900665e-59
"AT2G32230",8.44525199186448e-64,4.18470137460626,0.439,0.006,1.73490811668872e-59
"AT5G27930",8.53443551471462e-64,1.21264826474609,0.479,0.025,1.75322908778782e-59
"AT1G27510",9.66246787742036e-64,0.418889569141473,0.488,0.03,1.98496077605846e-59
"AT2G47640",1.03077788330015e-63,0.291435360044078,0.503,0.036,2.11752700566351e-59
"AT2G33700",1.37423613630084e-63,-0.277025029595121,0.557,0.061,2.82309329480281e-59
"AT1G60010",1.37538246785576e-63,2.11411555215471,0.443,0.008,2.82544820371609e-59
"AT2G04039",1.3829747264282e-63,1.51619680848562,0.455,0.015,2.84104498050144e-59
"AT1G73110",1.56384331544237e-63,0.909988064026937,0.457,0.015,3.21260332291327e-59
"AT5G47200",1.56404106270315e-63,-0.462516544171306,0.871,0.201,3.21300955511108e-59
"AT3G61190",1.75126266005086e-63,0.402333766216811,0.815,0.192,3.59761888254249e-59
"AT2G23320",1.8481370896258e-63,-0.626716947779154,0.813,0.175,3.79662802321829e-59
"AT2G17040",2.06865480192653e-63,2.49378999797921,0.48,0.027,4.24963755959767e-59
"AT5G54980",2.13436781976033e-63,1.47006319615373,0.447,0.011,4.38463181213365e-59
"AT5G16060",2.19463554769273e-63,0.482291479134891,0.47,0.021,4.50843980562517e-59
"AT3G48990",2.54819921012035e-63,-0.802767388507661,0.708,0.131,5.23476563735024e-59
"AT1G70810",2.68755201271255e-63,-0.263906809846867,0.527,0.049,5.52103809971538e-59
"AT4G08980",2.76142291782896e-63,1.10367836518065,0.456,0.015,5.67279110009604e-59
"AT5G44190",2.95105177788752e-63,2.42669542688203,0.437,0.006,6.06234566731433e-59
"AT1G52980",2.95246347138059e-63,1.0384071608021,0.458,0.017,6.06524570925715e-59
"AT3G50360",3.46549551776152e-63,-0.264309844555131,0.57,0.068,7.11916744213749e-59
"AT3G13450",3.72365673973444e-63,0.571425905742015,0.469,0.021,7.64950804043646e-59
"AT3G06650",3.74531673927616e-63,1.00510485140388,0.458,0.017,7.69400417749502e-59
"AT5G08570",3.83862979426808e-63,2.07375565015034,0.446,0.011,7.88569718636491e-59
"AT3G01790",4.14482945096225e-63,1.12328210851137,0.46,0.017,8.51472314111175e-59
"AT2G03420",4.39654732257986e-63,1.57838647400805,0.441,0.008,9.0318271647758e-59
"AT1G12910",4.41172893278928e-63,1.11893509206663,0.462,0.019,9.06301474662901e-59
"AT4G03030",4.51472454173599e-63,0.523346076623951,0.519,0.044,9.27459862608824e-59
"AT2G26060",4.59328555349888e-63,0.981673484396879,0.462,0.019,9.43598651255276e-59
"AT4G13670",5.04391248605616e-63,1.70714777143382,0.445,0.011,1.03617094201052e-58
"AT2G01220",5.21126762063898e-63,2.73526130122021,0.436,0.006,1.07055070730787e-58
"AT5G55280",5.42803488202289e-63,0.89283629570745,0.457,0.017,1.11508120581396e-58
"AT4G04614",5.69467793400347e-63,1.01221462332811,0.448,0.013,1.16985768798233e-58
"AT3G55760",5.94229288253064e-63,1.38351648852839,0.454,0.015,1.22072522685827e-58
"AT5G57015",6.43824404823519e-63,0.924668370731835,0.466,0.021,1.32260847482895e-58
"AT2G35470",6.92835672844883e-63,1.64118582397052,0.435,0.006,1.42329232272524e-58
"AT1G53290",7.7072678027303e-63,0.78955652554511,0.472,0.023,1.58330402471489e-58
"AT5G55850",7.92605754150204e-63,-0.697758799150634,0.811,0.175,1.62825000075076e-58
"AT4G17486",8.19258540618114e-63,-0.83894652961471,0.619,0.091,1.68300281999179e-58
"AT1G12050",8.22355336642755e-63,0.531593114537667,0.476,0.025,1.68936456806521e-58
"AT3G47833",8.80000874334099e-63,0.293518773756484,0.49,0.032,1.80778579614454e-58
"AT3G55440",1.11804492657012e-62,0.909467163469418,0.996,0.37,2.29679969265301e-58
"AT4G17870",1.13488004263625e-62,-0.259982065131865,0.531,0.051,2.33138407158765e-58
"AT2G17265",1.14856908765347e-62,0.998288165738304,0.453,0.015,2.35950547676652e-58
"AT1G79700",1.16050031120916e-62,0.74762600645302,0.453,0.015,2.38401578931697e-58
"AT4G32030",1.20381245871691e-62,-0.265043035698713,0.544,0.057,2.47299193394214e-58
"AT1G28960",1.244189399365e-62,0.804165658624646,0.471,0.023,2.55593828311552e-58
"AT1G74560",1.41051569695027e-62,1.43662585746841,0.466,0.021,2.89762239624493e-58
"AT5G20140",1.53937332721484e-62,1.38268367700372,0.452,0.015,3.16233462609745e-58
"AT4G27450",1.6121697125104e-62,0.603216589840941,0.484,0.03,3.31188024041011e-58
"AT2G42390",1.72075779817359e-62,0.865650532576659,0.456,0.017,3.53495274478801e-58
"AT1G73170",1.72666992037751e-62,0.886836370193996,0.456,0.017,3.54709801743152e-58
"AT3G22890",1.77617274784506e-62,-0.530729963951079,0.837,0.19,3.6487916758981e-58
"AT5G52210",1.9069494360542e-62,0.701141270087324,0.473,0.025,3.91744622648614e-58
"AT2G18250",2.29736988945746e-62,1.38269197023423,0.455,0.017,4.71948696391246e-58
"AT4G37925",2.4057780059763e-62,0.999822310852313,0.446,0.013,4.94218975767711e-58
"AT1G80500",2.62337813530116e-62,0.707612985071753,0.465,0.021,5.38920570334918e-58
"AT2G18730",3.06121885455271e-62,1.13859174409157,0.455,0.017,6.28866189290764e-58
"AT1G62850",3.24672805315903e-62,0.692916775602466,0.45,0.015,6.6697534396046e-58
"AT4G34215",3.54927158617233e-62,1.08348566544092,0.462,0.021,7.29126861947382e-58
"AT5G64160",3.71069217114613e-62,0.410601931344141,0.505,0.04,7.62287492718549e-58
"AT5G62700",4.2403286891112e-62,1.12958540735306,0.445,0.013,8.71090722604114e-58
"AT3G13550",4.72721435776464e-62,1.21263632956486,0.448,0.015,9.7111164551559e-58
"AT3G57890",5.07600903605072e-62,0.552109593475394,0.463,0.021,1.0427645362759e-57
"AT4G05150",5.1846279513189e-62,-0.745567514512839,0.599,0.085,1.06507812003944e-57
"AT5G58005",5.46854394562824e-62,0.829500283807613,0.468,0.023,1.12340298275041e-57
"AT4G27760",5.78101224889836e-62,1.43754913171294,0.435,0.008,1.18759334629119e-57
"AT2G25605",5.97874726259125e-62,0.779707465821667,0.458,0.019,1.22821405015412e-57
"AT5G03300",5.99046844493128e-62,1.14724351326106,0.449,0.015,1.23062193264223e-57
"AT1G74840",6.35698728564686e-62,1.73087945954285,0.438,0.011,1.30591589809043e-57
"AT5G61600",6.67385492471796e-62,2.57581257971374,0.43,0.006,1.37101001718481e-57
"AT3G06790",6.719149646126e-62,4.65411633403272,0.421,0.002,1.38031491180366e-57
"AT2G38710",7.74529123235027e-62,2.33758009079125,0.448,0.015,1.59111517786172e-57
"AT3G05000",8.27581769360553e-62,1.26585570769528,0.448,0.015,1.70010122879738e-57
"AT2G35240",8.52199658503491e-62,1.85635205221711,0.439,0.011,1.75067375846372e-57
"AT5G58680",8.66618922276969e-62,1.40048715820516,0.471,0.025,1.78029525203358e-57
"AT3G20770",9.20083060264597e-62,-0.429046129568027,0.547,0.061,1.89012663070156e-57
"AT4G35260",9.61897173121714e-62,0.324476518639077,0.498,0.038,1.97602536274394e-57
"AT5G04850",1.04844340650466e-61,0.78449884886624,0.457,0.019,2.15381728998253e-57
"AT1G66430",1.19022758619527e-61,2.0252991728363,0.433,0.008,2.44508453032095e-57
"AT5G51550",1.19450292074576e-61,2.20535203628717,0.443,0.013,2.45386735008801e-57
"AT5G18790",1.51910186747881e-61,1.82586229243521,0.438,0.011,3.12069096636172e-57
"AT4G35785",1.53584161755949e-61,2.1231196239889,0.436,0.011,3.15507943495246e-57
"AT1G13320",1.70417039068533e-61,0.876283026102,0.456,0.019,3.50087723358487e-57
"AT1G02870",1.762698255431e-61,2.3028279486946,0.433,0.008,3.62111102613191e-57
"AT5G05750",1.83346517833748e-61,1.01958276411775,0.456,0.019,3.76648751585868e-57
"AT1G77180",1.8381640028327e-61,-0.788758312395526,0.616,0.093,3.77614031101921e-57
"AT5G23440",1.88656933631321e-61,0.497679736967838,0.47,0.025,3.87557938758823e-57
"AT5G13810",1.94546629377316e-61,-0.790662756033541,0.61,0.091,3.99657140729819e-57
"AT5G11950",2.20583036866201e-61,1.66651753187113,0.439,0.013,4.53143732634236e-57
"AT4G21120",2.34456483231456e-61,-7.36883725018756,0.031,0.264,4.8164395350238e-57
"AT3G60190",2.35258142169981e-61,-0.335679231426369,0.542,0.059,4.83290801459792e-57
"AT4G38680",2.59764106260726e-61,1.36270675097604,0.446,0.015,5.33633403491409e-57
"AT5G37850",2.62203964793317e-61,2.02086412350705,0.434,0.011,5.38645604874912e-57
"AT3G09300",2.79145956969212e-61,0.73222263499061,0.473,0.027,5.73449539401851e-57
"AT5G64130",2.84182879038515e-61,0.319964941658476,0.986,0.271,5.83796888408822e-57
"AT4G33500",3.05108355324488e-61,1.37969909552809,0.441,0.013,6.26784094343096e-57
"AT5G46630",3.13737159439525e-61,-0.431477918303862,0.535,0.057,6.44510246636616e-57
"AT1G56450",3.44764490819677e-61,-0.492197568188459,0.508,0.044,7.08249693490863e-57
"AT5G46750",3.62129601917801e-61,0.473628204074347,0.472,0.027,7.4392284121974e-57
"AT1G01730",3.70160850255093e-61,1.03310034112736,0.475,0.03,7.60421434679038e-57
"AT4G16330",4.01372634594031e-61,1.07564518875493,0.44,0.013,8.24539803246519e-57
"AT5G08080",4.12431364401972e-61,0.433696094027635,0.463,0.023,8.47257751890971e-57
"AT2G20690",4.28568541533533e-61,0.796982162970673,0.454,0.019,8.80408354872336e-57
"AT1G03860",4.54797660894462e-61,1.05759910637379,0.449,0.017,9.34290834775494e-57
"AT3G24503",4.81409815996242e-61,0.527524171333901,0.495,0.038,9.8896018500108e-57
"AT3G63260",4.82989521270966e-61,0.310152350669785,0.488,0.036,9.92205373546946e-57
"AT5G39340",5.01995887927788e-61,0.56897996426408,0.463,0.023,1.03125015257006e-56
"AT3G52860",5.0454854850743e-61,1.97688504109977,0.433,0.011,1.03649408319881e-56
"AT5G57440",5.55358470695122e-61,2.31106150099726,0.421,0.004,1.14087290634899e-56
"AT5G14170",5.63385693661711e-61,0.487746652741662,0.466,0.025,1.15736323048925e-56
"AT3G62750",7.09210259421583e-61,-0.349727802598854,0.531,0.055,1.45693063592976e-56
"AT3G44880",7.1252748558834e-61,-0.489412716747381,0.527,0.053,1.46374521364413e-56
"AT4G37000",8.73775238681224e-61,0.629219717026758,0.448,0.017,1.79499647282284e-56
"AT4G14145",9.62330258323673e-61,6.54775313751087,0.41,0,1.97691504967432e-56
"AT1G20090",1.13681179655114e-60,1.37050045759488,0.445,0.017,2.33535247365501e-56
"AT2G37970",1.20756968511065e-60,0.316172514881601,0.486,0.036,2.48071040412281e-56
"AT1G18070",1.27758421226006e-60,-0.498063839431612,0.636,0.104,2.62454124724584e-56
"AT4G31820",1.35232716001555e-60,0.700148226883558,0.465,0.025,2.77808568481995e-56
"AT1G80230",1.39405573177106e-60,0.627444675137173,0.474,0.03,2.86380868977729e-56
"AT5G37055",1.52794296855162e-60,1.2873882694868,0.445,0.017,3.13885324029558e-56
"AT1G23310",1.58588172663843e-60,0.813823018713085,0.995,0.383,3.25787683103332e-56
"AT2G26980",1.71373867394689e-60,0.983415667594607,0.451,0.019,3.5205333578891e-56
"AT1G13690",1.97771393488859e-60,1.45114284626122,0.431,0.011,4.06281773644162e-56
"AT3G05520",2.07586053577026e-60,0.830878176154983,0.444,0.017,4.26444029863285e-56
"AT4G18975",2.15192160214707e-60,0.450288646646552,0.46,0.023,4.42069254729073e-56
"AT3G62980",2.15552966074039e-60,1.27159962538274,0.436,0.013,4.42810458205898e-56
"AT2G19540",2.18005156812201e-60,1.49114524169772,0.45,0.019,4.47847993639305e-56
"ATCG00770",2.25066660658452e-60,-0.921260728057255,0.66,0.116,4.62354440990658e-56
"AT1G10760",2.43234873707861e-60,-0.89800172120921,0.778,0.169,4.9967740105806e-56
"AT1G56460",2.57789090730439e-60,3.24680297920486,0.413,0.002,5.29576129087541e-56
"AT1G31180",2.63419218391371e-60,1.4613532515982,0.443,0.017,5.41142100341394e-56
"AT1G75380",2.73252229777134e-60,0.879411767186251,0.995,0.397,5.61342055631166e-56
"AT5G20650",3.07415690631956e-60,-0.789868290784158,0.814,0.184,6.31524053265228e-56
"AT5G25930",3.19632269187334e-60,-5.24685628182841,0.339,0.579,6.5662057059154e-56
"AT4G01040",3.40027562958807e-60,-0.320928288943981,0.507,0.047,6.98518622586278e-56
"AT4G37280",3.46915074115711e-60,1.36390453476091,0.443,0.017,7.12667636755906e-56
"AT5G63620",3.7795620827823e-60,1.06191494786715,0.435,0.013,7.76435438665967e-56
"AT3G17040",3.79249137197165e-60,0.768120372344253,0.435,0.013,7.79091502544137e-56
"AT2G28720",4.17696342398759e-60,2.154755884474,0.428,0.011,8.58073596189771e-56
"AT3G04600",4.50666873027924e-60,1.76960270762782,0.421,0.006,9.25804957261264e-56
"AT4G28830",4.50667168591001e-60,2.26989367533688,0.421,0.006,9.25805564436494e-56
"AT1G10700",4.82054185198159e-60,0.463592968566678,0.458,0.023,9.90283912652578e-56
"AT3G12630",4.96516010589779e-60,-0.74560460711914,0.833,0.192,1.01999284055458e-55
"AT1G04690",5.04573565277034e-60,0.445832662797391,0.478,0.034,1.03654547514861e-55
"AT5G53140",5.11821916347227e-60,1.94499736792668,0.437,0.015,1.05143576275211e-55
"AT2G42740",5.18732185996187e-60,2.43763325938952,0.423,0.008,1.06563152969197e-55
"AT5G62290",5.48830074027193e-60,1.44337391597423,0.437,0.015,1.12746162107406e-55
"AT5G57370",7.27946793262397e-60,2.62224616076176,0.438,0.015,1.49542109739894e-55
"AT4G30480",7.33347318191733e-60,1.04612384947756,0.438,0.015,1.50651539576128e-55
"AT4G21790",7.54432027194109e-60,-0.722769366961261,0.803,0.18,1.54982971346486e-55
"AT1G79390",7.70437392006547e-60,1.14852529889499,0.452,0.021,1.58270953439905e-55
"AT3G59490",7.86164737931208e-60,1.73588798285495,0.419,0.006,1.61501822113208e-55
"AT2G25250",8.10954031915094e-60,-0.624113216374619,0.655,0.116,1.66594286776318e-55
"AT4G33380",8.52322546792442e-60,0.4481171839697,0.482,0.036,1.75092620787571e-55
"AT3G51800",8.83663165347205e-60,0.824801756919023,0.446,0.019,1.81530924057276e-55
"AT3G57280",8.85809822051076e-60,-0.712757247151585,0.618,0.097,1.81971911743953e-55
"AT1G76490",1.09690665419824e-59,-0.509628842708033,0.863,0.205,2.25337533971945e-55
"AT5G54810",1.11828295480223e-59,-0.548785322587738,0.872,0.211,2.29728867405023e-55
"AT4G23760",1.13156771054681e-59,2.17343923320736,0.423,0.008,2.32457954777632e-55
"AT3G45730",1.40550671232678e-59,1.3636679971003,0.567,0.082,2.88733243913291e-55
"AT3G17668",1.44514705132964e-59,0.907183400385741,0.439,0.017,2.96876558754649e-55
"AT5G14060",1.45250354409973e-59,0.797720699898912,0.439,0.017,2.98387803064407e-55
"AT4G22820",1.46999312499201e-59,-0.632447173872746,0.719,0.144,3.01980687667109e-55
"AT1G76020",1.4891272425102e-59,-0.470796881608772,0.569,0.076,3.0591140942887e-55
"AT3G15690",1.92673993593554e-59,1.11150084155675,0.441,0.017,3.95810185039238e-55
"AT5G46160",1.95235390329559e-59,1.01490832110264,0.445,0.019,4.01072062354012e-55
"AT5G19030",1.9801253741792e-59,1.50577541190092,0.431,0.013,4.06777155617634e-55
"AT3G13740",2.05704272100467e-59,1.43729159413211,0.422,0.008,4.2257828617599e-55
"AT5G67500",2.53314557459341e-59,-0.285540428737401,0.537,0.061,5.20384095388724e-55
"AT2G34600",2.59351128704624e-59,2.54346603282178,0.433,0.015,5.32785023697909e-55
"AT5G18130",2.81669831059485e-59,0.486597565557059,0.501,0.047,5.786343339455e-55
"AT3G17100",2.93486143465834e-59,0.48534169863235,0.475,0.034,6.02908584521862e-55
"AT4G19860",2.95239244372756e-59,0.339631692151936,0.495,0.042,6.06509979714952e-55
"AT2G17340",2.99754759768993e-59,0.80680789755028,0.435,0.015,6.15786202993443e-55
"AT4G08920",3.11042666469011e-59,0.532215075706404,0.449,0.021,6.3897494972729e-55
"AT5G54390",3.23337430573424e-59,-0.650521071059902,0.6,0.091,6.64232083626984e-55
"AT1G09150",3.46481748717753e-59,0.888684113315153,0.438,0.017,7.1177745639088e-55
"AT1G75440",3.72616646915129e-59,0.323832261186807,0.444,0.019,7.6546637775775e-55
"AT5G62540",3.79386254011782e-59,0.625573488408135,0.471,0.032,7.79373181616403e-55
"AT5G18170",3.88017594767291e-59,1.81755312999131,0.434,0.015,7.97104544930445e-55
"AT3G47450",3.93308994323033e-59,1.25931551775192,0.434,0.015,8.07974667037808e-55
"AT3G62970",3.93975447568678e-59,0.780264123918183,0.434,0.015,8.09343761940335e-55
"AT2G28950",4.6617839825952e-59,2.78385087651442,0.42,0.008,9.57670283544531e-55
"AT1G70370",5.34934265713025e-59,6.48334593733154,0.404,0.002,1.09891546205427e-54
"AT3G16950",5.46629210827257e-59,2.3842497682771,0.415,0.006,1.12294038780243e-54
"AT4G38280",5.8383930819139e-59,0.625905749967802,0.438,0.017,1.19938109081757e-54
"AT1G54830",5.99315664335099e-59,0.513217027552868,0.45,0.023,1.23117416924359e-54
"AT2G30060",6.80148352316789e-59,0.465018861525294,0.47,0.032,1.39722876016438e-54
"AT1G06110",7.86387739072183e-59,1.16527019575988,0.436,0.017,1.61547633237599e-54
"AT2G39350",7.86684213344851e-59,-7.05790726235857,0.031,0.256,1.61608537947433e-54
"AT5G57890",9.23401190080373e-59,1.3667945046142,0.423,0.011,1.89694306478211e-54
"AT3G02910",9.2664607352866e-59,-0.765539041627919,0.598,0.091,1.90360902884993e-54
"AT3G18420",9.2813107894343e-59,1.41492878441964,0.423,0.011,1.90665967547349e-54
"AT1G45145",1.0711675846429e-58,-2.48479507491778,0.85,0.757,2.20049956913191e-54
"AT1G10310",1.13458277305584e-58,0.900180376558781,0.439,0.019,2.33077339068861e-54
"AT3G18940",1.24999350801075e-58,1.97783286982708,0.413,0.006,2.56786166350649e-54
"AT1G78140",1.29575513248251e-58,0.250457178037944,0.46,0.027,2.66186976865883e-54
"AT1G17650",1.3220561151895e-58,0.453612400508827,0.436,0.017,2.71589987743379e-54
"AT1G54250",1.36701142225784e-58,1.76332105706877,0.418,0.008,2.80825156474428e-54
"AT3G03150",1.51321296336202e-58,0.63197185204978,0.982,0.309,3.10859339063461e-54
"AT4G26530",1.57382274186589e-58,0.877633425969849,0.782,0.203,3.23310405861509e-54
"AT2G33390",1.61592983095414e-58,-0.34966811519441,0.549,0.07,3.31960465172909e-54
"AT1G29260",1.61804683354636e-58,1.47906158195303,0.429,0.015,3.32395361015429e-54
"AT1G15980",1.74133597170271e-58,-0.300066216851905,0.487,0.04,3.57722648666888e-54
"AT3G13845",1.803675999331e-58,1.01110896842868,0.426,0.013,3.70529160542568e-54
"AT5G46250",1.83605717807608e-58,-0.886317134052796,0.715,0.144,3.77181226092169e-54
"AT2G47890",1.84681653254531e-58,-0.498014284734806,0.554,0.072,3.79391520280784e-54
"AT1G05205",1.90846013738602e-58,2.00974673247179,0.426,0.013,3.92054966023209e-54
"AT2G35320",2.15782299717071e-58,2.62766454303349,0.403,0.002,4.43281578308779e-54
"AT4G16860",2.20330467384113e-58,0.698026912173775,0.463,0.03,4.52624879147183e-54
"AT2G37250",2.40823873351093e-58,1.09244633967823,0.449,0.023,4.9472448302515e-54
"AT3G47000",2.47271931424927e-58,1.764556372987,0.416,0.008,5.07970728726227e-54
"AT5G61500",2.48313754600685e-58,-0.325171562725477,0.518,0.055,5.10110946076187e-54
"AT1G26740",2.62755930151057e-58,1.11756475853557,0.43,0.015,5.39779507309316e-54
"AT1G55160",2.76067817812387e-58,0.873184781023244,0.443,0.021,5.67126118131987e-54
"AT1G27330",2.9877425306923e-58,-0.929402723901536,0.605,0.095,6.13771948080119e-54
"AT4G24972",3.10257951602981e-58,0.869345784553876,0.47,0.034,6.37362909978003e-54
"AT4G04470",3.21273380645238e-58,0.558445942782662,0.46,0.03,6.59991905859513e-54
"AT1G24170",3.26898476614027e-58,-0.261770694266237,0.544,0.068,6.71547540508195e-54
"AT1G69935",4.17317461780658e-58,2.88798869405223,0.415,0.008,8.57295261736006e-54
"AT1G32920",4.20866909393246e-58,0.799305303100766,0.995,0.615,8.64586891966545e-54
"AT5G41340",4.26826262418693e-58,1.75543690000268,0.423,0.013,8.76829190886722e-54
"AT3G10260",4.54815115231895e-58,-0.693202605515511,0.629,0.108,9.34326691220882e-54
"AT3G07470",5.3700381368454e-58,-0.659854085663542,0.817,0.19,1.10316693445215e-53
"AT5G60160",5.42481987021794e-58,0.847865959213112,0.431,0.017,1.11442074593887e-53
"AT5G66880",5.44596092643558e-58,1.85080880910138,0.424,0.013,1.11876375311766e-53
"AT4G25620",5.58340733537655e-58,1.47630713046277,0.414,0.008,1.14699936890641e-53
"AT3G08730",5.79922562393199e-58,0.452468823966353,0.465,0.032,1.19133491992435e-53
"AT2G30490",6.23083104658229e-58,-5.51470510230729,0.527,0.649,1.2799996218994e-53
"AT1G58080",6.45699639907948e-58,2.43438769202258,0.409,0.006,1.3264607702629e-53
"AT2G45860",6.65949794269845e-58,1.45913671888037,0.417,0.011,1.36806066236854e-53
"AT1G80920",6.93405710882e-58,-0.410616202338493,0.865,0.216,1.42446335186489e-53
"AT2G18400",8.42576955287024e-58,0.976629173726842,0.427,0.015,1.73090583924613e-53
"AT4G24990",8.77625136468013e-58,-0.664895359019146,0.621,0.104,1.80290531784624e-53
"AT4G10970",9.35859205261739e-58,1.25486560025159,0.434,0.019,1.92253556536919e-53
"AT4G20280",9.73446329743779e-58,1.86609730012795,0.413,0.008,1.99975079519265e-53
"AT5G15960",9.77808390595624e-58,2.13952044119836,0.508,0.059,2.00871177680059e-53
"AT3G50790",9.7832118472959e-58,2.11582947041961,0.404,0.004,2.00976520979e-53
"AT3G16570",9.83504510627155e-58,0.530592977678326,0.45,0.025,2.02041331618137e-53
"AT3G55030",1.01744483562846e-57,2.14359309015761,0.418,0.011,2.09013692583154e-53
"AT3G16720",1.09750570630456e-57,0.424376773890697,0.482,0.04,2.25460597246146e-53
"AT2G34090",1.11958648638541e-57,2.73132217694392,0.408,0.006,2.29996651898155e-53
"AT3G47520",1.2647930760522e-57,0.553493637164925,0.445,0.023,2.59826441613404e-53
"AT4G11980",1.26854396904191e-57,2.06452640259705,0.413,0.008,2.60596987560279e-53
"AT1G27000",1.34843768480921e-57,-0.357345357942746,0.491,0.044,2.77009553590356e-53
"AT1G01990",1.3530692593264e-57,3.57011329485415,0.408,0.006,2.77961017943423e-53
"AT1G14030",1.37197883372533e-57,3.44796835815534,0.401,0.004,2.81845611812194e-53
"AT2G44065",1.44354457399865e-57,2.51086292918111,0.416,0.011,2.96547361836542e-53
"AT3G04940",1.44794785130519e-57,1.13830619319863,0.417,0.011,2.97451927093625e-53
"ATCG01070",1.45493948168055e-57,-0.565468066316499,0.895,0.224,2.98888217721635e-53
"AT1G27210",1.46571442911969e-57,4.36331367850599,0.398,0.002,3.01101715174057e-53
"AT5G11060",1.62363718672827e-57,1.05059222616434,0.421,0.013,3.33543787269588e-53
"AT1G27970",1.64616840118283e-57,-1.03605451248263,0.643,0.114,3.38172374654989e-53
"AT3G54810",1.80167404517426e-57,-0.492582795282115,0.545,0.07,3.70117899100149e-53
"AT3G52930",1.85712693389025e-57,-0.63344451577914,0.927,0.239,3.81509586029073e-53
"AT1G21440",2.20441591257421e-57,1.70170934848872,0.411,0.008,4.52853160920121e-53
"AT2G47210",2.42108678083237e-57,0.971793896061322,0.437,0.021,4.97363857386394e-53
"AT4G34640",2.53544662841888e-57,0.708550484052359,0.439,0.021,5.20856800876092e-53
"AT3G50270",2.91265757682624e-57,2.55705834517818,0.401,0.004,5.98347246007415e-53
"AT2G27450",3.0419954935219e-57,2.53689603609688,0.409,0.008,6.24917134234203e-53
"AT2G30440",3.11613722187285e-57,-1.06745482555212,0.787,0.178,6.40148069489339e-53
"AT1G53780",3.21533444820361e-57,1.28089381798047,0.438,0.021,6.60526155694467e-53
"AT1G16916",3.31560073595109e-57,2.83812957157407,0.406,0.006,6.81123859186432e-53
"AT2G05840",3.43644211138164e-57,-0.398623267284463,0.512,0.055,7.0594830294113e-53
"AT5G22640",3.66627273133606e-57,1.26219663329236,0.438,0.021,7.53162407198367e-53
"AT4G04040",4.06546241522582e-57,0.527180427822026,0.447,0.025,8.35167943959839e-53
"AT1G79590",4.77048211902769e-57,0.743985642214123,0.455,0.03,9.80000141711859e-53
"AT3G15260",5.33758450043972e-57,1.01081691236909,0.423,0.015,1.09649998392533e-52
"AT5G56750",5.58756888649519e-57,-0.808589622568039,0.65,0.118,1.14785427635271e-52
"AT5G50960",5.88441437440862e-57,-1.00884322155665,0.592,0.093,1.20883524493476e-52
"AT4G21445",6.56110083184336e-57,2.70914049315481,0.399,0.004,1.34784694388558e-52
"AT5G63890",6.58906114224568e-57,1.24199756814415,0.416,0.013,1.35359083045153e-52
"AT3G51040",7.2436066924635e-57,1.95848553523762,0.421,0.015,1.48805412283278e-52
"AT1G51430",7.49580819422931e-57,3.02498220815008,0.394,0.002,1.53986387734053e-52
"AT1G07170",8.20048564584744e-57,0.917588751245668,0.441,0.023,1.68462576622644e-52
"AT4G33030",8.32782288472252e-57,1.4902527460993,0.418,0.013,1.71078465520855e-52
"AT5G49450",9.08483023516066e-57,-0.257972211346555,0.607,0.101,1.86629667520905e-52
"AT2G44310",1.06544015706381e-56,-0.297897632079649,0.491,0.047,2.18873371465618e-52
"ATCG00680",1.19355304195917e-56,-1.26768280018636,0.997,0.882,2.45191601409672e-52
"AT2G30020",1.2020478087852e-56,0.587297388322108,0.962,0.302,2.46936681358744e-52
"ATCG00130",1.20482288641255e-56,-1.20600728041953,0.997,0.932,2.4750676555573e-52
"AT3G57230",1.29023032961585e-56,0.560919973044865,0.435,0.021,2.65052016612983e-52
"AT1G56000",1.67316132196596e-56,0.968860369900236,0.411,0.011,3.43717530371468e-52
"AT5G05100",1.67581713484486e-56,-0.507940519246718,0.538,0.07,3.44263114011179e-52
"AT1G78620",1.78835036779975e-56,-0.823391221222896,0.621,0.108,3.67380816057103e-52
"AT5G06690",1.8968329730814e-56,0.852890743731676,0.416,0.013,3.89666397660111e-52
"AT1G53750",1.91901294800676e-56,-0.454951654452744,0.542,0.072,3.94222829909029e-52
"AT4G34410",1.97383713573799e-56,0.849318936694996,0.979,0.357,4.05485362794655e-52
"AT5G53300",2.04108657933989e-56,0.917681993959872,0.997,0.376,4.19300415993794e-52
"AT4G19120",2.05982507085355e-56,-0.464387666959479,0.596,0.097,4.23149864305446e-52
"AT1G49010",2.21353200764048e-56,4.00890730248019,0.392,0.002,4.54725880329584e-52
"AT1G49840",2.21353229312793e-56,3.27335960338516,0.392,0.002,4.54725938977271e-52
"AT4G35020",2.22945093937925e-56,2.15985357675054,0.401,0.006,4.5799610647668e-52
"AT5G47760",2.22945206922058e-56,1.59639974836475,0.401,0.006,4.57996338579985e-52
"AT1G74020",2.45020928185046e-56,-6.7059725167995,0.045,0.279,5.03346492770539e-52
"AT5G15350",2.54400439230796e-56,-1.07470590988255,0.618,0.106,5.22614822311823e-52
"AT1G80040",2.60534521646044e-56,-0.273414730617233,0.497,0.051,5.35216067817467e-52
"AT1G11210",2.69389734217448e-56,0.875118367554088,0.476,0.042,5.53407331002904e-52
"HINT 2",2.76333914447443e-56,1.39182397755799,0.418,0.015,5.67672760449383e-52
"AT5G53050",2.85740262312208e-56,-0.49433782945238,0.895,0.23,5.86996220867969e-52
"AT3G15290",2.92913471916975e-56,0.45287740597195,0.433,0.021,6.01732145359043e-52
"AT1G32050",3.16590089411722e-56,-1.07742630956268,0.717,0.15,6.50371020678501e-52
"AT2G25830",3.32739850583575e-56,1.06310841847695,0.414,0.013,6.83547475053837e-52
"AT1G49130",3.35798774669227e-56,2.05709671656227,0.4,0.006,6.89831422802994e-52
"AT3G60340",3.53373459550854e-56,-1.03816651209115,0.67,0.129,7.25935097955319e-52
"AT3G55020",3.71879329999191e-56,0.466434551267357,0.433,0.021,7.63951707617338e-52
"AT4G39990",4.22874684098288e-56,0.534262217219205,0.451,0.03,8.68711463543114e-52
"AT1G64950",4.64740978504503e-56,-4.36901194658645,0.59,0.664,9.54717392141801e-52
"AT4G23180",4.74052751882284e-56,-0.862231174729554,0.709,0.148,9.73846568191776e-52
"AT3G61860",5.3020061524524e-56,0.787645618075437,0.454,0.032,1.0891911238983e-51
"AT1G74670",5.37613469694167e-56,1.43591916433224,0.421,0.017,1.10441935079273e-51
"AT3G44020",5.58825908964761e-56,0.51263450994995,0.413,0.013,1.14799606478631e-51
"AT1G64190",5.68313138289793e-56,1.47387683598881,0.413,0.013,1.16748567998872e-51
"AT5G59840",8.54191689521921e-56,0.875185360554995,0.431,0.021,1.75476598778488e-51
"AT4G35600",9.01591956630072e-56,-0.495435187641998,0.594,0.097,1.85214035650516e-51
"AT1G73720",9.78649117876567e-56,1.20305725696209,0.403,0.008,2.01043888285383e-51
"AT1G71130",1.06808539707532e-55,0.776067543842616,0.416,0.015,2.19416783121183e-51
"AT1G06960",1.20651838666543e-55,2.41070524471013,0.406,0.011,2.47855072172679e-51
"AT4G25680",1.22035544417802e-55,0.408179137521588,0.434,0.023,2.5069761889749e-51
"AT3G26360",1.26513891657473e-55,0.551459838398986,0.425,0.019,2.59897487631946e-51
"AT4G34120",1.28012841722235e-55,-0.814825294203345,0.871,0.22,2.62976780749987e-51
"AT4G23850",1.34649732920248e-55,-0.695451359273359,0.668,0.131,2.76610946338066e-51
"AT5G65250",1.4045378040475e-55,1.03002855122853,0.416,0.015,2.88534201085478e-51
"AT1G29250",1.42215560263514e-55,1.37576138923854,0.42,0.017,2.92153425449337e-51
"AT4G18060",1.44735211462971e-55,1.57055743579097,0.406,0.011,2.97329544908382e-51
"AT3G18690",1.46067943543702e-55,-0.467459855637491,0.51,0.059,3.00067376421827e-51
"AT1G66200",1.65485302593706e-55,-0.673232605789745,0.557,0.08,3.3995645711825e-51
"AT4G30240",1.76081648590906e-55,-0.59180404225879,0.514,0.061,3.61724530700298e-51
"AT2G28370",1.87085702039491e-55,0.357609291534636,0.465,0.038,3.84330157699726e-51
"AT1G73820",2.00596062157085e-55,1.18349516856447,0.41,0.013,4.120844904893e-51
"AT2G35040",2.11734453107869e-55,1.20183546977932,0.423,0.019,4.34966087019496e-51
"AT3G57560",2.1593487770476e-55,0.515448729209952,0.419,0.017,4.43595019268889e-51
"AT5G58560",2.18140038451543e-55,-0.269342542328727,0.529,0.068,4.48125080991005e-51
"AT2G39920",2.19186071798044e-55,2.61635298505071,0.391,0.004,4.50273947294722e-51
"AT4G33350",2.20195863358457e-55,0.826168228325657,0.408,0.013,4.52348362097278e-51
"AT3G59950",2.39084557891494e-55,0.864815661928283,0.414,0.015,4.91151407276495e-51
"AT5G12310",2.39328865454484e-55,-0.322876225084711,0.5,0.055,4.91653288303146e-51
"AT1G79410",2.44793001802364e-55,-6.76102592105646,0.06,0.304,5.02878263602596e-51
"AT1G08780",2.46750762522372e-55,1.962100682937,0.405,0.011,5.06900091449708e-51
"AT1G28490",2.54360077872167e-55,0.823518670644425,0.428,0.021,5.22531907972793e-51
"AT2G39450",2.6820445033533e-55,1.32564688944191,0.419,0.017,5.50972402323868e-51
"AT5G38980",2.83943733007761e-55,-0.626164638643916,0.71,0.15,5.83305610717844e-51
"AT5G67070",2.85452931640017e-55,1.66850217387479,0.404,0.011,5.86405957468088e-51
"AT1G68140",2.89358548408059e-55,-0.259718978827302,0.46,0.036,5.94429265994675e-51
"AT5G51570",2.8982881524852e-55,0.277614092880228,0.468,0.04,5.95395335165034e-51
"AT1G53280",3.23185197882485e-55,-0.341174816693147,0.465,0.038,6.63919352009989e-51
"AT4G24370",3.44263935647409e-55,-1.12068417064022,0.735,0.161,7.07221403000471e-51
"AT3G63080",3.58907505226222e-55,-0.548821470657934,0.519,0.063,7.37303687986229e-51
"AT2G17320",3.75145585664316e-55,1.51084751788085,0.39,0.004,7.70661576630204e-51
"AT1G16700",3.84800214511112e-55,-0.3150982358093,0.51,0.059,7.90495080670177e-51
"AT5G20180",3.95253642406105e-55,1.09105910297209,0.413,0.015,8.11969557594862e-51
"AT3G57090",4.03446953409652e-55,-1.15167587472472,0.724,0.156,8.28801076389449e-51
"AT3G15790",4.11994111348161e-55,1.26583673164781,0.413,0.015,8.46359502942526e-51
"AT2G23310",4.20307537820457e-55,-0.877533351648598,0.705,0.148,8.63437774944565e-51
"AT4G31420",4.32494102701581e-55,0.631380031083453,0.418,0.017,8.88472635179859e-51
"AT1G20770",4.51944361037612e-55,0.374129294755996,0.431,0.023,9.28429300879566e-51
"AT5G18650",4.63666319043627e-55,0.839262806601686,0.429,0.023,9.52509719211323e-51
"AT3G02630",4.9144982185549e-55,0.915162363408884,0.422,0.019,1.00958536903773e-50
"AT2G43570",4.93066645084005e-55,-7.04329868120116,0.043,0.273,1.01290680899607e-50
"AT4G34730",5.03314984127427e-55,0.594154667918203,0.422,0.019,1.03395997189297e-50
"AT2G28605",5.56137061714578e-55,4.08516858127993,0.384,0.002,1.14247236588026e-50
"AT5G42520",5.65632426903015e-55,1.37063661088906,0.411,0.015,1.16197869458686e-50
"AT3G59780",5.95289410998395e-55,-0.384835906613354,0.454,0.034,1.222903037014e-50
"AT3G45443",7.33139862843933e-55,1.97073572852656,0.393,0.006,1.50608922024029e-50
"AT1G22510",7.61743786583368e-55,1.2473436035792,0.416,0.017,1.56485026077821e-50
"AT3G48090",7.95649924406325e-55,1.56497744435282,0.421,0.019,1.63450363970791e-50
"AT5G61590",8.1876463754981e-55,6.80258094428417,0.379,0,1.68198819491858e-50
"AT5G50740",8.34848886903833e-55,2.41460585464601,0.388,0.004,1.71503006836654e-50
"AT3G17880",9.22910432647248e-55,0.561111097047106,0.419,0.019,1.89593490178724e-50
"AT1G32400",9.67047869543959e-55,-1.04792453535904,0.723,0.156,1.98660643840416e-50
"AT3G23325",9.86292984793367e-55,1.25332380736933,0.401,0.011,2.02614167866101e-50
"AT1G12750",1.03214878324664e-54,6.09296752405726,0.381,0.002,2.12034324542358e-50
"AT4G00180",1.06881111214342e-54,6.78886835698284,0.378,0,2.19565866767624e-50
"AT4G28730",1.06881166026091e-54,6.38797608511219,0.378,0,2.19565979367399e-50
"AT4G01480",1.13259504404258e-54,0.888782820276615,0.424,0.021,2.32668999897667e-50
"AT1G75630",1.2118999206894e-54,-0.351301551678085,0.957,0.26,2.48960600707224e-50
"AT2G02800",1.34696052350955e-54,-0.381754979491336,0.498,0.055,2.76706100344566e-50
"AT5G11420",1.36723596373806e-54,1.5407550021494,0.41,0.015,2.80871284030709e-50
"AT4G29660",1.42411153180656e-54,1.03056022342734,0.424,0.021,2.92555231979021e-50
"AT1G75080",1.58633544022842e-54,2.31587432144228,0.401,0.011,3.25880889486125e-50
"AT1G76570",1.81948345742572e-54,1.00726634282113,0.405,0.013,3.73776486658965e-50
"AT3G15395",1.93626328365627e-54,1.43854333670627,0.403,0.013,3.97766566361508e-50
"AT4G35460",2.03354789261304e-54,0.62842125089933,0.409,0.015,4.17751743579497e-50
"AT2G40590",2.05991932648309e-54,2.64950049670091,0.4,0.011,4.2316922723942e-50
"AT3G11730",2.22794620979352e-54,0.878742333273834,0.426,0.023,4.57686989877882e-50
"AT1G02680",2.37392441477395e-54,6.41692603911254,0.376,0,4.87675292527012e-50
"AT3G54300",2.4616597019744e-54,0.60588219603951,0.439,0.03,5.05698752576602e-50
"AT4G38260",2.49928399464126e-54,0.781999337996151,0.416,0.019,5.13427911019154e-50
"ATCG00780",2.54944866182134e-54,-0.943704734704741,0.784,0.184,5.23733238597958e-50
"AT1G23400",2.60473073548763e-54,0.262807914746773,0.432,0.025,5.35089834991223e-50
"AT2G43630",2.66667356916684e-54,1.12561900304877,0.416,0.019,5.47814751313944e-50
"AT1G28120",2.76615060118513e-54,1.84208459428466,0.407,0.015,5.68250318001461e-50
"AT5G48020",2.81532374294071e-54,1.29834580346505,0.408,0.015,5.78351956512311e-50
"AT5G66250",3.25984186060507e-54,0.797592690726128,0.418,0.019,6.69669313424099e-50
"AT1G25550",3.41577002404869e-54,-0.824931960311046,0.796,0.19,7.01701636040323e-50
"AT1G05970",3.58543934122392e-54,3.01839118672527,0.38,0.002,7.36556803867631e-50
"AT4G22745",3.58544070048846e-54,4.4973457076347,0.38,0.002,7.36557083101345e-50
"AT5G53350",3.94215068940282e-54,-0.671734424651636,0.502,0.059,8.0983601612402e-50
"AT1G72340",4.51350891128573e-54,0.81634312499704,0.408,0.015,9.27210135645427e-50
"AT4G30390",4.63286248640075e-54,-1.06551423106231,0.618,0.112,9.51728940581306e-50
"AT5G01600",5.05727501921818e-54,0.969976019371804,0.748,0.211,1.03891600719799e-49
"AT5G51120",5.61533958612142e-54,0.789151768170726,0.416,0.019,1.15355921117692e-49
"AT3G11170",6.48723929498224e-54,-0.903726575512109,0.855,0.214,1.3326735683682e-49
"AT5G12040",6.7369421710046e-54,0.972685174325196,0.411,0.017,1.38397003018948e-49
"AT1G11240",7.42929865677689e-54,0.85306433747336,0.4,0.013,1.52620082306168e-49
"AT5G03370",7.92496043891308e-54,1.62715376090006,0.397,0.011,1.62802462296591e-49
"AT5G51510",8.23970156773394e-54,-0.575480299605523,0.549,0.08,1.69268189305958e-49
"AT3G53630",8.33994016172654e-54,1.17527596332751,0.411,0.017,1.71327390742348e-49
"AT3G11770",8.43271554225976e-54,1.90063962499285,0.395,0.011,1.73233275384642e-49
"AT2G20670",8.52048440945696e-54,1.40288289851215,0.415,0.019,1.75036311223474e-49
"AT4G03020",8.89443031626231e-54,0.270344949873292,0.46,0.04,1.82718281986977e-49
"AT4G09720",9.23759653589248e-54,0.635294432074629,0.436,0.03,1.89767945636839e-49
"AT2G24200",9.3163242155674e-54,-0.396804607713123,0.509,0.063,1.91385248360401e-49
"AT5G17280",9.34556593316633e-54,-0.618292692574554,0.507,0.061,1.91985960965036e-49
"ATCG01080",9.36486313469932e-54,-0.91196741780709,0.712,0.154,1.92382383376128e-49
"AT4G26500",1.04556311960816e-53,1.51741119725839,0.387,0.006,2.14790031661104e-49
"AT5G57000",1.20743450709286e-53,1.48201587409117,0.408,0.017,2.48043270792087e-49
"AT5G61510",1.23240509795642e-53,0.732766813584886,0.414,0.019,2.53172979273187e-49
"AT3G10640",1.2821768106249e-53,-1.05897847586218,0.705,0.152,2.63397582206673e-49
"AT3G05250",1.4963145063305e-53,2.30670734560929,0.4,0.013,3.07387889035474e-49
"AT5G02740",1.54220485207583e-53,2.36399907494343,0.391,0.008,3.16815142761938e-49
"AT3G20800",1.62058187129622e-53,2.363389281557,0.395,0.011,3.32916133820382e-49
"AT3G06040",1.65004065356745e-53,3.0650271466071,0.379,0.004,3.3896785146236e-49
"AT1G18450",1.75496714118333e-53,1.59185206097124,0.395,0.011,3.60522899813291e-49
"AT3G28050",1.78295267470685e-53,0.309604135052921,0.453,0.038,3.66271967965028e-49
"AT5G40190",1.90131503796392e-53,0.524364453131567,0.413,0.019,3.90587148248928e-49
"AT4G16710",2.08114886834863e-53,0.868086588718424,0.397,0.013,4.27530412024859e-49
"AT4G01250",2.15000799366675e-53,1.02604662905618,0.941,0.406,4.4167614213896e-49
"AT4G02610",2.56593094509291e-53,6.33203875626894,0.371,0,5.27119194050436e-49
"AT3G56510",2.60776311429661e-53,0.643421715168467,0.413,0.019,5.35712776569953e-49
"AT2G24395",2.95084773074984e-53,2.32329796953786,0.384,0.006,6.0619264932794e-49
"AT4G12970",2.9512560085001e-53,4.77616171919592,0.375,0.002,6.06276521826176e-49
"AT5G25280",3.15572883543569e-53,-0.386718570077822,0.626,0.118,6.48281374663555e-49
"AT5G13280",3.17974137082906e-53,1.37352471636194,0.412,0.019,6.53214269809413e-49
"AT1G54100",3.21528285828919e-53,-0.529357025738148,0.474,0.049,6.60515557578348e-49
"AT1G47490",3.22780750667364e-53,0.619534744891567,0.408,0.017,6.63088496095966e-49
"AT1G74370",3.41902971424592e-53,2.46763874585791,0.379,0.004,7.02371274197539e-49
"AT4G38220",3.66291083027925e-53,-1.05009618416653,0.673,0.14,7.52471771864266e-49
"AT1G09490",3.72543285735905e-53,0.530451621689479,0.43,0.027,7.65315671887269e-49
"AT5G23670",3.78870563931146e-53,0.50479542649512,0.424,0.025,7.78313799483754e-49
"AT3G12300",3.96334252080357e-53,2.48672331235742,0.397,0.013,8.14189454048676e-49
"AT3G54690",4.32935808186016e-53,1.08119267068597,0.397,0.013,8.89380030756533e-49
"AT5G64840",4.68562157563982e-53,0.361848292512541,0.437,0.032,9.62567240283689e-49
"AT4G36540",4.76486435811483e-53,0.837936543025302,0.402,0.015,9.78846085087529e-49
"AT5G56260",4.90677765926741e-53,0.583818914729864,0.409,0.019,1.0079993345433e-48
"EIF2 GAMMA",5.12751230135292e-53,0.61509702625225,0.409,0.019,1.05334485206693e-48
"ATCG00660",5.39035413361014e-53,-0.928155552079444,0.652,0.131,1.10734044966753e-48
"AT1G49380",5.94384574152343e-53,0.271672731404704,0.411,0.019,1.22104423068116e-48
"AT1G07480",6.39061364527076e-53,1.70923455662097,0.392,0.011,1.31282376114797e-48
"AT1G71790",6.54113307230807e-53,2.78442399357873,0.382,0.006,1.34374496704425e-48
"AT4G17740",6.80708815464263e-53,1.09396696367408,0.399,0.015,1.39838011960824e-48
"ATCG00340",7.07794649217688e-53,-1.34858121821133,0.996,0.801,1.4540225478879e-48
"AT4G10000",7.50312812944287e-53,1.74544290786402,0.387,0.008,1.54136761163145e-48
"AT1G60170",7.60712507348899e-53,0.526464791482283,0.418,0.023,1.56273170384684e-48
"AT2G20760",7.65496800707775e-53,-0.917912915920526,0.655,0.131,1.57256007769398e-48
"AT3G58600",7.73991402058725e-53,0.473826076610404,0.414,0.021,1.59001053724924e-48
"AT4G24830",8.90697178174268e-53,5.74966230877392,0.372,0.002,1.8297592131234e-48
"AT3G28220",9.15659768595434e-53,-0.349113882490143,0.467,0.047,1.8810398626256e-48
"AT5G54080",9.1584347228573e-53,0.838847596049933,0.419,0.023,1.88141724511658e-48
"AT1G71340",9.454001492456e-53,0.722143987271593,0.433,0.03,1.94213552659524e-48
"AT5G26770",9.45857425545584e-53,0.94826514890008,0.419,0.023,1.94307490929829e-48
"AT5G09440",9.54506998108697e-53,-0.325595942087614,0.663,0.137,1.9608437262147e-48
"AT3G09250",9.75563848993309e-53,0.941861425171137,0.386,0.008,2.00410081498695e-48
"AT1G76160",1.00732024673508e-52,-0.770881935242247,0.551,0.085,2.06933798286787e-48
"AT2G17450",1.16096629571568e-52,-0.882346435127008,0.86,0.222,2.38497306128872e-48
"AT4G36760",1.17645048526028e-52,0.367945052914437,0.448,0.038,2.41678223187019e-48
"AT2G25070",1.20134666819361e-52,0.816831791651296,0.412,0.021,2.46792646047013e-48
"AT2G23810",1.20169928463812e-52,-1.84328935090671,0.982,0.782,2.46865084043208e-48
"AT5G66240",1.23338766184462e-52,0.688375989068849,0.418,0.023,2.53374827372741e-48
"AT4G32040",1.24527004807052e-52,0.514390157325416,0.418,0.023,2.55815825975126e-48
"AT5G49015",1.25862840920427e-52,3.82935128589109,0.376,0.004,2.58560034102834e-48
"AT1G68310",1.26867335793925e-52,0.252583200673589,0.418,0.023,2.6062356792146e-48
"AT1G79340",1.36232727282465e-52,-0.784084189641753,0.51,0.066,2.79862891656368e-48
"AT4G19830",1.39833451147835e-52,0.791353018017813,0.399,0.015,2.87259858692997e-48
"AT3G58470",1.52532232609703e-52,1.45930232124468,0.394,0.013,3.13346965450113e-48
"AT1G53030",1.53925694712521e-52,0.544132590762104,0.418,0.023,3.16209554647933e-48
"AT1G12850",1.80227940389411e-52,0.874450507691797,0.399,0.015,3.70242257941966e-48
"AT5G17460",1.907757789418e-52,0.794462255779198,0.531,0.08,3.91910682680139e-48
"AT3G46830",1.93168394760326e-52,1.36095506909222,0.403,0.017,3.96825833356137e-48
"AT3G15353",1.96292503257084e-52,-3.0087398361916,0.883,0.725,4.03243689441028e-48
"AT4G17050",2.00951257453834e-52,-0.716570619214708,0.527,0.074,4.12814168187411e-48
"AT1G16610",2.04957844930261e-52,0.400607022238929,0.439,0.034,4.21044900840235e-48
"AT1G63770",2.06980818852701e-52,-0.73743504174207,0.511,0.068,4.25200696169103e-48
"AT4G29670",2.08730381217715e-52,-0.304442316392254,0.961,0.273,4.28794822135551e-48
"AT4G18070",2.09349670889648e-52,0.930446379816289,0.408,0.019,4.30067028908604e-48
"AT5G53045",2.1094138456381e-52,2.30859023114208,0.384,0.008,4.33336886309434e-48
"AT5G62900",2.13891338116731e-52,3.06976880122202,0.375,0.004,4.393969758932e-48
"AT4G01800",2.23136805548035e-52,-0.664818147267135,0.481,0.053,4.58389939637328e-48
"AT2G48020",2.28332943707867e-52,0.696332382157529,0.412,0.021,4.69064366259071e-48
"AT5G45620",2.42353213584029e-52,0.895476462948756,0.406,0.019,4.97866206665671e-48
"AT5G64380",2.43363215219673e-52,1.8123891822978,0.379,0.006,4.99941053025774e-48
"AT3G56150",2.48788263127587e-52,-0.344146456114187,0.494,0.059,5.11085728943002e-48
"AT3G61180",2.59354606579145e-52,-0.683566441967983,0.549,0.085,5.32792168295537e-48
"AT1G01720",2.64445427019835e-52,0.908045231382195,0.968,0.444,5.43250240726847e-48
"AT3G57080",2.71771601817049e-52,6.26651347204605,0.365,0,5.58300401612764e-48
"AT5G46330",2.72591064549158e-52,-6.10259467304901,0.198,0.461,5.59983823903335e-48
"AT1G12710",2.78725238359675e-52,2.91489925667401,0.374,0.004,5.7258525716228e-48
"AT1G23740",2.808713738269e-52,0.840146761361627,0.407,0.019,5.76994063252601e-48
"AT1G05850",2.84164331511712e-52,-0.786370673482138,0.897,0.237,5.83758786224511e-48
"AT2G06925",2.95290404236685e-52,1.53602600539285,0.397,0.015,6.06615077423422e-48
"AT3G50440",3.11486899062263e-52,0.469623588049582,0.451,0.04,6.39887536743606e-48
"AT1G17100",3.24758172680848e-52,-0.546075134923537,0.557,0.089,6.67150714138266e-48
"AT3G53120",3.48452414244296e-52,-0.340068895155173,0.468,0.049,7.15825794582058e-48
"AT5G16540",3.52815306251427e-52,6.29650474529707,0.364,0,7.24788483632307e-48
"AT5G40170",3.75523044507578e-52,-6.06336632003506,0.147,0.412,7.71436990331917e-48
"AT5G45550",3.89117700160946e-52,1.10328290309821,0.397,0.015,7.99364491440631e-48
"AT4G35730",4.13777856782901e-52,2.44608509295864,0.378,0.006,8.50023851189114e-48
"AT1G06630",4.16954336718928e-52,0.478929083647307,0.443,0.036,8.56549293921694e-48
"AT1G70200",4.32134812448251e-52,0.95203857182021,0.401,0.017,8.87734545212441e-48
"AT5G03500",4.36569360799184e-52,2.22450738991657,0.387,0.011,8.96844437889764e-48
"AT1G67080",4.70421441911801e-52,1.31839551446845,0.382,0.008,9.66386768119412e-48
"AT5G35630",4.91810565243854e-52,0.734642677382912,0.993,0.383,1.01032644418045e-47
"AT1G79600",4.93550186391192e-52,-0.530633013460262,0.47,0.049,1.01390014790342e-47
"AT4G02195",4.97703873976666e-52,0.602142167879046,0.418,0.025,1.02243306831027e-47
"ATCG00360",5.04313006545818e-52,-0.794780379668685,0.641,0.129,1.03601020934707e-47
"AT4G26510",5.56668312796465e-52,0.258565190110207,0.422,0.027,1.14356371497778e-47
"AT5G16260",5.71493046971207e-52,1.2661930061547,0.385,0.011,1.17401816639295e-47
"AT1G60550",6.07664530201643e-52,2.89172236420848,0.372,0.004,1.24832524439324e-47
"AT3G59990",6.70754778514596e-52,0.486139236470987,0.409,0.021,1.37793154150254e-47
"AT5G12860",7.27184511556241e-52,-0.967791641434348,0.537,0.08,1.49385514208999e-47
"AT4G10060",7.61227612760966e-52,-0.278774470384202,0.46,0.044,1.56378988489485e-47
"AT3G04010",7.72152429375697e-52,-6.35242800057876,0.057,0.29,1.5862327356665e-47
"AT4G21990",8.22942662478152e-52,-2.34309606452784,0.876,0.736,1.69057111152887e-47
"AT4G34555",8.78335295090957e-52,2.48626030721989,0.386,0.011,1.80436419670535e-47
"AT1G29700",8.8559047464348e-52,1.16852132737867,0.386,0.011,1.8192685120601e-47
"AT4G36810",9.01450933846377e-52,4.53280087328567,0.37,0.004,1.85185065340061e-47
"AT5G62980",9.04272850667315e-52,1.90895731885167,0.376,0.006,1.85764771712587e-47
"AT3G51500",1.10700949202581e-51,0.552336261066335,0.408,0.021,2.27412959946863e-47
"AT5G43010",1.28201136644033e-51,1.46404826546899,0.397,0.017,2.63363595007837e-47
"AT3G53000",1.28874765336456e-51,0.44260613605106,0.411,0.023,2.64747430430682e-47
"AT4G17300",1.30307867521884e-51,1.08142841271083,0.389,0.013,2.67691452250206e-47
"AT1G31860",1.50339090942444e-51,2.78436878797013,0.375,0.006,3.08841594523063e-47
"AT5G05410",1.55962640449088e-51,-0.431635101358784,0.764,0.186,3.20394052274562e-47
"AT3G22120",1.58588659548972e-51,1.84199772083615,0.384,0.011,3.25788683311454e-47
"AT5G13030",1.62107749702088e-51,-0.610052153211009,0.478,0.055,3.33017950212999e-47
"AT5G51620",1.65582978571989e-51,-0.558570351738336,0.503,0.066,3.40157112880437e-47
"AT4G16780",1.71952335761939e-51,0.725268443054626,0.429,0.032,3.53241683355752e-47
"AT2G42190",1.72561751647979e-51,1.12292436761219,0.379,0.008,3.54493606410444e-47
"AT4G15920",1.77625530232471e-51,0.4315540444264,0.416,0.025,3.64896126756566e-47
"AT4G35905",1.84324284397578e-51,2.83068344000075,0.369,0.004,3.78657377437944e-47
"AT1G31410",1.94743477381042e-51,0.931856415841647,0.384,0.011,4.00061525583874e-47
"AT1G15740",2.07231812734343e-51,-0.53619225880279,0.465,0.049,4.25716312900161e-47
"AT5G37720",2.09522536226038e-51,1.35045678951347,0.416,0.025,4.3042214616915e-47
"AT1G49480",2.52025264432029e-51,3.26110354764104,0.364,0.002,5.17735500722717e-47
"AT1G70640",2.62161059251406e-51,1.33708318602588,0.401,0.019,5.38557464020163e-47
"PI4K GAMMA 4",2.63279707811576e-51,-1.09764797200251,0.687,0.15,5.40855503757321e-47
"AT2G06010",2.89787290207203e-51,2.32670245269598,0.369,0.004,5.95310030272657e-47
"AT3G05410",3.28185013743565e-51,0.962281742891096,0.382,0.011,6.74190473733406e-47
"AT4G24380",3.4188916163706e-51,-1.08851243179802,0.996,0.928,7.02342904751013e-47
"AT1G09760",3.42664085686225e-51,0.853284772565581,0.391,0.015,7.03934831225213e-47
"ATCG00750",3.44657046341221e-51,-0.824636841380486,0.561,0.093,7.0802897029877e-47
"AT5G66930",3.75933029004542e-51,1.9580518940706,0.391,0.015,7.72279221484031e-47
"AT2G44640",4.2294101058451e-51,2.77782472321886,0.363,0.002,8.6884771804376e-47
"AT1G10830",4.49200219137699e-51,-0.386858629667162,0.465,0.049,9.22792010174575e-47
"AT4G22830",4.58895642867658e-51,0.713566008483023,0.396,0.017,9.4270931914303e-47
"AT1G73350",4.87207681848957e-51,2.53974987141162,0.38,0.011,1.00087074082231e-46
"AT1G07420",5.55187500317612e-51,0.360166369946135,0.418,0.027,1.14052168190247e-46
"AT1G60940",5.84769509915202e-51,0.511801154155415,0.395,0.017,1.2012920042188e-46
"AT3G03020",5.9390313267569e-51,0.669876646330524,0.426,0.032,1.22005520545567e-46
"AT5G52520",6.01235045746198e-51,1.50740001129445,0.386,0.013,1.23511715447641e-46
"AT3G53920",7.11939288864895e-51,1.17623502718807,0.381,0.011,1.46253688111515e-46
"AT3G10090",7.13105925711908e-51,1.16270982468145,0.381,0.011,1.46493350318997e-46
"AT5G20350",7.55691027960225e-51,-0.828230237672174,0.541,0.085,1.55241607873869e-46
"AT4G03150",8.15156331666185e-51,3.00932085596957,0.366,0.004,1.67457565214184e-46
"AT3G12587",8.53494930536795e-51,0.790543400230558,0.403,0.021,1.75333463580174e-46
"AT4G08310",8.56638727302546e-51,0.556406106984937,0.399,0.019,1.75979293749762e-46
"AT5G65360",8.6260888898214e-51,3.48858524921453,0.375,0.008,1.77205744063601e-46
"AT2G39960",8.62653800941811e-51,-1.05446260872723,0.628,0.125,1.77214970327476e-46
"AT5G67030",8.71306314427834e-51,-0.398647251214817,0.426,0.032,1.7899245617291e-46
"AT3G24315",8.94039958017789e-51,1.22733928452615,0.389,0.015,1.83662628575594e-46
"AT5G23310",9.31272698279086e-51,1.23513110265116,0.371,0.006,1.91311350407473e-46
"AT5G54855",9.5632959776004e-51,-0.701312208622008,0.476,0.055,1.96458789267845e-46
"AT5G66860",9.86862159534772e-51,1.87472658466079,0.37,0.006,2.02731093433228e-46
"AT3G27240",9.91413212636274e-51,1.16528750667606,0.384,0.013,2.0366601627187e-46
"AT5G67510",9.92349999000902e-51,1.30893778439808,0.393,0.017,2.03858460294755e-46
"AT3G16870",1.00650393170736e-50,0.736573230578803,0.414,0.027,2.06766102690644e-46
"AT4G12590",1.02440219478847e-50,-1.04781394965145,0.806,0.203,2.10442942875395e-46
"AT1G58602",1.04371814181432e-50,-1.05761679654413,0.638,0.131,2.14411017872916e-46
"AT1G78895",1.14460957272378e-50,-1.02709944453257,0.517,0.074,2.35137144524647e-46
"AT5G44580",1.14781443822956e-50,-0.47860510663594,0.73,0.175,2.35795520045499e-46
"AT5G20000",1.15479576170499e-50,-0.275887589244953,0.448,0.042,2.37229693327056e-46
"AT5G40450",1.17598507790344e-50,-0.691744392727236,0.639,0.131,2.41582614553704e-46
"AT3G15530",1.21772672933962e-50,0.352481461992112,0.403,0.021,2.50157602008239e-46
"AT2G40760",1.33326594375757e-50,1.55220789177103,0.374,0.008,2.73892822826118e-46
"AT3G23760",1.34647490577157e-50,1.65755074838806,0.374,0.008,2.76606339892653e-46
"AT2G19940",1.36514821965569e-50,2.00819753340179,0.365,0.004,2.80442398763868e-46
"AT4G24730",1.36514854981765e-50,2.02663436933831,0.365,0.004,2.8044246658904e-46
"AT3G15210",1.3926473773974e-50,0.788381745365802,0.959,0.359,2.86091550738748e-46
"AT3G62560",1.40465104708936e-50,-0.988411444669128,0.679,0.148,2.88557464603567e-46
"AT5G37475",1.42826753464158e-50,2.38028355433008,0.372,0.008,2.93408999641419e-46
"AT2G42690",1.43450510167303e-50,0.340136705422732,0.397,0.019,2.9469038303669e-46
"AT2G33150",1.49163316298363e-50,-0.693667154294492,0.92,0.254,3.06426200671727e-46
"AT5G49400",1.50850783966913e-50,0.989657040076443,0.397,0.019,3.0989276550323e-46
"AT3G47850",1.85571256476491e-50,0.391284657080171,0.418,0.03,3.81219032179656e-46
"AT4G29830",1.97065784987542e-50,3.96099696587336,0.364,0.004,4.04832242099907e-46
"AT3G23080",2.15010231405133e-50,-0.634664223187324,0.497,0.066,4.41695518375564e-46
"AT3G13460",2.22297319496204e-50,-0.34586450576508,0.451,0.044,4.56665383441051e-46
"AT1G54210",2.23315691547739e-50,0.46436219379184,0.406,0.023,4.58757425146521e-46
"AT3G10330",2.29048655120716e-50,2.44890860326919,0.373,0.008,4.70534652214487e-46
"AT1G21380",2.44692659055608e-50,-0.584843260603185,0.517,0.076,5.02672129497936e-46
"AT3G54090",2.46018927813997e-50,1.70366991025944,0.371,0.008,5.05396683408293e-46
"AT1G51070",2.60862803660851e-50,1.56108909890496,0.368,0.006,5.35890457560487e-46
"AT1G13090",2.68581071071666e-50,-0.612918678353624,0.492,0.063,5.51746094302523e-46
"AT3G16520",2.90135422648886e-50,0.925628219254779,0.382,0.013,5.96025198747607e-46
"AT1G51610",2.96186292268772e-50,1.02112267075503,0.372,0.008,6.08455500207737e-46
"AT3G51610",2.99375445645539e-50,-0.956392629819526,0.606,0.116,6.15006977989631e-46
"AT2G42880",2.99705936525671e-50,0.809771689010577,0.389,0.017,6.15685905404685e-46
"AT5G40650",3.15283407674721e-50,-0.310188351648519,0.441,0.04,6.4768670438618e-46
"AT4G16695",3.286401992466e-50,0.301869905073589,0.409,0.025,6.75125561312291e-46
"AT1G19025",3.32162483295694e-50,3.40387624236579,0.358,0.002,6.82361389434345e-46
"AT5G49480",3.46231541702795e-50,-2.09447910227753,0.942,0.759,7.11263456120052e-46
"AT1G55680",3.63176082572556e-50,-0.711714504171121,0.504,0.07,7.46072626428801e-46
"AT4G04210",3.65323013896845e-50,0.306647458020646,0.398,0.021,7.5048306744829e-46
"AT3G10940",3.83778982926149e-50,0.564561781738173,0.395,0.019,7.88397164625188e-46
"AT3G62420",4.93490984819898e-50,-1.03795419166035,0.651,0.137,1.01377853011552e-45
"AT2G40290",5.03767663470937e-50,0.469600878140145,0.402,0.023,1.03488991106834e-45
"AT4G35985",5.10030159315264e-50,0.838615377851047,0.534,0.091,1.04775495628135e-45
"AT5G25760",5.25154131374763e-50,0.338715500143846,0.399,0.021,1.07882413208318e-45
"AT3G14150",5.54694829823638e-50,2.78664681233317,0.357,0.002,1.1395095889067e-45
"AT1G79660",5.84541210430551e-50,-0.301301234160992,0.426,0.034,1.20082300858748e-45
"AT1G61740",6.28347226742273e-50,-0.732690953203911,0.522,0.078,1.29081370789665e-45
"AT3G07640",6.30606115709444e-50,1.70054861975137,0.374,0.011,1.29545414350191e-45
"AT5G57900",6.97825490296139e-50,0.336112522495349,0.411,0.027,1.43354290471536e-45
"AT1G80940",7.05597105164853e-50,1.49062677214674,0.375,0.011,1.44950813314016e-45
"AT2G01870",7.13621167576294e-50,2.11132954770292,0.366,0.006,1.46599196455198e-45
"AT1G15350",7.2582352771896e-50,0.924373206272347,0.406,0.025,1.49105927299306e-45
"AT2G39970",7.37975957886911e-50,0.39457963375753,0.406,0.025,1.51602401028708e-45
"ATCG00550",7.75942129192704e-50,-0.618545325228359,0.924,0.254,1.59401791600057e-45
"AT4G22750",7.81180691270438e-50,-0.882920491175185,0.547,0.091,1.60477949407686e-45
"AT4G30330",8.6618301448987e-50,0.736196595952936,0.379,0.013,1.77939976666654e-45
"AT3G08780",9.23390146684121e-50,1.00709992293431,0.374,0.011,1.89692037833319e-45
"AT3G27380",9.25340901135863e-50,-0.890864360861976,0.585,0.108,1.9009278132034e-45
"AT5G37510",9.98011124193818e-50,-0.847672177040791,0.466,0.053,2.05021425243136e-45
"AT1G33265",1.01820240141259e-49,1.9517514694597,0.364,0.006,2.09169319322188e-45
"AT1G64200",1.04193768887107e-49,1.21409593254443,0.379,0.013,2.14045259424785e-45
"AT3G07360",1.04451817417646e-49,1.82289962887531,0.369,0.008,2.14575368521071e-45
"AT5G16200",1.0493846922645e-49,3.95742932298122,0.36,0.004,2.15575097331896e-45
"AT1G26110",1.07838699066794e-49,1.15032551609174,0.404,0.025,2.21533039492914e-45
"AT5G66030",1.1699781411768e-49,0.258234431220412,0.383,0.015,2.40348609541951e-45
"AT3G03980",1.31698660452328e-49,1.13691721337461,0.373,0.011,2.70548558167217e-45
"AT5G11340",1.35856199889479e-49,2.0604357377745,0.364,0.006,2.79089391432956e-45
"AT4G24350",1.39671388883161e-49,0.973441131359785,0.396,0.021,2.86926934182678e-45
"AT5G62930",1.39713250191602e-49,0.85763014618635,0.387,0.017,2.87012929868608e-45
"AT5G03210",1.42817862267019e-49,0.935952659410414,0.986,0.645,2.93390734455138e-45
"AT3G07780",1.43417526483566e-49,-1.01910789704041,0.555,0.095,2.9462262465519e-45
"AT2G43770",1.5245649061563e-49,4.9552198524907,0.354,0.002,3.13191368671689e-45
"AT4G11300",1.55215024322172e-49,1.18536008158786,0.373,0.011,3.18858224465038e-45
"AT1G20430",1.57575056908167e-49,0.324197168897782,0.387,0.017,3.23706439406448e-45
"ATCG00760",1.59247402969614e-49,-0.640940238261867,0.53,0.085,3.27141939920478e-45
"AT2G25970",1.65871611803515e-49,0.589347010522125,0.387,0.017,3.4075005212796e-45
"AT5G23590",1.6624495764942e-49,1.12908768575853,0.385,0.017,3.41517016499204e-45
"AT4G03240",1.67474989482357e-49,0.80059909665966,0.387,0.017,3.44043870893606e-45
"AT1G18680",1.85210545033808e-49,0.526016576854797,0.391,0.019,3.80478022662951e-45
"AT1G23220",1.90704291049845e-49,0.513333312830591,0.385,0.017,3.91763825103697e-45
"AT2G20120",2.03277111871704e-49,-0.491166733393016,0.437,0.04,4.17592170918043e-45
"AT3G15610",2.07651087098723e-49,0.772943499883174,0.386,0.017,4.26577628226907e-45
"AT3G20390",2.17406453782694e-49,0.660214620679687,0.989,0.374,4.46618078005788e-45
"AT3G23000",2.27808640182363e-49,0.782488523269052,0.404,0.025,4.67987289526628e-45
"AT4G04780",2.27930191385159e-49,3.15703149854866,0.358,0.004,4.68236992162532e-45
"AT4G32660",2.5019066590798e-49,1.06781100945612,0.39,0.019,5.13966684974762e-45
"AT1G49660",2.5681747074137e-49,2.84515366881847,0.353,0.002,5.27580130143997e-45
"AT2G39800",2.62398802245445e-49,-0.34927949161699,0.511,0.076,5.39045859452819e-45
"AT4G26080",2.67387142403333e-49,-0.820746403903644,0.522,0.08,5.49293406639166e-45
"AT5G58040",2.69063774794119e-49,-0.369029367453088,0.48,0.061,5.52737712559559e-45
"AT5G58990",2.69775604698611e-49,1.76188750035369,0.366,0.008,5.54200024732356e-45
"AT4G34290",2.71297693517867e-49,5.62956231744138,0.352,0.002,5.57326851793754e-45
"AT1G77350",2.78751221987023e-49,-0.633340261090255,0.453,0.049,5.72638635327942e-45
"AT2G20280",2.83708235676679e-49,0.830938030864722,0.379,0.015,5.82821828550601e-45
"AT5G59450",2.85026910974155e-49,-0.352564451164772,0.482,0.061,5.85530783214206e-45
"AT1G15200",2.9611137665014e-49,0.760897506282981,0.403,0.025,6.08301601052383e-45
"AT3G25150",3.01222863840339e-49,1.00089052313338,0.384,0.017,6.18802129187209e-45
"ATCG01060",3.09415748918076e-49,-0.620095266426184,0.878,0.239,6.35632773002403e-45
"AT3G60260",3.23846823236627e-49,0.520761219616702,0.422,0.034,6.65278528975002e-45
"TRX z",3.30313478356558e-49,0.940465628833151,0.371,0.011,6.78562978587878e-45
"AT1G31690",3.31271009925316e-49,3.8093490910228,0.352,0.002,6.80530035689577e-45
"AT2G39420",3.49791885184302e-49,-0.364704284528126,0.547,0.093,7.18577469734111e-45
"AT4G18400",3.58126753014547e-49,1.57325834879846,0.371,0.011,7.35699788717783e-45
"AT2G41650",3.64959069078468e-49,2.97663942524957,0.366,0.008,7.49735415607896e-45
"AT5G59000",3.69304708657653e-49,6.32315357155791,0.347,0,7.58662662995416e-45
"AT3G47080",3.80767451016474e-49,1.88375525165833,0.366,0.008,7.82210574623144e-45
"AT4G27650",4.01727735060838e-49,0.422310353340074,0.383,0.017,8.2526928613548e-45
"AT1G61470",4.32893079092165e-49,2.53376171440763,0.361,0.006,8.89292252379035e-45
"AT2G38130",4.81814205660136e-49,0.585422679514902,0.392,0.021,9.89790922687618e-45
"AT2G33180",4.8350982277037e-49,1.60847016509449,0.375,0.013,9.93274228917171e-45
"AT4G27900",4.87067364129485e-49,1.2113284729369,0.366,0.008,1.0005824861312e-44
"AT1G20816",4.90731521810694e-49,2.16887259244174,0.356,0.004,1.00810976525571e-44
"AT4G14500",5.23765648249443e-49,-0.903955108033386,0.551,0.095,1.07597177119883e-44
"AT5G16120",5.26442929168539e-49,0.663053261163681,0.393,0.021,1.08147170939093e-44
"AT5G38290",5.54762506844922e-49,1.0898244545525,0.37,0.011,1.13964861781152e-44
"AT4G29960",5.65956603457939e-49,-0.598113151830274,0.469,0.057,1.16264465048364e-44
"AT4G37080",6.22407323420327e-49,0.7711579612521,0.374,0.013,1.27861136450238e-44
"AT5G25460",6.32659208170999e-49,3.10025824015255,0.355,0.004,1.29967181134568e-44
"AT1G73490",7.09318058207255e-49,0.299287780798922,0.392,0.021,1.45715208697516e-44
"AT5G08100",7.37739411833476e-49,-0.704147526137941,0.42,0.034,1.51553807372951e-44
"AT3G49100",7.55130145830422e-49,0.91712805753898,0.383,0.017,1.55126385857944e-44
"AT5G55140",7.73354267322037e-49,3.85967650006697,0.359,0.006,1.58870167135966e-44
"AT2G23820",7.99017278456403e-49,1.9312851270956,0.364,0.008,1.64142119513299e-44
"AT4G33960",8.15436784977757e-49,1.79015800413832,0.355,0.004,1.67515178737981e-44
"AT5G57660",8.72180130724914e-49,0.450135438721318,0.405,0.027,1.79171964254819e-44
"AT3G17510",8.94105749702531e-49,0.622782654332371,0.422,0.036,1.83676144161391e-44
"AT5G51100",9.14886330107779e-49,2.51579014256783,0.35,0.002,1.87945098794041e-44
"AT4G36970",9.60501401248824e-49,2.26582623762897,0.362,0.008,1.97315802858546e-44
"AT1G79510",9.93533464686208e-49,0.520091457377753,0.382,0.017,2.04101579650488e-44
"AT5G18230",1.00962546000265e-48,0.459888410454576,0.39,0.021,2.07407358248345e-44
"AT2G24150",1.03312192027957e-48,1.99592005653624,0.377,0.015,2.12234236083032e-44
"AT3G18190",1.03850898597048e-48,0.416467542039333,0.382,0.017,2.13340900987916e-44
"AT5G41960",1.11791549915696e-48,-0.492549235878756,0.426,0.038,2.29653380991813e-44
"AT2G16860",1.24670659103707e-48,0.300591149568664,0.441,0.044,2.56110934996746e-44
"AT2G43745",1.27798314331548e-48,0.668744120471694,0.382,0.017,2.62536077131298e-44
"AT4G25900",1.28176376014093e-48,-5.29776346253451,0.199,0.45,2.63312729245751e-44
"AT2G22425",1.29954474525311e-48,-0.958782032722126,0.818,0.211,2.66965477017345e-44
"AT2G25870",1.30326206278774e-48,-0.594754230094958,0.446,0.047,2.67729125558486e-44
"AT1G76990",1.38270162894446e-48,0.78476886695469,0.386,0.019,2.8404839563406e-44
"AT2G24100",1.43794794399667e-48,-0.376141289713088,0.497,0.072,2.95397646135236e-44
"AT3G11230",1.46105091462268e-48,0.386529317608508,0.399,0.025,3.00143689390938e-44
"AT3G51270",1.54437067394755e-48,2.01132969879104,0.358,0.006,3.17260067549045e-44
"AT1G25290",1.63042236862774e-48,0.455583190363749,0.381,0.017,3.34937667187197e-44
"AT4G01130",1.7186823148234e-48,0.978360744882626,0.372,0.013,3.53068907934171e-44
"AT5G67290",1.83700943310701e-48,0.506186201606981,0.393,0.023,3.77376847843173e-44
"AT4G01120",1.92354158523407e-48,1.70578534276847,0.367,0.011,3.95153147854636e-44
"AT3G19340",1.95225892930508e-48,0.95556775339576,0.384,0.019,4.01052551847143e-44
"AT4G22190",1.95502996204261e-48,3.95251936303569,0.348,0.002,4.01621805102413e-44
"AT2G38330",1.95503066381442e-48,2.66428795218747,0.348,0.002,4.01621949267397e-44
"AT2G40660",1.97278450673311e-48,2.57855702247834,0.357,0.006,4.05269121218182e-44
"AT4G17720",2.00165159348335e-48,-1.03240841768524,0.545,0.093,4.11199286849285e-44
"AT2G01850",2.01475176497951e-48,-0.846856217765883,0.653,0.144,4.13890455079741e-44
"AT2G29630",2.23215057398022e-48,-0.810501455945761,0.912,0.254,4.58550692412758e-44
"AT4G24800",2.25492847829957e-48,1.48514255083529,0.362,0.008,4.6322995729708e-44
"AT5G13160",2.33653977032759e-48,-0.883245417577915,0.48,0.063,4.79995365018397e-44
"AT5G42000",2.44919854017054e-48,-0.644471130022034,0.572,0.106,5.03138856107234e-44
"AT1G71865",2.56624495757693e-48,1.27262191204721,0.369,0.013,5.27183701635028e-44
"AT2G22470",3.0106584846562e-48,-3.76240376457549,0.681,0.67,6.18479572502923e-44
"AT3G15030",3.23957382109259e-48,4.15243292004877,0.347,0.002,6.65505650067051e-44
"AT3G06868",3.23957459468244e-48,2.30465198190227,0.347,0.002,6.65505808985615e-44
"AT4G09460",3.46793120041785e-48,2.53010126526298,0.361,0.008,7.12417106501838e-44
"AT3G18165",3.47729517180371e-48,1.28078730245659,0.359,0.008,7.14340747143636e-44
"AT5G15390",4.307330967457e-48,3.54889289739634,0.349,0.004,8.84855000644691e-44
"AT1G36310",4.5444024417567e-48,2.17399440843449,0.364,0.011,9.3355659361008e-44
"AT1G65650",4.64076811097209e-48,1.30786828983617,0.364,0.011,9.53352993036996e-44
"AT2G20530",4.66906340309891e-48,1.43145742352254,0.374,0.015,9.59165694898609e-44
"AT4G34110",4.75194949187996e-48,-1.19413581562645,0.68,0.154,9.761929841169e-44
"AT5G11740",4.78418040711727e-48,-0.899603908529418,0.999,0.934,9.82814181034101e-44
"AT1G45050",5.31917204653689e-48,0.966193631554602,0.367,0.013,1.09271751352007e-43
"AT5G13220",5.3412722016214e-48,-0.613860805772678,0.633,0.135,1.09725754837908e-43
"AT4G23100",5.51222325173347e-48,-0.844558201457005,0.483,0.066,1.13237602260361e-43
"AT4G20010",5.65271201503132e-48,1.59992418001095,0.373,0.015,1.16123662924788e-43
"AT5G19050",5.85427161326798e-48,1.60928857913054,0.372,0.015,1.20264301751364e-43
"AT5G26800",5.93729103481146e-48,1.41033174100385,0.369,0.013,1.21969769728132e-43
"AT2G33590",5.9397001900201e-48,1.30930647841187,0.373,0.015,1.22019261003583e-43
"AT3G21150",6.15714853270378e-48,2.1793268657934,0.35,0.004,1.26486302307334e-43
"AT2G03640",6.30942429276493e-48,1.9370736073678,0.368,0.013,1.2961450324627e-43
"AT2G20060",6.5933113282256e-48,1.94475687891232,0.359,0.008,1.35446394615738e-43
"AT4G25660",6.65216821083054e-48,0.389005535105312,0.387,0.021,1.36655491555092e-43
"AT2G14285",6.9698852804893e-48,1.04683813619955,0.364,0.011,1.43182353317092e-43
"AT4G35980",6.97344806030081e-48,0.932984561874699,0.377,0.017,1.4325554350276e-43
"AT1G63940",7.02140492783312e-48,1.61893812190061,0.354,0.006,1.44240721432476e-43
"AT4G23570",7.34064623066449e-48,0.355776646183843,0.405,0.03,1.50798895516541e-43
"AT1G80610",7.70874471340114e-48,0.427242784854191,0.391,0.023,1.583607426474e-43
"AT3G44280",7.71077480187149e-48,0.946517127859535,0.371,0.015,1.58402446754846e-43
"AT5G24690",7.74775899548119e-48,0.956023636635952,0.368,0.013,1.5916221304417e-43
"AT2G26930",7.76019409974016e-48,0.510368065303378,0.368,0.013,1.59417667390962e-43
"AT1G75180",7.82885340487519e-48,1.66680720316228,0.359,0.008,1.60828135496351e-43
"AT3G52120",8.19958364537744e-48,-0.681640035132335,0.512,0.08,1.68444046826989e-43
"AT2G17420",8.35997451205092e-48,-0.702101124127793,0.505,0.076,1.71738956401062e-43
"AT5G12130",8.66575496798132e-48,0.75866391255262,0.372,0.015,1.7802060430724e-43
"AT1G70140",8.98917237249647e-48,-5.70508351589108,0.129,0.378,1.84664568048195e-43
"AT5G21090",9.1698940042345e-48,-3.46972746878068,0.861,0.7,1.88377132528989e-43
"AT1G71860",1.00495814011105e-47,3.65324241833113,0.349,0.004,2.06448550723012e-43
"AT3G57800",1.01489938782113e-47,1.55118094724075,0.358,0.008,2.08490781240094e-43
"AT4G30750",1.02314690167208e-47,1.14061797759714,0.358,0.008,2.10185068010495e-43
"AT5G56140",1.1000591311778e-47,0.532679167689386,0.372,0.015,2.25985147317856e-43
"AT2G30520",1.14221171812133e-47,2.2543069452055,0.353,0.006,2.34644553253665e-43
"AT4G32330",1.2015524235494e-47,4.61377295848899,0.347,0.004,2.46834914369753e-43
"AT5G03900",1.3046126513477e-47,2.21486077756597,0.348,0.004,2.68006576966358e-43
"AT1G05140",1.30674727698952e-47,2.64322484697642,0.348,0.004,2.68445093111957e-43
"AT1G17220",1.34746484369593e-47,-0.68538416513005,0.458,0.055,2.76809702840454e-43
"AT3G14595",1.35027121216329e-47,-0.341466193314992,0.479,0.066,2.77386215114704e-43
"AT3G12650",1.48501404677023e-47,1.85082542362886,0.352,0.006,3.05066435628008e-43
"AT4G28740",1.59379763356228e-47,0.354140682721747,0.376,0.017,3.27413847862698e-43
"AT3G05800",1.59829207899299e-47,0.670512612922495,0.398,0.027,3.28337141787531e-43
"AT1G07000",1.64752277520495e-47,-0.400265930820969,0.851,0.239,3.38450603710353e-43
"AT2G28550",1.68216141003383e-47,2.30591667980808,0.347,0.004,3.4556641846325e-43
"AT1G78790",1.68512202047378e-47,1.17304720374554,0.357,0.008,3.46174616665929e-43
"AT3G10572",1.89780695812972e-47,1.42078001322716,0.361,0.011,3.89866483408589e-43
"AT5G49820",1.91770543076413e-47,1.81198386080995,0.352,0.006,3.93954226641874e-43
"AT2G21340",2.01888344724197e-47,0.601891248133263,0.375,0.017,4.14739226566917e-43
"AT5G47710",2.05533730258629e-47,1.35231499154884,0.366,0.013,4.22227942070301e-43
"AT5G42470",2.44620701932998e-47,1.20356172224695,0.361,0.011,5.02524307980958e-43
"AT1G27150",2.46383159165681e-47,1.07590216019201,0.351,0.006,5.06144923874058e-43
"AT5G25540",2.49193640276429e-47,-0.632863599632236,0.452,0.053,5.11918495219868e-43
"AT3G50830",2.57502365573292e-47,-1.08759529065415,0.584,0.114,5.28987109597213e-43
"AT4G11100",2.75386926726753e-47,2.13331503109396,0.346,0.004,5.65727363574768e-43
"AT1G65410",2.79072275546889e-47,1.18067463887179,0.355,0.008,5.73298175655973e-43
"AT5G17350",2.93278063177675e-47,0.325131532551543,0.423,0.04,6.02481125185897e-43
"AT3G57062",2.94928658575045e-47,0.675707922280015,0.372,0.017,6.05871943310716e-43
"AT4G23810",3.09999646201103e-47,1.06318745756746,0.401,0.03,6.36832273190926e-43
"AT3G54826",3.12207055731216e-47,1.49211590300059,0.36,0.011,6.41366954588637e-43
"AT4G17940",3.29436449930721e-47,-1.01286489528449,0.524,0.087,6.76761299092679e-43
"AT5G52240",3.30866048642719e-47,-1.03679068030749,0.806,0.211,6.79698123726738e-43
"AT2G31510",3.46810623526071e-47,1.09384921262132,0.364,0.013,7.12453063909607e-43
"AT2G04690",3.68338650761244e-47,-0.848394430736251,0.51,0.08,7.56678090258824e-43
"AT1G12920",4.0254039627914e-47,0.980953433131425,0.382,0.021,8.26938736076237e-43
"AT4G26870",4.0508720942366e-47,2.81603170252923,0.35,0.006,8.32170654319025e-43
"AT2G41945",4.15467559491133e-47,0.619454663457145,0.376,0.019,8.53495007462635e-43
"AT5G47830",4.50684824321422e-47,1.99921345287291,0.354,0.008,9.25841834603497e-43
"AT2G44100",4.82742259469529e-47,-0.726981054061587,0.446,0.051,9.91697423628253e-43
"AT3G21220",4.85854808313463e-47,-0.339787704823429,0.423,0.04,9.98091532718346e-43
"AT5G54110",4.9964505340512e-47,-0.817813457096801,0.531,0.091,1.02642083321014e-42
"AT3G15640",5.20814308389189e-47,2.39929628479486,0.352,0.008,1.06990883372391e-42
"AT1G07110",5.43273295419251e-47,-0.529777691531558,0.428,0.042,1.11604633077977e-42
"AT1G35516",5.71684558811942e-47,1.15295541946166,0.363,0.013,1.17441158916737e-42
"AT5G53570",6.47633996895093e-47,0.495476684309058,0.389,0.025,1.33043451982159e-42
"AT4G09150",6.50414909196777e-47,-0.758455276444831,0.534,0.093,1.33614734796294e-42
"AT2G02990",7.17392546572177e-47,-6.76831047272518,0.061,0.281,1.47373950842322e-42
"AT2G43360",7.44331017899849e-47,0.276429566805138,0.362,0.013,1.52907921007166e-42
"AT1G51980",7.46923819219418e-47,1.5279272271229,0.37,0.017,1.53440560182245e-42
"AT3G25805",7.54197445681622e-47,2.44644005594579,0.344,0.004,1.54934781266376e-42
"AT1G73540",7.55294079874616e-47,0.74132107505117,0.991,0.438,1.55160062828642e-42
"AT1G47250",7.67420179045581e-47,1.5176405114088,0.356,0.011,1.57651127381334e-42
"AT3G12740",7.99435760840828e-47,-3.91788315570023,0.755,0.679,1.64228088349531e-42
"AT2G31350",8.53003587061042e-47,-0.447290403270084,0.445,0.051,1.7523252688995e-42
"AT3G24506",8.72117435389638e-47,2.42579614968456,0.351,0.008,1.79159084752093e-42
"AT5G27990",8.95455234826044e-47,0.825298397532154,0.371,0.017,1.83953368890314e-42
"AT1G23750",9.29812980208777e-47,1.86349297354734,0.357,0.011,1.91011480524289e-42
"AT3G55140",9.52026516662187e-47,0.502760964067558,0.362,0.013,1.95574807317913e-42
"AT3G54540",1.04417636656857e-46,-0.637627137630137,0.439,0.049,2.14505150984182e-42
"AT5G45010",1.06088898079894e-46,0.253181795538606,0.369,0.017,2.17938423325527e-42
"AT3G16310",1.14586814915946e-46,1.54769059272742,0.361,0.013,2.35395693881828e-42
"AT5G20230",1.17013173476094e-46,-0.966228216241355,0.981,0.964,2.40380162271941e-42
"AT2G25610",1.38922344454774e-46,-1.23332595908251,0.709,0.171,2.85388172213442e-42
"AT1G14870",1.50379605135411e-46,-5.15209973702191,0.154,0.402,3.08924822829675e-42
"AT1G69830",1.56893196418026e-46,-0.577276655851775,0.446,0.053,3.22305693401552e-42
"AT1G18773",1.58924766462943e-46,2.68330248400523,0.342,0.004,3.26479147744823e-42
"AT4G28910",1.68303201115857e-46,1.50432963802726,0.36,0.013,3.45745266052305e-42
"AT1G43130",1.79861420878037e-46,-1.16108509827841,0.547,0.099,3.69489316909751e-42
"AT5G09620",1.82556436446431e-46,1.20582137749922,0.374,0.019,3.75025687391902e-42
"AT1G33780",1.90075722573147e-46,1.33666031551766,0.349,0.008,3.90472556882017e-42
"AT1G72040",2.03100819762558e-46,3.44148067958707,0.341,0.004,4.17230014038223e-42
"AT5G13730",2.0409353278396e-46,2.07452248518953,0.341,0.004,4.1926934439809e-42
"AT4G22150",2.26503362031474e-46,1.81783498079767,0.355,0.011,4.65305856621256e-42
"AT5G10540",2.30891081583993e-46,0.300388109129722,0.355,0.011,4.74319548897998e-42
"AT5G14220",2.52896769968027e-46,6.09801738173322,0.331,0,5.19525834545318e-42
"AT3G29170",2.53031922753835e-46,-0.591556027230165,0.468,0.063,5.19803478913202e-42
"AT3G53560",2.69327410896578e-46,-0.371843267095521,0.382,0.023,5.5327930020484e-42
"AT3G01150",2.92270552575423e-46,2.76134607255884,0.345,0.006,6.00411396155692e-42
"AT4G08240",2.94640237373867e-46,2.97923517376435,0.345,0.006,6.05279439637134e-42
"AT4G18010",3.17062685114056e-46,-0.825257004204573,0.487,0.072,6.51341874029805e-42
"AT3G19420",3.19005256754222e-46,-0.783782481633021,0.428,0.044,6.55332498950199e-42
"AT4G33470",3.35261416254802e-46,1.49047278980338,0.34,0.004,6.88727527412239e-42
"AT2G24290",3.37201575725778e-46,1.37837688757583,0.349,0.008,6.92713197013467e-42
"AT3G07090",3.75212355936172e-46,-0.585900884651599,0.729,0.186,7.70798742799678e-42
"AT2G32580",3.80917914869599e-46,-0.786666812536193,0.513,0.085,7.82519672516616e-42
"AT4G33010",4.39803540634411e-46,-1.6945285319496,0.644,0.144,9.0348841352527e-42
"AT2G20230",4.6357244566965e-46,-1.40129004863544,0.765,0.197,9.52316875139163e-42
"AT2G48100",4.67315514238177e-46,1.53728935348595,0.342,0.006,9.60006260899487e-42
"AT1G68585",4.8199913116096e-46,0.609203718394381,0.353,0.011,9.9017081514396e-42
"AT1G47130",4.89309981559365e-46,-3.69485786397744,0.415,0.577,1.0051894951174e-41
"AT1G72175",5.29622614263932e-46,1.38981125112907,0.357,0.013,1.0880037364824e-41
"AT5G24020",5.50208053330386e-46,1.58203812601129,0.339,0.004,1.13029240395661e-41
"AT1G01160",5.63625078292944e-46,0.885006757082088,0.362,0.015,1.15785499833719e-41
"AT3G56310",5.70248311004345e-46,-1.15324703498458,0.69,0.165,1.17146110529623e-41
"AT1G54060",5.90039397747101e-46,1.00984705837318,0.362,0.015,1.21211793479187e-41
"AT5G13470",6.26565929301632e-46,1.86722787673582,0.343,0.006,1.28715438856434e-41
"AT1G11680",6.32911480615196e-46,-0.699055002447299,0.462,0.061,1.3001900546278e-41
"AT4G40060",6.51058971011717e-46,2.42510829553162,0.347,0.008,1.33747044414937e-41
"AT4G27320",6.82747464138012e-46,0.688168119348019,0.36,0.015,1.40256811557872e-41
"AT2G35650",7.25265166303364e-46,2.37092984278267,0.341,0.006,1.489912231137e-41
"AT4G35360",7.77465172720663e-46,0.850328869806045,0.355,0.013,1.59714670432006e-41
"AT2G16800",7.946041967783e-46,2.05533571853396,0.342,0.006,1.63235540144166e-41
"AT1G09660",8.21253682198366e-46,0.714743656501288,0.355,0.013,1.6871014393401e-41
"AT4G05330",1.01534111192402e-45,1.48647925080742,0.351,0.011,2.08581524622551e-41
"AT1G73760",1.02054589304459e-45,1.64857022787725,0.342,0.006,2.0965074280815e-41
"AT1G13450",1.0647370859382e-45,0.408666722750501,0.387,0.027,2.18728939564284e-41
"AT5G12230",1.10390877840076e-45,0.438294764875982,0.383,0.025,2.26775980346868e-41
"AT2G42870",1.11532406374271e-45,6.49774706526452,0.327,0,2.29121022414666e-41
"AT5G65910",1.12148711396723e-45,0.349976732023451,0.392,0.03,2.30387097822289e-41
"AT4G38810",1.22718102282064e-45,-0.971498062107537,0.483,0.072,2.52099797518044e-41
"AT1G72630",1.312529596262e-45,1.55042716028643,0.341,0.006,2.69632954960103e-41
"AT1G49600",1.33609210434209e-45,1.21544446730814,0.344,0.008,2.74473400994995e-41
"AT5G26030",1.36486697090541e-45,-0.739730016528466,0.524,0.091,2.80384621833099e-41
"AT3G15820",1.37755155073981e-45,-0.773896409150405,0.487,0.074,2.82990415068479e-41
"AT2G20830",1.38681782140076e-45,0.926873291982865,0.364,0.017,2.84893985050359e-41
"AT4G13150",1.39554192959571e-45,0.643012148501805,0.364,0.017,2.86686178596847e-41
"AT3G04630",1.49184299108601e-45,-1.37612149070926,0.565,0.11,3.06469305658798e-41
"AT4G24920",1.54892793473193e-45,-0.870923267163942,0.868,0.241,3.1819626563198e-41
"AT3G19553",1.65038770809114e-45,-0.492338385896796,0.419,0.042,3.39039146873163e-41
"AT1G12770",1.65648472163608e-45,1.14833099662771,0.359,0.015,3.40291656365699e-41
"AT1G47278",1.66380561264295e-45,0.350296865048953,0.373,0.021,3.41795587005242e-41
"AT5G25080",1.82559377085512e-45,6.10478783393371,0.326,0,3.75031728346767e-41
"AT2G04360",2.02619507270657e-45,0.335309222019305,0.389,0.03,4.16241253786111e-41
"AT5G05860",2.13765373477499e-45,0.94628533365583,0.349,0.011,4.39138206734826e-41
"AT1G47580",2.14861552982773e-45,1.96082762396015,0.34,0.006,4.4139008829251e-41
"AT3G18710",2.41824527989495e-45,1.9233180791902,0.335,0.004,4.9678012784882e-41
"AT5G19120",2.88292403583209e-45,-0.884583123641502,0.646,0.15,5.92239084680987e-41
"AT2G38450",2.88572800230602e-45,0.521453095631361,0.357,0.015,5.92815103513726e-41
"AT3G25760",2.99196575414926e-45,-2.17787887606631,0.91,0.732,6.14639524874882e-41
"AT1G55340",2.99678326876131e-45,1.06605026715983,0.353,0.013,6.15629186901637e-41
"AT5G49970",3.21359231931087e-45,0.455182454755283,0.367,0.019,6.60168270156032e-41
"AT3G12130",3.4490125387717e-45,3.53281088302133,0.329,0.002,7.08530645839871e-41
"AT1G75560",3.50870078202328e-45,0.507729041158429,0.376,0.023,7.20792401651043e-41
"AT3G46510",3.60891192010101e-45,0.435850628195013,0.379,0.025,7.41378775746351e-41
"AT1G76790",3.6484127594506e-45,1.46389969532612,0.352,0.013,7.49493433173936e-41
"AT1G18650",3.95374395562448e-45,2.67622119232308,0.334,0.004,8.12217620803936e-41
"AT4G33780",3.96080943412329e-45,-0.366046400532111,0.424,0.047,8.13669082051948e-41
"AT1G08315",4.38036603078506e-45,-0.826840653236605,0.48,0.072,8.99858593704176e-41
"AT2G40970",4.38806554567767e-45,0.699584128981916,0.35,0.013,9.01440305048565e-41
"AT5G48580",4.55106716482838e-45,-1.29171876149162,0.562,0.11,9.34925727670694e-41
"AT1G49760",4.91951315031636e-45,0.732990488713798,0.355,0.015,1.01061558646949e-40
"AT2G37860",5.31934217064389e-45,3.70944905943456,0.336,0.006,1.09275246211537e-40
"AT2G20840",5.70524211894005e-45,0.578151273258786,0.37,0.021,1.17202788849385e-40
"AT1G07660",5.89653853386474e-45,-1.07584759955275,0.51,0.087,1.21132591101183e-40
"AT1G23710",6.14086422998197e-45,0.789485182771326,0.971,0.423,1.2615177387652e-40
"AT5G47870",6.15250334421065e-45,1.41320737621318,0.34,0.008,1.26390876200119e-40
"AT3G06950",6.25909495834993e-45,1.1241779187214,0.351,0.013,1.28580587729383e-40
"AT5G19140",6.64811963725647e-45,0.773531452991893,0.998,0.493,1.3657232170816e-40
"AT5G17770",6.75137810316332e-45,-1.2381469271889,0.547,0.104,1.38693560373284e-40
"AT5G14460",6.78589445754557e-45,-0.479092326906355,0.379,0.025,1.39402629841359e-40
"AT4G14230",7.16627831817278e-45,-0.949404614918567,0.598,0.127,1.47216855490223e-40
"AT5G59730",7.18057836476105e-45,-1.11302320919407,0.672,0.161,1.47510621347286e-40
"AT4G35950",8.00144884152919e-45,3.44086002128569,0.33,0.004,1.64373763551534e-40
"AT1G56280",8.05269387291518e-45,0.329964881820264,0.989,0.342,1.65426490231296e-40
"AT3G12210",8.51373702880679e-45,1.01256841036852,0.344,0.011,1.74897699782778e-40
"AT4G38580",8.92585814774966e-45,0.879416270862423,0.364,0.019,1.83363903929221e-40
"AT1G79260",9.3238740999867e-45,1.138697677031,0.349,0.013,1.91540345636027e-40
"AT5G54310",9.76026062453547e-45,-1.10812672213632,0.487,0.076,2.00505034009832e-40
"AT5G39790",9.79066745972297e-45,2.95297416186341,0.33,0.004,2.01129681625089e-40
"AT4G25910",1.03935970549914e-44,0.783510912180311,0.35,0.013,2.13515664300688e-40
"AT5G27820",1.05645840957569e-44,2.1158446311244,0.335,0.006,2.17028251079135e-40
"AT5G08340",1.17062133007034e-44,4.67099002970521,0.326,0.002,2.4048073983635e-40
"AT1G69460",1.29662030564391e-44,-1.20605738140382,0.587,0.123,2.66364709388428e-40
"AT5G18200",1.29922212419253e-44,1.6670325901608,0.339,0.008,2.66899200972871e-40
"AT3G06080",1.31119555416299e-44,0.264748332967573,0.404,0.038,2.69358902691703e-40
"AT1G11480",1.31724561837546e-44,-0.528023362955068,0.398,0.036,2.7060176738287e-40
"AT2G47650",1.33493539210496e-44,-1.06965485710389,0.614,0.135,2.74235777600121e-40
"AT2G04940",1.34153479084586e-44,2.60378607956205,0.33,0.004,2.75591492083464e-40
"AT5G18640",1.35654125199515e-44,-0.493797051143707,0.463,0.066,2.78674269397363e-40
"AT1G28410",1.46145404970899e-44,0.29827326058499,0.371,0.023,3.00226505431719e-40
"AT4G05010",1.48143787781115e-44,-1.03066402227122,0.585,0.123,3.04331783238744e-40
"AT5G64920",1.6655311119879e-44,1.19008463909164,0.349,0.013,3.42150056335675e-40
"AT1G27030",1.70725798216687e-44,3.5962239816813,0.33,0.004,3.5072200727654e-40
"AT3G03340",1.73887584453229e-44,0.261015926699741,0.376,0.025,3.57217264742268e-40
"AT5G04170",1.85015822991601e-44,-0.962158337367599,0.576,0.118,3.80078005171646e-40
"AT2G04520",1.93012484398286e-44,-1.37250233758202,0.508,0.087,3.965055466994e-40
"AT4G27430",1.97061539579997e-44,1.46134134147129,0.347,0.013,4.04823520759189e-40
"AT3G28210",2.53019659099877e-44,-3.19393424656275,0.661,0.66,5.19778285688876e-40
"AT4G24620",2.79086516565941e-44,2.04901640315782,0.338,0.008,5.73327430981413e-40
"AT1G32460",2.97617717192459e-44,-0.298222980417398,0.954,0.29,6.11396076428469e-40
"AT2G19270",3.03586006741381e-44,0.578989118165483,0.366,0.021,6.2365673364882e-40
"AT2G41090",3.03975904265868e-44,0.973912744807549,0.465,0.072,6.24457700133372e-40
"AT4G37550",3.11678544939177e-44,2.58520740083236,0.324,0.002,6.40281234868551e-40
"AT5G49710",3.14710927729193e-44,1.85997289666776,0.342,0.011,6.46510658834082e-40
"AT5G04140",3.41188671071629e-44,-1.13649203905773,0.808,0.22,7.00903886982447e-40
"AT3G10420",3.66251752858546e-44,-0.389703620733949,0.406,0.04,7.52390975897312e-40
"AT1G62820",3.71366793175829e-44,0.859924746011061,0.355,0.017,7.62898803221106e-40
"AT5G17610",3.86075723453256e-44,-0.555764448395052,0.454,0.063,7.93115358690024e-40
"AT3G26980",4.06633639585605e-44,-0.967472016827293,0.469,0.07,8.35347485800708e-40
"AT1G54310",4.94272165040685e-44,1.11349942638104,0.345,0.013,1.01538330864308e-39
"BETA-OHASE 1",4.97476612841435e-44,0.442095797393911,0.35,0.015,1.02196620576016e-39
"AT1G01790",5.22197528807391e-44,-0.705774931243445,0.433,0.053,1.07275038342902e-39
"AT4G29120",5.78972119189804e-44,2.47192348998105,0.327,0.004,1.18938242445161e-39
"AT3G18215",5.84795513549957e-44,1.80191555067577,0.336,0.008,1.20134542348568e-39
"AT3G55620",5.85104013776735e-44,0.268562397640013,0.373,0.025,1.20197917550155e-39
"AT1G04530",6.64990638171972e-44,0.673672192738732,0.344,0.013,1.36609026799668e-39
"AT2G34070",6.90739260703769e-44,0.941492992156717,0.395,0.036,1.41898566326375e-39
"AT1G61150",7.01492073987988e-44,0.28701706431775,0.363,0.021,1.44107516759352e-39
"AT1G26300",7.06905536847436e-44,0.50559969939687,0.363,0.021,1.45219604434569e-39
"AT3G45140",7.82905942615259e-44,0.50936211749737,0.94,0.33,1.60832367791453e-39
"AT4G08870",7.86707644459264e-44,0.443311482861869,0.557,0.118,1.61613351401267e-39
"AT1G28380",8.01815734959286e-44,-0.915168156308023,0.855,0.245,1.64717006432686e-39
"AT5G09680",8.5824075638149e-44,1.32843568805755,0.343,0.013,1.7630839858345e-39
"AT1G19240",8.90628186019788e-44,2.00037548384418,0.339,0.011,1.82961748254045e-39
"AT2G18290",1.00024374255333e-43,2.55001808405998,0.329,0.006,2.0548007203273e-39
"AT4G28360",1.01148203834831e-43,1.69692320713538,0.329,0.006,2.07788755137893e-39
"AT3G12570",1.02247596932553e-43,0.761127802017422,0.37,0.025,2.10047238378544e-39
"AT1G16010",1.02949230634712e-43,0.474119399768275,0.362,0.021,2.11488604492888e-39
"AT5G22120",1.10353369372342e-43,0.257972404484543,0.367,0.023,2.26698926701603e-39
"AT4G14410",1.14543709932526e-43,-0.374373238481367,0.417,0.047,2.35307143314388e-39
"AT5G58640",1.28572177595108e-43,-1.15190274472533,0.561,0.114,2.6412582443363e-39
"AT1G77250",1.30687780276588e-43,0.642400372101033,0.348,0.015,2.68471907022195e-39
"AT1G68050",1.31465522642759e-43,4.96057524547066,0.32,0.002,2.70069623165019e-39
"AT5G62360",1.32394516929508e-43,3.16913878039905,0.338,0.011,2.71978056128288e-39
"AT1G52280",1.35743858708197e-43,0.324721023595632,0.369,0.025,2.78858608944249e-39
"AT1G12244",1.36726467794291e-43,1.89559035719907,0.329,0.006,2.80877182789812e-39
"AT4G14070",1.43918305477808e-43,-0.371889829350581,0.387,0.034,2.95651374943062e-39
"AT1G13390",1.4720405301203e-43,-1.0401971293366,0.692,0.173,3.02401286102613e-39
"AT5G15750",1.5383183556173e-43,2.45396548234436,0.334,0.008,3.16016739794462e-39
"AT4G18040",1.57261345020502e-43,0.537260884094154,0.36,0.021,3.23061981075617e-39
"AT2G31140",1.90879840330473e-43,2.44799167879865,0.324,0.004,3.92124455990891e-39
"AT1G58380",1.91929207975544e-43,0.915856952045881,0.342,0.013,3.9428017194416e-39
"AT3G13930",2.02171374842172e-43,-0.29181563152401,0.414,0.047,4.15320655338273e-39
"AT3G45300",2.1900111802933e-43,0.917428109618595,0.337,0.011,4.49893996767654e-39
"AT4G29890",2.20383178825596e-43,0.695496025705311,0.337,0.011,4.52733164261421e-39
"AT1G43190",2.20438632496872e-43,1.8513129936999,0.328,0.006,4.52847082738324e-39
"AT3G11710",2.22888208332497e-43,0.330315225430101,0.383,0.032,4.57879246377449e-39
"AT2G31440",2.42511004596671e-43,0.781133552459418,0.342,0.013,4.98190356742942e-39
"AT4G01370",2.61677429852856e-43,-0.874109141195778,0.455,0.066,5.37563944146723e-39
"AT5G59420",2.63518413854591e-43,-1.25289540080322,0.547,0.108,5.41345877581485e-39
"AT1G14840",2.73759150537382e-43,4.73726643762101,0.318,0.002,5.62383422948944e-39
"AT3G62630",3.04810168163693e-43,6.12471465809399,0.313,0,6.26171528458674e-39
"AT5G41790",3.06262869110379e-43,-1.20818221547153,0.495,0.085,6.29155812013451e-39
"AT1G80750",3.1572490140138e-43,1.51868924662535,0.332,0.008,6.48593664948854e-39
"AT1G05430",3.45248788827703e-43,0.682224986001626,0.345,0.015,7.09244586888749e-39
"AT4G21660",3.68323966451553e-43,-1.40626697613209,0.587,0.127,7.56647924281426e-39
"AT2G43910",3.69166994019377e-43,0.268804721111127,0.377,0.03,7.58379755814006e-39
"AT4G21580",3.97460817008828e-43,-0.258233614101812,0.398,0.04,8.16503756381235e-39
"AT1G76050",4.02861066323596e-43,2.30950760509068,0.322,0.004,8.27597488548564e-39
"AT5G24980",4.17979511538576e-43,0.49072968626538,0.349,0.017,8.58655310553697e-39
"AT4G02380",4.26635493739853e-43,-1.62252647742141,0.921,0.77,8.76437294789779e-39
"AT1G33600",4.44400478209346e-43,-3.90775741331533,0.698,0.655,9.1293190238546e-39
"AT1G14990",4.49015436499807e-43,1.63051893866172,0.335,0.011,9.22412411201553e-39
"AT2G35290",4.59864896496784e-43,0.837482720047148,0.381,0.032,9.44700456873343e-39
"AT5G60360",4.6032777513053e-43,-2.45756069250739,0.974,0.712,9.45651348450648e-39
"AT4G34480",4.65967246126213e-43,-0.728719078276098,0.476,0.076,9.57236513717079e-39
"AT5G27290",4.8182156083686e-43,0.4441943706032,0.349,0.017,9.8980603242716e-39
"AT5G13020",4.93496187696431e-43,0.27817886570778,0.371,0.027,1.01378921838478e-38
"AT4G01460",4.93631232333268e-43,6.29334485313731,0.312,0,1.01406664058223e-38
"AT5G08180",4.9393128544157e-43,1.19683016486713,0.34,0.013,1.01468303968262e-38
"AT2G46930",4.94702975632049e-43,1.17951737710109,0.34,0.013,1.01626832284092e-38
"AT2G07180",5.64418626651529e-43,-0.755020829423891,0.476,0.076,1.15948518473024e-38
"ATCG00730",5.67872338141566e-43,-1.73211666245619,0.992,0.738,1.16658014424422e-38
"AT1G33270",5.78576272337932e-43,1.11531304771983,0.335,0.011,1.18856923626381e-38
"AT3G04120",6.53073245381209e-43,-1.07142586121607,0.847,0.239,1.34160836798662e-38
"AT1G29880",6.93732473674537e-43,1.24955479660367,0.344,0.015,1.4251346206696e-38
"AT5G03240",7.08296193153609e-43,0.600345408286984,0.996,0.628,1.45505286959546e-38
"AT4G24690",7.24578925118831e-43,-1.48468447402664,0.719,0.186,1.48850248587161e-38
"AT5G07580",7.24822380426958e-43,3.17461509045593,0.315,0.002,1.4890026161111e-38
"AT4G33060",7.39783878791989e-43,1.72754860058207,0.325,0.006,1.51973802220238e-38
"AT1G58200",7.74518695135041e-43,-1.26793888658634,0.599,0.133,1.59109375541591e-38
"AT5G63870",8.23103054425067e-43,3.83726052939747,0.32,0.004,1.69090060470542e-38
"AT5G12320",8.35658169232648e-43,0.986069293098373,0.329,0.008,1.71669257705463e-38
"AT5G49530",8.66595537452418e-43,0.321658787807406,0.374,0.03,1.7802472125885e-38
"AT2G02570",8.6662623316259e-43,-0.324699446875164,0.403,0.042,1.78031027078591e-38
"AT2G15270",9.3615729269445e-43,1.40740231083553,0.334,0.011,1.92314792638221e-38
"AT1G21680",9.46884535305193e-43,-0.572062982160566,0.884,0.26,1.94518490087746e-38
"AT2G20900",1.01716705622143e-42,-0.349841012879939,0.42,0.051,2.08956628359569e-38
"AT2G30050",1.16058081230659e-42,0.895166121486557,0.345,0.017,2.38418116272142e-38
"AT1G59830",1.19039930788159e-42,1.28567580610581,0.333,0.011,2.44543729818115e-38
"AT4G26100",1.19837086334645e-42,1.41329204450233,0.324,0.006,2.46181326457261e-38
"AT1G63690",1.29579299456455e-42,-0.339038892419432,0.392,0.038,2.66194754873395e-38
"AT4G15520",1.34151819305562e-42,2.19639685840322,0.318,0.004,2.75588082399417e-38
"AT5G50000",1.35123096539894e-42,0.842821613956549,0.328,0.008,2.77583377221904e-38
"AT4G16990",1.60580605747436e-42,-0.491855777597044,0.374,0.03,3.29880738386958e-38
"AT5G51040",1.63379762962556e-42,-1.14265466290283,0.433,0.057,3.35631047053979e-38
"AT2G36320",1.66847131583213e-42,-1.46809229923218,0.695,0.178,3.42754062411394e-38
"AT3G05510",1.70524368891531e-42,2.46254554427538,0.318,0.004,3.50308211013872e-38
"AT2G44200",1.74120156577766e-42,-0.938805104490748,0.473,0.076,3.57695037657705e-38
"AT4G26700",1.81226006700638e-42,-0.538888759056651,0.382,0.034,3.7229258556512e-38
"AT3G49430",1.83575257156674e-42,1.33061051175881,0.345,0.017,3.77118650776955e-38
"AT5G51960",1.91394345753241e-42,3.34966503554796,0.317,0.004,3.93181404480883e-38
"AT2G44180",1.91444040572809e-42,0.776050123777882,0.332,0.011,3.93283492548722e-38
"AT1G29980",2.05742806378135e-42,0.605638603127865,0.357,0.023,4.22657447142603e-38
"AT3G26640",2.09777253198715e-42,2.58362200206223,0.316,0.004,4.3094541124612e-38
"AT2G33990",2.16238040479018e-42,1.64060486609764,0.327,0.008,4.44217806556047e-38
"AT1G03930",2.17945507210569e-42,1.08461314778742,0.327,0.008,4.47725455462673e-38
"AT5G66160",2.32356841074401e-42,-0.806316931337995,0.423,0.053,4.77330658619142e-38
"AT5G15520",2.4296558929015e-42,2.28989947547451,0.322,0.006,4.99124210078754e-38
"AT3G05810",2.59819382237937e-42,2.29444248933352,0.33,0.011,5.33746956931393e-38
"AT4G32720",2.62007431725515e-42,0.971271925340718,0.349,0.019,5.38241866993726e-38
"AT3G26340",2.74865496968589e-42,1.38557953065488,0.33,0.011,5.64656190422573e-38
"AT4G30720",2.77352628513545e-42,1.20037500373368,0.326,0.008,5.69765504755376e-38
"AT5G56030",2.77597221990891e-42,-0.36719649540834,0.403,0.044,5.70267973135888e-38
"AT1G21780",2.78484391692055e-42,1.73236062061987,0.339,0.015,5.72090485852989e-38
"AT3G18130",2.9367442940173e-42,3.38250076132615,0.321,0.006,6.03295380319974e-38
"AT3G20970",3.10504393714132e-42,0.895043535369905,0.33,0.011,6.37869176006941e-38
"AT3G63120",3.12602234118078e-42,1.36322074210263,0.321,0.006,6.42178769548767e-38
"AT2G23430",3.52317442957059e-42,1.83872534783165,0.325,0.008,7.23765723066687e-38
"AT4G35310",3.53467097638438e-42,-0.560626740894086,0.411,0.049,7.26127458678643e-38
"AT1G50200",3.53547021538026e-42,-0.689621338425761,0.403,0.044,7.26291646345566e-38
"AT3G05570",3.60235361317905e-42,0.854236798851564,0.339,0.015,7.40031502755371e-38
"AT5G57490",3.84512041622418e-42,4.73045285153461,0.311,0.002,7.89903087104932e-38
"AT3G12480",3.84677237557861e-42,-0.493056921802997,0.425,0.055,7.90242449115114e-38
"AT1G64280",3.88411068133928e-42,-0.606737976740881,0.403,0.044,7.97912857267529e-38
"AT3G12050",3.921721919279e-42,0.274459150986961,0.353,0.021,8.05639333877484e-38
"AT5G54900",3.94377339034887e-42,0.990360097445885,0.33,0.011,8.10169367579368e-38
"ATCG00640",3.94622438272891e-42,-0.965157371944052,0.457,0.07,8.10672874944001e-38
"AT3G55080",3.97048723860323e-42,1.42403239858747,0.32,0.006,8.15657193426261e-38
"AT3G11830",4.47529189573557e-42,0.256487097222581,0.371,0.03,9.19359214140957e-38
"AT2G44670",4.50072624311701e-42,0.752323566392438,0.348,0.019,9.24584192123528e-38
"AT5G26340",4.810235090263e-42,-4.26128346923382,0.524,0.605,9.88166594592727e-38
"AT1G14290",5.00048053985069e-42,0.641581028339821,0.352,0.021,1.02724871730153e-37
"AT1G04510",5.40024762329868e-42,0.710047581090145,0.35,0.021,1.10937286925425e-37
"AT2G41940",5.42398199347395e-42,6.27032366966631,0.305,0,1.11424862091935e-37
"AT3G58020",5.65450672393522e-42,1.48967855913046,0.324,0.008,1.16160531629801e-37
"AT1G24120",5.76056231780193e-42,0.902929624905757,0.337,0.015,1.18339231694605e-37
"AT2G20960",5.8772885925857e-42,-1.29755690873037,0.601,0.137,1.20737139557488e-37
"AT4G30993",6.20207919846598e-42,-0.296620155740259,0.402,0.044,1.27409312974087e-37
"AT1G17280",6.6214873163364e-42,-0.287499615316472,0.37,0.03,1.36025213939499e-37
"AT1G31970",6.75477274608819e-42,3.39518588736331,0.318,0.006,1.3876329652289e-37
"AT1G14570",7.06950485003524e-42,0.586364714117944,0.333,0.013,1.45228838134274e-37
"AT4G00560",7.15886228195811e-42,2.07007006925502,0.314,0.004,1.47064507858265e-37
"AT5G08660",7.50393030259245e-42,0.598068123885239,0.355,0.023,1.54153240206157e-37
"AT3G28180",7.71334986695709e-42,-1.0793914564001,0.493,0.089,1.584553463169e-37
"AT2G40380",7.8278737341912e-42,-0.458403169720891,0.424,0.055,1.6080801012149e-37
"AT2G27500",8.31705895791369e-42,-4.07329683050838,0.677,0.645,1.70857342172421e-37
"AT4G05631",8.34037290519434e-42,0.788829710352601,0.355,0.023,1.71336280591407e-37
"AT3G60180",9.08121750538224e-42,1.97626503064621,0.323,0.008,1.86555451213067e-37
"AT3G27540",9.17119833413318e-42,-0.952443359526722,0.473,0.078,1.88403927378098e-37
"ATCG00160",9.52449594342401e-42,-1.14573932935256,0.663,0.165,1.95661720165759e-37
"AT4G34390",9.85293104089769e-42,-1.16293884498072,0.562,0.121,2.02408762373161e-37
"AT1G06130",1.00117752632861e-41,0.503122677278926,0.35,0.021,2.05671899233687e-37
"AT3G61050",1.00931302755185e-41,-1.40733329213886,0.602,0.137,2.07343175249976e-37
"AT1G13260",1.01168150321129e-41,2.18508974959254,0.318,0.006,2.07829731204696e-37
"AT3G21175",1.02398452984597e-41,1.11608478817806,0.327,0.011,2.10357141966258e-37
"AT5G49550",1.10274767872331e-41,0.365454694691254,0.344,0.019,2.26537455640129e-37
"AT3G18680",1.15276123289756e-41,1.84692871254544,0.313,0.004,2.36811740074146e-37
"AT1G02270",1.19174050733581e-41,-0.751857707690095,0.49,0.087,2.44819252421995e-37
"AT1G54150",1.24048858249862e-41,0.627102883574519,0.336,0.015,2.54833569502692e-37
"AT5G41670",1.2531906819479e-41,0.490744174635207,0.339,0.017,2.57442961792557e-37
"AT2G18090",1.38649565429836e-41,-0.296315942720856,0.386,0.038,2.84827802262512e-37
"AT3G07580",1.3960240245464e-41,1.49705291078919,0.334,0.015,2.86785215362567e-37
"AT5G16730",1.3966755178203e-41,0.367044061368916,0.354,0.023,2.86919051625824e-37
"AT5G64500",1.49345658849485e-41,-1.3737301859443,0.547,0.114,3.06800786974496e-37
"AT4G26910",1.81650629375894e-41,-0.525255315827662,0.416,0.053,3.731648879269e-37
"AT5G26570",2.02987505183229e-41,-1.01458993010009,0.43,0.059,4.16997231897908e-37
"AT1G50290",2.0464196563161e-41,0.375493923055626,0.349,0.021,4.20395989997016e-37
"AT3G27210",2.06795193888828e-41,0.455436938270653,0.361,0.027,4.2481936680582e-37
"AT4G27120",2.14201256562784e-41,-1.17175465127885,0.498,0.091,4.40033641356926e-37
"AT1G78280",2.19565861573927e-41,-0.813261902060245,0.473,0.08,4.51054149431319e-37
"AT3G21360",2.30731901883565e-41,0.478551713719902,0.33,0.013,4.73992546039407e-37
"AT1G56660",2.37474340659282e-41,-1.15262770357909,0.735,0.201,4.87843538016363e-37
"AT3G14430",2.43585536081944e-41,-0.526707697813103,0.403,0.047,5.00397766773138e-37
"AT5G65620",2.45056618592347e-41,-0.828832191261942,0.411,0.051,5.03419811574258e-37
"AT1G70770",2.51718462495952e-41,-0.73970394733913,0.429,0.059,5.17105237505434e-37
"AT4G02860",2.60506824429801e-41,0.49278957837473,0.348,0.021,5.3515916942614e-37
"AT3G53970",2.66745735838475e-41,0.87544587938537,0.315,0.006,5.4797576513298e-37
"AT1G49720",2.66745764804137e-41,0.959498177819164,0.315,0.006,5.47975824637139e-37
"AT2G17990",2.86573253391674e-41,0.338169605702825,0.342,0.019,5.88707434442516e-37
"AT4G17245",2.94204452398463e-41,4.77907526193133,0.31,0.004,6.04384206562163e-37
"AT3G07430",2.94290119257681e-41,0.802208163379654,0.329,0.013,6.04560191991055e-37
"AT3G03160",3.1511590754342e-41,-1.55659591319005,0.695,0.18,6.47342608866447e-37
"AT1G48900",3.16386305712817e-41,-1.20088535571093,0.416,0.053,6.49952387825841e-37
"AT3G02510",3.23475331362636e-41,0.462017089685776,0.334,0.015,6.64515373218263e-37
"AT2G41640",3.23653554612403e-41,-0.993314792512825,0.653,0.163,6.64881497240259e-37
"AT1G60260",3.30418542276186e-41,3.68863281253069,0.305,0.002,6.78778811397969e-37
"AT4G16980",3.48808766469178e-41,-1.00893432715032,0.525,0.106,7.16557848957632e-37
"AT1G68100",3.7192531381891e-41,-0.598627415785712,0.4,0.047,7.64046172178187e-37
"AT3G53280",3.7330528160287e-41,-4.9147367987903,0.139,0.368,7.66881039996777e-37
"AT5G45100",3.98491640561246e-41,-1.00461788815457,0.567,0.125,8.18621377204968e-37
"AT1G52340",4.01065858267298e-41,3.47674199826925,0.313,0.006,8.2390959263851e-37
"AT4G23600",4.12447525412688e-41,1.52253511048197,0.76,0.298,8.47290951455286e-37
"AT2G33255",4.20891781312169e-41,0.902300193789336,0.324,0.011,8.64637986349588e-37
"AT4G22930",4.46580263117616e-41,0.480797159419923,0.337,0.017,9.17409834522518e-37
"AT1G02410",4.68914187613042e-41,0.698486037927275,0.328,0.013,9.63290415613472e-37
"AT3G54620",4.70180984900661e-41,-1.0319210682253,0.545,0.114,9.65892797281429e-37
"AT5G51180",4.72545857224869e-41,0.789244083024448,0.328,0.013,9.70750954497048e-37
"AT5G58670",4.82849484636845e-41,-0.836554908987764,0.64,0.159,9.91917696289471e-37
"AT4G32610",5.18152591160178e-41,2.26492563438279,0.322,0.011,1.06444086802035e-36
"AT1G09560",5.24538452398607e-41,-5.20560566838718,0.275,0.48,1.07755934276246e-36
"AT4G05090",6.00701197596019e-41,2.10085078722835,0.308,0.004,1.2340204702215e-36
"AT5G58600",6.0812780524336e-41,1.72778492103595,0.318,0.008,1.24927695031143e-36
"AT5G49720",7.20477072651566e-41,-1.1467378617907,0.479,0.085,1.48007605034811e-36
"AT5G02760",7.37833321405526e-41,7.50342347353756,0.298,0,1.51573099216337e-36
"AT4G15510",7.57116083896057e-41,1.61079115687167,0.317,0.008,1.55534357114767e-36
"AT3G27060",8.1902422658054e-41,1.42300833860777,0.322,0.011,1.6825214686644e-36
"AT2G43320",8.33159095538814e-41,0.348512049748733,0.345,0.021,1.71155872996539e-36
"AT5G30495",8.39589262220307e-41,1.44872651813332,0.322,0.011,1.72476822137918e-36
"AT1G07940",8.4142937333362e-41,-1.25487111609823,0.485,0.087,1.72854836163926e-36
"AT3G52750",8.59463429928168e-41,2.88599484877111,0.311,0.006,1.76559572410144e-36
"AT5G64610",8.64678386321787e-41,0.927062939783353,0.322,0.011,1.77630880902085e-36
"AT5G64200",9.07931211518441e-41,0.776509098546501,0.34,0.019,1.86516308782233e-36
"AT2G04240",9.25194803679986e-41,0.966597713627251,0.339,0.019,1.90062768519979e-36
"AT1G80670",9.32379775208521e-41,-0.534612655732489,0.389,0.042,1.91538777221086e-36
"AT2G25280",9.48304836898929e-41,1.90865726553604,0.317,0.008,1.94810262644147e-36
"AT4G01935",9.59853416173328e-41,0.719954963936993,0.326,0.013,1.97182687284487e-36
"AT3G54840",9.91745090802632e-41,-0.475009853865238,0.372,0.034,2.03734194003585e-36
"AT1G70790",1.06035415598743e-40,1.63196552091578,0.335,0.017,2.17828554264497e-36
"AT3G44720",1.11296019437765e-40,-0.709742126883979,0.88,0.262,2.28635412731002e-36
"AT5G02280",1.20241155765875e-40,1.5591192578906,0.316,0.008,2.47011406289836e-36
"AT1G63800",1.24099951511444e-40,-0.504733880985972,0.353,0.025,2.54938530389959e-36
"AT5G40850",1.26915846688192e-40,-1.196481088835,0.66,0.169,2.60723223851552e-36
"AT3G04830",1.2732717923542e-40,1.2929868924322,0.329,0.015,2.61568224303323e-36
"AT5G42080",1.32193752298286e-40,-0.889354019202997,0.446,0.07,2.71565625346368e-36
"AT4G04610",1.33828052318454e-40,-4.563038466089,0.366,0.531,2.749229678778e-36
"AT5G54960",1.35419219540272e-40,0.352659169976052,0.344,0.021,2.78191702701581e-36
"AT3G52905",1.54819688534243e-40,3.7810519533682,0.305,0.004,3.18046086155895e-36
"AT1G65700",1.68969920373424e-40,0.987727501476995,0.32,0.011,3.47114907423126e-36
"AT1G50600",1.69198724098219e-40,-0.294536199140828,0.383,0.04,3.47584938914971e-36
"AT1G78590",1.71592138841916e-40,1.64395583874538,0.318,0.011,3.52501730822949e-36
"AT4G32520",1.74549475325892e-40,0.810388790962539,0.32,0.011,3.5857698716198e-36
"AT3G06510",1.8143468529209e-40,-1.44249400737392,0.589,0.135,3.72721273995541e-36
"AT2G43680",1.82011781568447e-40,1.29115515593307,0.323,0.013,3.7390680287606e-36
"AT1G14740",1.91114266138666e-40,-1.32862059557817,0.487,0.089,3.92606036928661e-36
"AT2G16365",1.97181057853582e-40,1.21950934981934,0.305,0.004,4.05069047148614e-36
"AT5G62840",1.986692024763e-40,0.656564831681992,0.315,0.008,4.08126142647064e-36
"AT5G26940",1.99456455549083e-40,1.94836463446107,0.304,0.004,4.09743396634482e-36
"AT4G30996",1.99628359093523e-40,-0.38938817241895,0.424,0.059,4.10096538085824e-36
"AT3G15710",2.22624801531472e-40,-1.28451149746283,0.604,0.144,4.57338129786104e-36
"AT1G50430",2.2566214882947e-40,-1.11096218584687,0.537,0.112,4.6357775234038e-36
"AT1G01540",2.31105990464989e-40,1.56286354791136,0.324,0.013,4.74761036212226e-36
"AT4G28860",2.39076434735866e-40,-0.467424903179842,0.383,0.04,4.91134719877889e-36
"AT3G56720",2.39522261588504e-40,5.94938489085392,0.295,0,4.92050581981264e-36
"AT1G48170",2.45379335045741e-40,0.845122173360724,0.324,0.013,5.04082767984466e-36
"AT3G06590",2.61284363587001e-40,0.926662163548687,0.323,0.013,5.36756468116776e-36
"AT2G28400",2.93310231273993e-40,-1.03837150459296,0.621,0.152,6.02547208106164e-36
"AT5G13800",3.02496623055299e-40,-0.744333768062789,0.431,0.063,6.21418812742501e-36
"AT5G40340",3.1638900211099e-40,-1.23548279995155,0.597,0.142,6.49957927036607e-36
"AT1G71780",3.23122992311091e-40,-0.269209833627331,0.35,0.025,6.63791563104675e-36
"ATCG00220",3.60650877337384e-40,-1.47401039388244,0.997,0.858,7.40885097314187e-36
"AT2G28910",3.74370623240389e-40,-0.994687738763049,0.914,0.273,7.69069571322732e-36
"AT3G13410",3.92859410166745e-40,-1.10880091654811,0.808,0.23,8.07051086305544e-36
"AT3G56710",4.00783475044164e-40,-0.676239418630086,0.8,0.237,8.23329492783226e-36
"AT1G01725",4.09333650309082e-40,0.717386424585877,0.325,0.015,8.40894117829948e-36
"AT5G37070",4.15011550459535e-40,-0.724671646247699,0.426,0.061,8.52558228109022e-36
"AT1G06060",4.23908969647626e-40,0.883829897601331,0.34,0.021,8.70836196347118e-36
"AT3G22300",4.40115660080986e-40,1.21099378655689,0.322,0.013,9.0412960050437e-36
"AT5G55910",4.44754182642463e-40,-0.299096910883931,0.34,0.021,9.13658517402411e-36
"AT1G74430",4.47608678686699e-40,0.419705521728624,0.335,0.019,9.19522508626087e-36
"AT1G36980",4.53495972076179e-40,-0.297266470485848,0.966,0.304,9.31616775436095e-36
"AT5G45130",4.59238769686015e-40,-0.743819633558495,0.897,0.271,9.4341420456598e-36
"AT5G59150",5.20473705178947e-40,0.740499674502133,0.325,0.015,1.06920913254911e-35
"AT5G13050",5.44426681782027e-40,0.950597060360598,0.315,0.011,1.11841573238482e-35
"AT4G13930",5.51856169481759e-40,1.8661449891843,0.306,0.006,1.13367812896638e-35
"AT2G18876",5.596798348616e-40,2.42224581655805,0.306,0.006,1.14975028475618e-35
"AT1G58360",5.62285131347178e-40,-0.704205377226192,0.434,0.066,1.15510234532651e-35
"AT2G30860",5.87573053383781e-40,0.429024791561781,0.987,0.378,1.2070513235663e-35
"AT1G01360",5.89726786640102e-40,1.00447180834351,0.32,0.013,1.21147573779476e-35
"AT3G21750",6.11943856992116e-40,6.06623019396499,0.293,0,1.2571162654189e-35
"AT2G33630",6.38921819600618e-40,-0.68411583020239,0.398,0.049,1.31253709400555e-35
"AT5G14105",7.02828306778848e-40,0.925698542335475,0.329,0.017,1.44382019061579e-35
"AT5G16070",7.0422619107348e-40,3.95371520080075,0.297,0.002,1.44669186432225e-35
"AT1G54820",8.01891927297911e-40,2.04137657895691,0.302,0.004,1.6473265862481e-35
"AT1G14310",8.05679024435598e-40,3.10059958804632,0.302,0.004,1.65510641989805e-35
"AT1G14510",8.64868427000793e-40,1.11461959400439,0.315,0.011,1.77669920958773e-35
"AT1G07360",8.82857015274689e-40,0.685523695245119,0.334,0.019,1.81365316647879e-35
"AT2G34500",8.82891641631043e-40,-6.02373788669576,0.085,0.296,1.81372429940265e-35
"AT5G36290",8.98143002869739e-40,-1.17791465697749,0.586,0.137,1.84505517079531e-35
"AT4G20130",9.04384765276474e-40,0.804421995518168,0.315,0.011,1.85787762330746e-35
"AT3G51150",9.12574870357058e-40,1.29475952009631,0.306,0.006,1.8747025561745e-35
"ATCG01090",1.08436785667698e-39,-1.18448984417099,0.555,0.123,2.22761688797151e-35
"AT4G02260",1.09223276759878e-39,0.832278459731863,0.324,0.015,2.24377377447817e-35
"AT3G19720",1.10910652973881e-39,-0.59379263453996,0.352,0.027,2.27843754404244e-35
"AT2G30970",1.11001158308729e-39,0.370223636268307,0.342,0.023,2.28029679513621e-35
"AT4G26190",1.14122529072917e-39,0.266962296062918,0.329,0.017,2.34441911474494e-35
"AT1G53520",1.1528359276934e-39,1.38011269708347,0.305,0.006,2.36827084626054e-35
"AT1G09415",1.15283605062082e-39,1.03713780889721,0.305,0.006,2.36827109879035e-35
"AT2G38740",1.20547471765705e-39,0.901860329769001,0.319,0.013,2.47640671248287e-35
"AT5G41950",1.2217568594149e-39,1.47544679657897,0.318,0.013,2.50985511629602e-35
"AT2G47510",1.28163386418352e-39,-0.296162998293902,0.35,0.027,2.6328604471922e-35
"AT5G59560",1.28979849405594e-39,0.941260053812461,0.308,0.008,2.64963304633912e-35
"AT1G70100",1.29543132859378e-39,1.18490153623003,0.31,0.008,2.6612045783302e-35
"AT2G37500",1.48976540923343e-39,-0.765004568855725,0.355,0.03,3.06042508018824e-35
"AT3G62450",1.58233110049013e-39,0.424512904870288,0.323,0.015,3.25058277973688e-35
"AT5G35220",1.6359214046867e-39,0.267655451230442,0.309,0.008,3.36067334164789e-35
"AT5G53420",1.83283146863663e-39,2.49955689489523,0.304,0.006,3.76518568602023e-35
"AT1G63840",2.01325202996353e-39,-4.54416826973759,0.512,0.588,4.13582364515409e-35
"AT1G07080",2.13970699183421e-39,-1.38200747174901,0.585,0.137,4.39560007332501e-35
"AT1G21010",2.22330159145852e-39,-0.768504562555244,0.633,0.161,4.56732845933323e-35
"AT2G42910",2.48951222989388e-39,1.59614483425165,0.317,0.013,5.11420497387099e-35
"AT3G09980",2.51535059589136e-39,2.36282822667111,0.307,0.008,5.16728472913963e-35
"AT5G58960",2.55547858704447e-39,2.97383336364972,0.298,0.004,5.24971966136546e-35
"AT5G05000",2.59910844553597e-39,1.7241329049839,0.308,0.008,5.33934847966455e-35
"AT5G16140",2.86034326601229e-39,2.517404123854,0.293,0.002,5.87600317136905e-35
"AT1G04590",2.89488383054892e-39,2.97372763157559,0.302,0.006,5.94695985309666e-35
"AT3G50520",2.9426279144414e-39,2.73644229983735,0.302,0.006,6.04504052463696e-35
"AT2G44820",3.04404131997065e-39,0.533197900364001,0.326,0.017,6.25337408361571e-35
"AT5G01100",3.14447259868754e-39,-3.56212361064504,0.793,0.666,6.45969005948381e-35
"AT5G42770",3.18010726695683e-39,0.718189471152984,0.317,0.013,6.53289435850941e-35
"AT5G56100",3.20446571457671e-39,0.951223382777172,0.317,0.013,6.58293391745494e-35
"AT1G72450",3.24111750993766e-39,-1.02110310207064,0.558,0.127,6.65822770066494e-35
"ATCG01100",3.28840564047999e-39,-1.40560619848168,0.601,0.146,6.75537170723804e-35
"AT5G05210",3.48786559204243e-39,-0.291434997379882,0.371,0.038,7.16512228573276e-35
"AT3G48750",3.64381077394749e-39,2.43784552371658,0.301,0.006,7.48548047292033e-35
"AT5G19460",3.69668253276787e-39,2.00097042493566,0.302,0.006,7.59409492706504e-35
"AT3G44430",4.075353121179e-39,-0.380472191306493,0.347,0.027,8.37199791683803e-35
"AT3G04870",4.0940156894218e-39,1.25521406723263,0.307,0.008,8.41033643077919e-35
"AT3G25070",4.78989085205041e-39,-0.29652734724371,0.36,0.034,9.83987277736716e-35
"AT1G17350",5.14109273439316e-39,2.8371393909511,0.297,0.004,1.05613468042639e-34
"AT3G06850",5.19767732749849e-39,2.36531798804868,0.297,0.004,1.06775885338802e-34
"AT5G49555",5.19767955774666e-39,1.31050364444609,0.297,0.004,1.0677593115479e-34
"AT5G63860",5.35467500662139e-39,0.836487196254249,0.332,0.021,1.10001088661023e-34
"AT2G44210",5.36792903178676e-39,1.83045241181406,0.32,0.015,1.10273366099995e-34
"AT2G43810",5.38253362648095e-39,0.781377528743625,0.318,0.015,1.10573388288798e-34
"AT5G53530",5.52468593671178e-39,1.00573573091782,0.32,0.015,1.1349362319787e-34
"AT1G63110",5.67454581180814e-39,0.377860992652263,0.334,0.021,1.16572194611975e-34
"AT1G69410",5.76373923511728e-39,-0.657974020801442,0.732,0.207,1.18404495107014e-34
"AT1G14410",5.77379950832035e-39,1.31464805858593,0.301,0.006,1.18611163299425e-34
"AT5G19290",6.40098606749407e-39,0.443531531684463,0.315,0.013,1.31495456784531e-34
"AT5G60940",6.60414441604997e-39,0.697281508577999,0.305,0.008,1.35668938738915e-34
"AT5G41010",6.95508578633688e-39,1.2926301190465,0.319,0.015,1.42878327308719e-34
"AT1G72910",7.40640956030428e-39,1.72395371118756,0.3,0.006,1.52149871597331e-34
"AT3G13470",7.72621385967257e-39,1.15017852627036,0.313,0.013,1.58719611319254e-34
"AT5G47630",7.93566251440703e-39,1.24181535855822,0.309,0.011,1.63022315033464e-34
"AT1G30040",7.99548930877288e-39,3.18945720037429,0.3,0.006,1.64251336870121e-34
"AT2G45810",8.10704733142584e-39,0.770162742912275,0.314,0.013,1.66543073329481e-34
"AT3G02870",8.28856676214797e-39,1.29659910618909,0.305,0.008,1.70272026994806e-34
"AT1G12650",8.29209215216035e-39,2.49407492930988,0.303,0.008,1.7034444908183e-34
"AT3G62140",8.32698289112594e-39,1.19038754345259,0.305,0.008,1.710612095324e-34
"AT3G04210",8.47143213019242e-39,-1.02977910116421,0.552,0.125,1.74028630250543e-34
"AT5G48385",8.81843190454788e-39,-0.254196300759593,0.349,0.03,1.81157046615127e-34
"AT1G59700",9.06709857446867e-39,0.7186909835384,0.309,0.011,1.8626540601531e-34
"AT3G26780",9.27778020735051e-39,1.09479955411982,0.309,0.011,1.90593438799602e-34
"AT3G62810",9.50782451529159e-39,0.797677385105051,0.322,0.017,1.95319239017635e-34
"AT3G04500",9.72377222535905e-39,-0.673239034735442,0.391,0.049,1.99755452825551e-34
"AT3G58750",1.01468360748267e-38,-0.323362043925684,0.367,0.038,2.08446453485164e-34
"AT3G60150",1.0496937952731e-38,1.35211946976618,0.304,0.008,2.15638596362954e-34
"AT1G14700",1.17353826156409e-38,0.838556357661424,0.322,0.017,2.4107996507311e-34
"AT4G18390",1.17882030987457e-38,1.36151580764536,0.299,0.006,2.42165056257532e-34
"AT2G01670",1.29028395543587e-38,-0.490674322592784,0.847,0.264,2.6506303296519e-34
"AT1G09950",1.2927391777201e-38,1.94748501970979,0.303,0.008,2.6556740927904e-34
"AT1G36390",1.3229431045518e-38,1.11646339130562,0.303,0.008,2.71772201968076e-34
"AT2G31840",1.32294379238175e-38,0.726156424085197,0.303,0.008,2.71772343268983e-34
"AT1G53800",1.36917401671329e-38,0.983743876021653,0.317,0.015,2.81269418253411e-34
"AT4G11830",1.4133163483654e-38,0.819114852544051,0.317,0.015,2.90337577444703e-34
"AT1G26220",1.45012544925619e-38,2.86351800220761,0.289,0.002,2.978992710407e-34
"AT1G76380",1.47865879848068e-38,2.06284675897135,0.298,0.006,3.03760876971886e-34
"AT4G34220",1.48554791759121e-38,1.82979558593152,0.298,0.006,3.05176108710762e-34
"AT3G23570",1.55940136176398e-38,-0.995669098246719,0.5,0.101,3.20347821747174e-34
"AT2G25964",1.65468850816509e-38,1.62716046448449,0.293,0.004,3.39922660232354e-34
"AT1G01430",1.82698863985292e-38,4.17308071195351,0.288,0.002,3.75318276284986e-34
"AT1G48550",1.87167298316099e-38,0.83724833054082,0.298,0.006,3.84497780930761e-34
"AT2G36310",1.93375112998525e-38,-0.513316268704701,0.335,0.023,3.97250494632871e-34
"AT1G06530",2.02009128332964e-38,-0.846276290135224,0.407,0.057,4.14987352334408e-34
"AT4G27620",2.02686746960747e-38,1.8818067319031,0.293,0.004,4.16379384281463e-34
"AT4G16060",2.05613414935195e-38,-0.299086972894558,0.339,0.025,4.2239163830137e-34
"AT4G32570",2.08454164864379e-38,1.21674261209503,0.293,0.004,4.28227390880893e-34
"AT1G73940",2.12535768540177e-38,1.72561835975906,0.297,0.006,4.36612229312087e-34
"AT3G55290",2.22985890237531e-38,2.74977234293694,0.297,0.006,4.5807991431496e-34
"AT1G02170",2.3082545913995e-38,-1.34025248604607,0.497,0.099,4.74184740711199e-34
"AT1G74890",2.51647462683159e-38,6.17973003766221,0.283,0,5.16959382590013e-34
"AT3G02450",2.58158241473885e-38,1.10884729900854,0.311,0.013,5.30334475459801e-34
"AT5G53000",2.83990072094434e-38,-0.298118981690298,0.347,0.03,5.83400805103596e-34
"AT4G31080",2.85113783630765e-38,-0.868382217423466,0.455,0.08,5.85709245712681e-34
"AT3G18490",2.92272187224022e-38,-0.575484240306235,0.386,0.049,6.00414754214309e-34
"AT3G12360",2.94278032362055e-38,-0.933904751346362,0.446,0.076,6.0453536188137e-34
"AT1G18360",2.9691306359723e-38,1.8133142180521,0.297,0.006,6.09948506547789e-34
"AT1G70150",3.07798942233092e-38,0.517662972649155,0.32,0.017,6.32311367029442e-34
"AT5G13260",3.66471412153726e-38,0.926841538023015,0.304,0.011,7.52842221987399e-34
"AT1G06210",3.69245212817328e-38,2.01945943324985,0.296,0.006,7.58540440690636e-34
"AT5G50920",3.81193234361353e-38,-0.968211385041993,0.947,0.294,7.83085261348528e-34
"AT4G23910",3.84499682299773e-38,0.533452265120204,0.319,0.017,7.89877697348423e-34
"AT5G03540",3.8738990535587e-38,0.670371845244831,0.319,0.017,7.95815082572564e-34
"AT1G80890",4.05453522736707e-38,0.738990126704574,0.31,0.013,8.32923171758018e-34
"AT5G02810",4.05453522736707e-38,0.781686271794792,0.31,0.013,8.32923171758018e-34
"AT2G43330",4.49914197350427e-38,-0.608301405834968,0.391,0.051,9.24258735616982e-34
"AT3G61430",4.52934024129554e-38,-1.13372169084191,0.674,0.182,9.30462365769342e-34
"AT5G13950",4.6239930967033e-38,1.24571803463114,0.305,0.011,9.49906901855758e-34
"AT4G33540",4.65068189304981e-38,-0.474626843801288,0.385,0.049,9.55389581289223e-34
"AT5G58575",4.66649261748179e-38,0.981366024798096,0.305,0.011,9.58637578409285e-34
"AT2G45560",4.90562032690734e-38,1.5808401702183,0.309,0.013,1.00776158375658e-33
"AT3G60910",4.93368045026239e-38,0.394542757979917,0.317,0.017,1.0135259748974e-33
"AT2G37620",5.08117142494872e-38,1.63981697255674,0.298,0.008,1.04382504582722e-33
"AT3G55630",5.23883981268056e-38,1.87404587632687,0.29,0.004,1.07621486271897e-33
"AT5G23380",5.25290390756478e-38,2.13541189890746,0.3,0.008,1.07910404973103e-33
"AT3G07440",5.92260298957224e-38,1.40239206110845,0.295,0.006,1.21668033214782e-33
"AT2G23940",5.94356992332781e-38,-0.74874132458592,0.416,0.063,1.22098756934923e-33
"AT1G06515",5.95882942842583e-38,3.89167678692276,0.29,0.004,1.22412232948152e-33
"AT4G27500",6.07269171841553e-38,-1.03216542772989,0.887,0.268,1.2475130597141e-33
"ATCG00140",6.07927414062884e-38,-1.44878041947507,0.716,0.199,1.24886528670938e-33
"AT3G04780",7.45217592737204e-38,1.2016555092082,0.294,0.006,1.53090050076004e-33
"AT5G20040",7.71262594139358e-38,2.54460927894012,0.293,0.006,1.58440474714048e-33
"AT1G52380",7.71278469141259e-38,0.475534492452516,0.317,0.017,1.58443735915689e-33
"AT5G67320",7.92156472845426e-38,-0.371677297223624,0.381,0.047,1.62732704216636e-33
"AT5G60920",8.0433381910671e-38,-1.10578209459227,0.456,0.082,1.65234296459092e-33
"AT1G35460",8.11205039964084e-38,0.453112898823038,0.307,0.013,1.66645851359822e-33
"AT2G04880",8.17875060134621e-38,1.93304820054643,0.297,0.008,1.68016073603455e-33
"AT2G37975",8.66028543899037e-38,-0.615252274155778,0.362,0.038,1.77908243773179e-33
"AT5G62865",9.1401471508313e-38,-0.741701530536347,0.389,0.051,1.87766042919527e-33
"AT2G37450",9.37472100138434e-38,1.3056365170525,0.293,0.006,1.92584893531438e-33
"AT1G72950",9.99500393779307e-38,6.28442727902231,0.279,0,2.05327365894083e-33
"AT2G46580",1.00170666723392e-37,0.577952435532444,0.306,0.013,2.05780600649865e-33
"AT1G48630",1.04923055249976e-37,1.06772948290007,0.298,0.008,2.15543432400025e-33
"AT2G39020",1.11197928307738e-37,-0.596765104656576,0.339,0.027,2.28433904122585e-33
"AT5G66050",1.13581456598985e-37,0.984186646539604,0.31,0.015,2.33330386291295e-33
"AT1G23080",1.15068270298197e-37,2.57351918927607,0.283,0.002,2.36384747673587e-33
"AT2G34040",1.20079503255404e-37,-0.286002375065887,0.33,0.023,2.46679323537577e-33
"AT3G56290",1.22841404029277e-37,0.602746452558714,0.316,0.017,2.52353096297343e-33
"AT3G13180",1.31201485728057e-37,2.50245634566405,0.288,0.004,2.69527212131148e-33
"AT2G30600",1.31340524544804e-37,1.83725835153986,0.297,0.008,2.69812839572392e-33
"AT1G68440",1.31998191549305e-37,-3.76262884212166,0.662,0.628,2.71163884899738e-33
"AT4G31980",1.75838179351095e-37,-0.394167812024756,0.361,0.038,3.61224371840955e-33
"AT1G07470",1.81132946928226e-37,1.69152736802805,0.301,0.011,3.72101412874654e-33
"AT3G14870",1.81132965270529e-37,1.11306037916008,0.301,0.011,3.72101450555248e-33
"AT4G11820",1.92668612823745e-37,0.452074443090122,0.332,0.025,3.9579913132382e-33
"AT3G12670",1.93753060600531e-37,1.73085192892089,0.305,0.013,3.98026912391672e-33
"AT4G26760",1.9861051450133e-37,5.90660333007872,0.277,0,4.08005579940082e-33
"AT5G25210",2.07358719323911e-37,1.59844043182072,0.287,0.004,4.25977017107111e-33
"AT3G20680",2.55127996769012e-37,0.377466663094282,0.305,0.013,5.24109443762582e-33
"AT2G23390",2.62181787514954e-37,0.282242894793907,0.318,0.019,5.3860004609197e-33
"AT5G57030",2.62453827423465e-37,0.629819925934271,0.295,0.008,5.39158897676024e-33
"AT2G23760",2.62666142470546e-37,1.07295945351028,0.309,0.015,5.39595056477243e-33
"AT5G66680",2.72746770985205e-37,-1.23892971808811,0.444,0.078,5.60303691634907e-33
"AT2G11890",2.82398034885182e-37,0.303403712560551,0.322,0.021,5.8013028306463e-33
"AT4G14930",2.85931150642077e-37,4.2731026977624,0.281,0.002,5.87388362764019e-33
"AT4G34180",3.16839884074384e-37,-3.78547024186918,0.783,0.655,6.50884173854007e-33
"AT5G65630",3.26503252486315e-37,-1.37676877560692,0.565,0.135,6.70735631582637e-33
"AT2G34900",3.26930476701834e-37,2.15385823515684,0.285,0.004,6.71613278288578e-33
"AT5G23090",3.38424026556194e-37,0.64279929613557,0.307,0.015,6.9522447775439e-33
"AT1G53570",3.55325313492256e-37,0.470548663160526,0.322,0.021,7.29944791507142e-33
"AT4G01883",3.67260514614396e-37,1.23368883091017,0.298,0.011,7.54463275172353e-33
"AT1G47270",3.69843504583595e-37,0.979287981904354,0.29,0.006,7.59769511466079e-33
"AT4G38740",4.01714271294366e-37,-0.859493789136548,0.461,0.087,8.25241627520015e-33
"AT1G19680",4.23428007813644e-37,1.803262236674,0.293,0.008,8.69848156451569e-33
"AT1G12520",4.32446965356965e-37,0.566298140848872,0.322,0.021,8.88375800932812e-33
"AT2G21120",4.36591946673725e-37,-1.37787588546783,0.589,0.146,8.96890836051833e-33
"AT5G27660",4.41562012672914e-37,-0.859640175596644,0.389,0.053,9.07100842633968e-33
"AT3G06110",4.59022247771883e-37,5.48751280436851,0.278,0.002,9.42969403597779e-33
"AT1G02090",4.64771268184034e-37,-1.06767001788483,0.374,0.047,9.54779616230461e-33
"AT4G22780",4.80436035182086e-37,-1.09736486288961,0.629,0.165,9.8695974707456e-33
"AT2G36230",5.32088628508966e-37,0.809490923301663,0.292,0.008,1.09306966954597e-32
"AT4G15210",5.3473835894972e-37,1.84314942142857,0.305,0.015,1.09851301079041e-32
"AT3G51520",5.59506216955337e-37,-0.365103379489326,0.366,0.042,1.14939362149135e-32
"AT3G48100",5.72788182243905e-37,0.496746701521893,0.298,0.011,1.17667876278365e-32
"AT3G06960",6.31822212780098e-37,0.421295740005309,0.302,0.013,1.29795237171416e-32
"AT4G39300",6.39715049420858e-37,3.42547407820742,0.283,0.004,1.31416662602527e-32
"HSF A4A",6.44689002780537e-37,-1.20198915747968,0.718,0.205,1.32438461841206e-32
"AT3G15095",6.52213038989177e-37,0.496409013383006,0.293,0.008,1.33984124599547e-32
"AT2G31710",6.82629723275073e-37,-0.539804733362668,0.357,0.038,1.40232624052398e-32
"AT5G62200",6.99890302823649e-37,-1.4574387413687,0.671,0.184,1.43778464909062e-32
"AT5G08190",7.25653334694905e-37,0.440404275063143,0.297,0.011,1.49070964546374e-32
"AT5G13770",7.32438302812087e-37,1.45337175118286,0.288,0.006,1.50464800546687e-32
"AT1G15860",7.456324453581e-37,-0.329660769653612,0.346,0.034,1.53175273249915e-32
"AT1G48790",7.5353727562317e-37,-0.561068291566683,0.343,0.032,1.54799162531268e-32
"AT1G62390",7.98187942549285e-37,-0.326081383622322,0.332,0.027,1.639717490379e-32
"AT5G05980",7.99047230805914e-37,0.693775891775507,0.302,0.013,1.64148272624459e-32
"AT4G32130",8.12016984787555e-37,-1.36278537483698,0.536,0.123,1.66812649184907e-32
"AT4G26300",8.18753116014112e-37,1.17936603968975,0.292,0.008,1.68196452622779e-32
"AT4G18810",8.5120978081259e-37,-0.463125787009234,0.334,0.027,1.7486402527233e-32
"AT1G17130",8.71386123605072e-37,-0.449735035266506,0.338,0.03,1.7900885137219e-32
"AT1G15470",8.91552263013221e-37,4.45428458074916,0.278,0.002,1.83151581390806e-32
"AT3G46090",9.32675159007517e-37,1.30424922727766,0.332,0.027,1.91599457914914e-32
"AT3G58970",9.4700604122632e-37,0.398720687131775,0.31,0.017,1.94543451049123e-32
"AT4G16890",9.82590001390267e-37,-0.373246107606579,0.351,0.036,2.01853463985603e-32
"AT5G48680",1.02210011964396e-36,2.75097043310458,0.282,0.004,2.0997002757846e-32
"AT4G01590",1.0221004403162e-36,1.24746927353742,0.282,0.004,2.09970093454157e-32
"AT4G31460",1.03218262824699e-36,2.32555667587701,0.29,0.008,2.1204127732078e-32
"AT1G09815",1.08087350981297e-36,-0.538005277316051,0.363,0.042,2.22043845120879e-32
"AT3G25230",1.08348721779073e-36,-0.433981610126003,0.389,0.055,2.22580779150749e-32
"AT1G53850",1.16617583060759e-36,2.08526208417235,0.291,0.008,2.39567500881717e-32
"AT2G27310",1.21585309496626e-36,-0.362152058541212,0.893,0.29,2.49772701298919e-32
"AT4G35580",1.25997045571624e-36,0.715036724975998,0.3,0.013,2.58835730717788e-32
"AT3G17770",1.37405407861301e-36,0.368746020447396,0.33,0.027,2.8227192936947e-32
"AT2G45270",1.47509333930359e-36,2.33038293778066,0.285,0.006,3.03028424693137e-32
"AT1G53230",1.54023760296387e-36,5.83703709839841,0.271,0,3.16411010776868e-32
"AT1G17970",1.58046644544352e-36,0.325241398749557,0.3,0.013,3.24675221887462e-32
"AT4G14570",1.60292885430074e-36,1.64196702293156,0.29,0.008,3.29289674539e-32
"AT1G32540",1.60414138562081e-36,2.59676650324744,0.281,0.004,3.29538764848083e-32
"AT1G19920",1.60909728965673e-36,1.42538212481675,0.281,0.004,3.30556856214181e-32
"AT2G40840",1.62916867057298e-36,-0.999907114010884,0.377,0.049,3.34680119995807e-32
"AT3G02580",1.79762363056918e-36,-1.16152699424963,0.39,0.055,3.69285822427827e-32
"AT2G47390",1.82064689197448e-36,-1.19995318820406,0.394,0.057,3.74015491018318e-32
"AT1G15950",1.99115122157564e-36,0.26778592014684,0.334,0.03,4.09042195448283e-32
"AT5G36250",2.03200140275384e-36,0.517247874093479,0.29,0.008,4.17434048167721e-32
"AT2G22910",2.10450533827056e-36,-0.563347744024295,0.354,0.038,4.32328531640921e-32
"AT5G50915",2.13906689820627e-36,2.28103446459214,0.285,0.006,4.39428512898514e-32
"AT1G66940",2.22232864159308e-36,2.13133294916352,0.275,0.002,4.56532972842466e-32
"AT5G65270",2.24801014017176e-36,-1.11610205834291,0.384,0.053,4.61808723095485e-32
"AT1G54690",2.26711072382949e-36,1.77932537817168,0.283,0.006,4.65732555996292e-32
"AT1G50920",2.27078695297927e-36,0.671076098492612,0.303,0.015,4.66487763750532e-32
"AT1G67360",2.29755795895983e-36,-1.03622465266525,0.499,0.108,4.71987331509118e-32
"AT5G45430",2.37809135591708e-36,-0.72443302106926,0.407,0.063,4.88531307246045e-32
"AT5G61440",2.42239568570333e-36,5.90285493706403,0.27,0,4.97632745714036e-32
"AT1G47640",2.5501388031172e-36,-1.08960373875565,0.446,0.082,5.23875014324365e-32
"AT3G59050",2.65783208019054e-36,0.482756479077068,0.307,0.017,5.45998444233542e-32
"ATCG01130",2.69067305068225e-36,-0.478970300997738,0.935,0.304,5.52744964801655e-32
"AT1G71260",2.70317250717982e-36,0.960177732934282,0.303,0.015,5.55312728149951e-32
"AT1G80930",2.78238841214631e-36,-0.759480102053145,0.375,0.049,5.71586051507216e-32
"AT5G15190",2.81517862368785e-36,1.44790122904906,0.293,0.011,5.78322144664196e-32
"AT3G55240",3.04146420730871e-36,1.37834236764401,0.298,0.013,6.24807992107429e-32
"AT2G31410",3.05516334717649e-36,1.03966003641736,0.298,0.013,6.27622206410466e-32
"AT1G56180",3.30664489408958e-36,3.12062362367266,0.278,0.004,6.79284060592823e-32
"AT3G07370",3.39798211686122e-36,1.20466173218328,0.302,0.015,6.98047466266801e-32
"AT1G34570",3.54485028417827e-36,0.690075226377141,0.293,0.011,7.28218593878741e-32
"AT5G61220",3.57469117351851e-36,1.26764704808579,0.283,0.006,7.34348807775907e-32
"AT2G44290",3.69202439856937e-36,-0.842458512776045,0.521,0.118,7.58452572198105e-32
"AT5G41940",3.79820648317063e-36,-0.819823669194314,0.382,0.053,7.80265557837743e-32
"AT2G05590",3.84969341380119e-36,0.510039746528232,0.324,0.025,7.90842517997178e-32
"AT1G08970",3.92904140273526e-36,0.534414652588473,0.292,0.011,8.07142975363905e-32
"AT1G23440",3.96585860176266e-36,-1.64368886711943,0.62,0.163,8.14706332560104e-32
"AT1G77122",4.00422138086658e-36,0.922113903726438,0.288,0.008,8.22587198271422e-32
"AT5G19750",4.22146848228386e-36,0.57423544093671,0.315,0.021,8.67216270315574e-32
"AT5G08300",4.24669910778064e-36,-1.13532766777872,0.432,0.076,8.72399397711377e-32
"AT5G11790",4.37821663549133e-36,2.23307833515697,0.273,0.002,8.99417043428985e-32
"AT3G17440",4.38930743020119e-36,1.12259328943175,0.292,0.011,9.0169542538623e-32
"ATCG00330",4.49430718870596e-36,-1.27379674990252,0.436,0.078,9.23265525775865e-32
"AT1G62600",4.56710792573149e-36,0.467196548732412,0.32,0.023,9.38220981183021e-32
"AT2G26990",4.84108274917205e-36,0.304513864727606,0.297,0.013,9.94503629162414e-32
"AT3G03960",4.87028486401689e-36,1.24206574262686,0.295,0.013,1.00050261961499e-31
"AT2G45695",4.98503200894227e-36,1.75426723582318,0.278,0.004,1.02407512559701e-31
"AT1G36070",5.27086133816344e-36,0.496300359842598,0.301,0.015,1.08279304469891e-31
"AT2G22640",5.50016655043601e-36,0.904867075653229,0.29,0.011,1.12989921445607e-31
"AT5G60680",5.62881880918312e-36,-1.19898553064087,0.577,0.146,1.15632824797049e-31
"AT4G16143",6.10971617472622e-36,-0.516876151766469,0.324,0.025,1.25511899377401e-31
"AT2G41100",6.11027301677471e-36,0.681190083857965,0.979,0.505,1.25523338583603e-31
"AT1G19800",6.2460443838779e-36,1.62294322845197,0.277,0.004,1.28312489778004e-31
"AT2G46030",6.64101921006571e-36,0.253901287067897,0.3,0.015,1.3642645763238e-31
"AT5G08120",7.03358340381241e-36,2.07714013441367,0.282,0.006,1.44490903864518e-31
"AT5G07220",7.4243776988864e-36,-0.455896109418261,0.376,0.051,1.52518991068223e-31
"AT3G13000",7.48618785459878e-36,6.037576456716,0.267,0,1.53788757097023e-31
"AT3G53370",7.4942557648269e-36,0.818897461122553,0.295,0.013,1.53954496176839e-31
"AT4G29490",8.61275392464386e-36,1.08710279017857,0.298,0.015,1.76931803873959e-31
"AT1G12350",8.82331281372905e-36,1.12141371243741,0.281,0.006,1.81257315132436e-31
"AT1G20030",8.87576188082321e-36,0.505847202456461,0.318,0.023,1.82334776317751e-31
"ATCG00520",9.34772733294865e-36,-1.46515536375725,0.765,0.226,1.92030362600764e-31
"AT5G55700",9.70189278358478e-36,-0.595173582515403,0.345,0.036,1.99305983453182e-31
"AT2G30040",9.73652111003119e-36,0.311755757590705,0.926,0.338,2.00017353163371e-31
"AT3G19980",9.76936883790812e-36,2.14908733187306,0.276,0.004,2.00692144037146e-31
"AT4G11960",1.05619303460113e-35,-0.469699758894689,0.313,0.021,2.16973735098109e-31
"AT3G19220",1.22704065539958e-35,2.66840389104696,0.275,0.004,2.52070961838737e-31
"AT4G09730",1.22745523867536e-35,1.10690627266031,0.285,0.008,2.52156129681079e-31
"AT1G51560",1.38125985277917e-35,1.57972082411077,0.28,0.006,2.83752211556424e-31
"AT5G03740",1.38129081546131e-35,1.45774203089675,0.298,0.015,2.83758572220217e-31
"AT5G10910",1.38336511365759e-35,1.28249511930376,0.28,0.006,2.8418469529868e-31
"AT3G18270",1.40538681162811e-35,1.92235981222737,0.284,0.008,2.88708612712763e-31
"AT2G41870",1.4727261378693e-35,1.15016444072337,0.293,0.013,3.02542130502491e-31
"AT1G22400",1.49078961194605e-35,-4.56514506311854,0.49,0.567,3.06252909982078e-31
"AT1G73380",1.50604672124987e-35,0.450788330784108,0.293,0.013,3.09387177946361e-31
"AT5G49230",1.53611730453896e-35,2.03122622312915,0.275,0.004,3.15564577871438e-31
"AT1G22920",1.55668133378933e-35,1.56208702388191,0.283,0.008,3.19789046400343e-31
"AT1G64090",1.62014491426777e-35,-1.48969843477348,0.727,0.211,3.32826369738027e-31
"AT4G04800",1.70391098025161e-35,-1.24413488298658,0.446,0.085,3.50034432673088e-31
"AT1G07870",1.8457079191806e-35,1.05024579552779,0.293,0.013,3.7916377783727e-31
"AT1G32150",1.85032082672567e-35,2.39679523446638,0.274,0.004,3.80111407434255e-31
"AT3G20050",1.85885422709752e-35,2.12011416672699,0.274,0.004,3.81864423872644e-31
"AT1G07240",1.8846289333644e-35,0.492467778256582,0.293,0.013,3.87159321781049e-31
"AT5G23340",1.90573923719775e-35,2.37174884620305,0.283,0.008,3.91496011497534e-31
"AT3G19170",1.91308404743814e-35,-1.45780856240218,0.461,0.093,3.93004855865218e-31
"AT5G51720",1.92263742739264e-35,2.50901059717683,0.274,0.004,3.94967406709269e-31
"AT2G04340",1.92891845803239e-35,1.3061900666516,0.283,0.008,3.96257718833595e-31
"AT5G21930",2.09946475132718e-35,1.21630661951081,0.288,0.011,4.31293043865143e-31
"AT5G65685",2.34650376157268e-35,0.853509256627639,0.306,0.019,4.82042267739875e-31
"AT4G18593",2.35435949379253e-35,0.535078164565584,0.292,0.013,4.83656070809799e-31
"AT5G55130",2.39547549380903e-35,1.35601188086776,0.283,0.008,4.92102530693188e-31
"AT5G20050",2.54717770509128e-35,-5.87763802847851,0.078,0.271,5.23266715956901e-31
"AT2G46250",2.64146699738874e-35,3.95117535033833,0.268,0.002,5.42636565273569e-31
"AT3G01440",2.71142520732418e-35,1.51607190496747,0.278,0.006,5.57008080340607e-31
"AT3G04560",2.73246252101103e-35,0.946816018767027,0.286,0.011,5.61329775691295e-31
"AT1G14820",2.82151489976741e-35,0.724151835049322,0.3,0.017,5.79623805859218e-31
"AT1G55530",2.84957470107817e-35,-0.658230514135985,0.337,0.034,5.85388130842488e-31
"AT1G05350",2.93413295240917e-35,2.37315178276777,0.282,0.008,6.02758932413415e-31
"AT3G10525",3.10358108769456e-35,-0.43330757157406,0.344,0.038,6.37568662845094e-31
"AT5G65050",3.24729291221571e-35,0.51229772256951,0.314,0.023,6.67091382956474e-31
"AT4G26900",3.24872717867476e-35,0.548646172399927,0.295,0.015,6.67386024315156e-31
"AT4G20850",3.29432370450065e-35,-1.36987069637514,0.438,0.082,6.76752918615569e-31
"AT5G66470",3.74197918494775e-35,2.34399507496831,0.272,0.004,7.68714783963817e-31
"AT4G18570",3.76496443380338e-35,1.84274016240009,0.272,0.004,7.73436643636227e-31
"AT1G55360",3.7880603963448e-35,0.672776169611753,0.282,0.008,7.78181247221113e-31
"AT5G46690",4.13900712149298e-35,3.9696304363425,0.267,0.002,8.50276232968304e-31
"AT3G17470",4.24203791109274e-35,0.552240743114562,0.276,0.006,8.71441848075782e-31
"AT2G43280",4.32741850272742e-35,1.25501839347262,0.285,0.011,8.88981583015294e-31
"ATCG00150",4.55910042475664e-35,-1.51712010253069,0.59,0.154,9.36576000257756e-31
"AT1G75230",4.61146501038315e-35,1.29945320760886,0.29,0.013,9.4733325708301e-31
"AT3G54380",4.70109917463884e-35,3.18914019940113,0.271,0.004,9.65746803446058e-31
"AT2G23350",4.92687124572619e-35,0.695228225907546,0.308,0.021,1.01212716000953e-30
"AT3G57650",5.11878127696942e-35,-1.05997937019628,0.354,0.042,1.05155123772783e-30
"AT4G29590",5.17544923887356e-35,3.29541371982725,0.266,0.002,1.0631925371418e-30
"AT4G22260",5.20627909884685e-35,-1.19292450285325,0.401,0.066,1.06952591527611e-30
"AT2G42040",5.23783566516461e-35,0.843152220898427,0.285,0.011,1.07600858069477e-30
"AT5G39410",5.44777723601021e-35,-0.335380918704049,0.299,0.017,1.11913687759358e-30
"AT1G74940",5.62940330203283e-35,5.92014709979839,0.261,0,1.15644832033661e-30
"AT5G45340",5.6603955258628e-35,2.58026832844519,0.28,0.008,1.162815052878e-30
"AT4G39890",5.70960145546109e-35,-1.15084190057398,0.484,0.106,1.17292342699537e-30
"AT1G19730",5.73881787226405e-35,1.05264004389808,0.29,0.013,1.1789253554992e-30
"AT3G21790",5.76445473365935e-35,0.443802649333968,0.29,0.013,1.18419193593564e-30
"AT2G48120",5.832972961613e-35,3.48057341511812,0.271,0.004,1.19826763550416e-30
"AT5G18940",5.85005702561522e-35,0.674750646150884,0.288,0.013,1.20177721477214e-30
"AT4G28220",5.89544210207435e-35,1.15556082156912,0.28,0.008,1.21110067102913e-30
"AT1G54340",5.92215035672776e-35,0.507151030593368,0.28,0.008,1.21658734778258e-30
"AT4G10110",6.11688130301516e-35,1.6203533927479,0.279,0.008,1.2565909260784e-30
"AT4G37930",6.75502162501537e-35,0.480592778193335,0.995,0.455,1.38768409242691e-30
"AT3G63310",6.86204766003424e-35,-1.56176099142877,0.67,0.188,1.40967045080083e-30
"AT3G11880",6.99015455547503e-35,-0.433521561712829,0.317,0.025,1.43598745033124e-30
"AT5G43700",7.03652006687688e-35,5.98025602925424,0.261,0,1.44551231733852e-30
"AT4G25470",7.31372017332587e-35,2.08216956861395,0.27,0.004,1.50245753520633e-30
"AT4G34030",7.40238377488393e-35,0.665705957742385,0.28,0.008,1.52067169887441e-30
"AT5G61330",7.682117475949e-35,0.783654684817595,0.292,0.015,1.5781373930842e-30
"AT3G11560",8.08307350267896e-35,-1.11674634559184,0.357,0.044,1.66050578965534e-30
"AT5G22830",8.17016172262086e-35,0.525522229980505,0.284,0.011,1.678396322678e-30
"AT4G27380",8.19462010435886e-35,0.291464615976217,0.284,0.011,1.68342080803844e-30
"AT3G58830",8.2378109571213e-35,1.90063919398859,0.275,0.006,1.69229350492143e-30
"AT5G24210",8.81554144870563e-35,1.46189030751973,0.293,0.015,1.8109766798076e-30
"AT3G18390",9.0015483318729e-35,0.966855374906414,0.288,0.013,1.84918807381665e-30
"AT4G34450",9.40511057083762e-35,-1.24287690181951,0.481,0.104,1.93209186456717e-30
"AT2G44530",9.41957237319973e-35,-0.574226638482687,0.324,0.03,1.93506275262642e-30
"AT1G49510",9.49929633342617e-35,1.47520644304276,0.274,0.006,1.95144044577574e-30
"AT2G04550",1.00224782339007e-34,0.47385518321882,0.292,0.015,2.05891770359022e-30
"AT2G17350",1.01323885473008e-34,0.613098282435363,0.283,0.011,2.08149657927201e-30
"AT4G03110",1.0134443255269e-34,-0.340602574981267,0.334,0.034,2.0819186779299e-30
"AT3G56210",1.03729213031349e-34,-0.766042319211018,0.361,0.047,2.13090922330299e-30
"AT1G70580",1.04474534601882e-34,-0.626279429457884,0.311,0.023,2.14622036432646e-30
"AT3G04610",1.06477350986696e-34,0.665000861133953,0.296,0.017,2.1873642213197e-30
"AT1G51940",1.12116299264605e-34,0.962724182970416,0.288,0.013,2.30320513579278e-30
"AT4G14600",1.13687695905377e-34,3.24106027708757,0.269,0.004,2.33548633698416e-30
"AT1G11720",1.16241824032396e-34,-0.619549258872424,0.32,0.027,2.38795579109751e-30
"AT2G43350",1.21342377673781e-34,-1.47121148747118,0.466,0.097,2.49273646455249e-30
"AT4G02720",1.25599081857788e-34,-0.47762539910905,0.342,0.038,2.58018193860453e-30
"AT2G07050",1.26251763995916e-34,3.44643829551331,0.264,0.002,2.59358998776811e-30
"AT1G47970",1.28218940452028e-34,2.03686101039908,0.273,0.006,2.634001693706e-30
"AT5G24670",1.28522246817536e-34,0.387211766258606,0.31,0.023,2.64023251637263e-30
"AT5G66900",1.34073547496524e-34,-1.09834547025679,0.369,0.051,2.75427288622109e-30
"AT3G60290",1.37244611746346e-34,6.02884951155822,0.259,0,2.81941605910518e-30
"AT4G24090",1.3724464067609e-34,5.60334737342945,0.259,0,2.81941665340892e-30
"AT1G08580",1.42457140649357e-34,2.18868819032832,0.268,0.004,2.92649704035975e-30
"AT2G47730",1.47754416077819e-34,-0.77456158846867,0.997,0.956,3.03531896948664e-30
"AT4G33090",1.51238028542768e-34,-0.627384387301713,0.328,0.032,3.10688282035407e-30
"AT4G00520",1.57699581758508e-34,2.37127226658114,0.263,0.002,3.23962250806504e-30
"AT1G08660",1.75111155535065e-34,0.555618926181025,0.287,0.013,3.59730846815683e-30
"AT1G68060",1.83752521757918e-34,1.58407010106907,0.272,0.006,3.77482805447291e-30
"AT3G51670",1.88142800383042e-34,-0.394601312338494,0.326,0.032,3.86501754826883e-30
"AT1G51950",1.88685428276062e-34,0.544129102648315,0.29,0.015,3.87616475307513e-30
"AT3G28370",1.91177306249987e-34,2.92986536702137,0.266,0.004,3.92735540229349e-30
"AT1G50640",1.91602461398378e-34,-1.08802690888123,0.371,0.053,3.93608936450688e-30
"AT4G34260",1.9225713815912e-34,-0.770065237845283,0.354,0.044,3.94953838920281e-30
"AT3G56070",1.95812910539263e-34,1.40359660544881,0.272,0.006,4.02258462120807e-30
"AT2G23560",1.966368289801e-34,4.00066476059733,0.263,0.002,4.03951037773819e-30
"AT5G04410",1.96772029201045e-34,0.296169861498125,0.313,0.025,4.04228779587708e-30
"AT5G62000",2.0157934214803e-34,0.270219050441799,0.312,0.025,4.14104442574699e-30
"AT5G61970",2.03646566059049e-34,1.35958757510251,0.28,0.011,4.18351140655105e-30
"AT5G62530",2.18289176570157e-34,0.796665842378776,0.286,0.013,4.48431455428073e-30
"AT1G72645",2.21163061151157e-34,1.83169509660377,0.267,0.004,4.54335276522822e-30
"AT5G62740",2.2343262013269e-34,-0.772848683983306,0.331,0.034,4.58997631538586e-30
"AT2G34620",2.23876426522667e-34,1.40772173387449,0.267,0.004,4.59909343005515e-30
"AT1G09530",2.2513641462399e-34,0.537796411097849,0.276,0.008,4.62497736562064e-30
"AT1G19110",2.31529044283912e-34,-0.95317844649379,0.345,0.04,4.75630115672441e-30
"AT2G30250",2.3153770823171e-34,-1.20693247084575,0.469,0.099,4.75647914020402e-30
"AT1G07950",2.33286035721269e-34,2.15752635165848,0.271,0.006,4.79239503182203e-30
"AT2G40085",2.45890925938458e-34,1.80456585233805,0.262,0.002,5.05133729155374e-30
"AT1G56090",2.50237319059724e-34,0.963545766778829,0.28,0.011,5.14062524544391e-30
"AT3G24500",2.59382821302775e-34,0.456355787314246,0.392,0.066,5.3285012980229e-30
"AT5G18400",2.60924887714139e-34,-0.817429082561439,0.888,0.285,5.36017996831156e-30
"AT4G24520",2.64447270925413e-34,-1.58705362063684,0.587,0.154,5.43254028662076e-30
"AT1G29530",2.67160729299869e-34,1.38443887045237,0.27,0.006,5.48828286200721e-30
"AT1G51100",2.6718380241775e-34,5.72740262294258,0.257,0,5.48875685306784e-30
"AT3G44590",2.70051130009952e-34,0.690610242643233,0.285,0.013,5.54766036379445e-30
"AT1G14340",2.80208022100535e-34,1.26013342031525,0.276,0.008,5.75631339801129e-30
"AT2G18630",3.06319037287275e-34,-0.321223933496031,0.334,0.036,6.29271198299249e-30
"AT4G19150",3.09752963085637e-34,2.25359817289414,0.285,0.013,6.36325512066825e-30
"AT1G08370",3.22147551131586e-34,-0.390429568017431,0.294,0.017,6.61787714289617e-30
"AT3G43230",3.38262548581425e-34,-0.596674942703085,0.339,0.038,6.94892753550822e-30
"AT1G02330",3.41202516049061e-34,1.23020186943494,0.297,0.019,7.00932328719586e-30
"AT5G41100",3.50822871115143e-34,-1.11509770058172,0.392,0.063,7.20695424131839e-30
"AT5G46210",3.64463257931071e-34,-0.89691178783573,0.373,0.055,7.487168707678e-30
"AT2G17660",3.70513370232445e-34,2.05882302728485,0.324,0.034,7.61145616468512e-30
"AT1G68830",3.73131861638516e-34,-1.15425525566613,0.352,0.044,7.66524783364004e-30
"AT5G58020",3.88384593114819e-34,-0.747961864466483,0.369,0.053,7.97858469635774e-30
"AT5G21070",3.89525270102276e-34,-0.280153875271758,0.316,0.027,8.00201762371105e-30
"AT2G14610",3.96139946004168e-34,-6.70701142624612,0.081,0.271,8.13790291076363e-30
"AT5G03430",4.14165725594509e-34,0.374306724491821,0.292,0.017,8.508206500888e-30
"AT5G49100",4.16131958934075e-34,5.75802657346328,0.256,0,8.54859883238269e-30
"AT1G66130",4.34687318805224e-34,1.67661033116069,0.265,0.004,8.92978159021571e-30
"AT2G23080",4.36931181432723e-34,0.904279026925426,0.283,0.013,8.97587726017242e-30
"AT5G50370",4.37707549527836e-34,0.573451164848579,0.275,0.008,8.99182618995034e-30
"AT1G10370",4.50963438884562e-34,-2.08000359202327,0.838,0.687,9.26414192500556e-30
"AT3G55960",4.61852133633387e-34,-1.59583253809286,0.565,0.146,9.48782838123068e-30
"AT2G01570",4.77997568766093e-34,2.34743691794707,0.26,0.002,9.81950405516185e-30
"AT2G15240",5.08613599002699e-34,-0.318716775458287,0.32,0.03,1.04484491643124e-29
"AT5G53330",5.25506551822807e-34,-0.33804590709037,0.297,0.019,1.07954810940959e-29
"AT5G08400",5.43164736797717e-34,1.57225745944555,0.265,0.004,1.11582331880355e-29
"AT3G19850",5.46067347425154e-34,0.993414203112389,0.274,0.008,1.12178615181549e-29
"AT2G14835",6.00672718950544e-34,0.308740946555043,0.292,0.017,1.2339619665401e-29
"AT2G36000",6.09227295665419e-34,0.980508601139327,0.269,0.006,1.25153563348547e-29
"AT2G02960",6.10188035576211e-34,-0.880224718743319,0.377,0.057,1.25350928148421e-29
"AT1G77420",6.37213906736652e-34,0.54156008663411,0.291,0.017,1.30902852860911e-29
"AT5G47620",6.68495413100393e-34,0.604086028079534,0.282,0.013,1.37329012713214e-29
"AT1G77450",7.32180689205133e-34,-0.860338101722403,0.586,0.159,1.50411878983411e-29
"AT4G03510",8.08109839976129e-34,0.559590675040381,0.296,0.019,1.66010004426296e-29
"AT5G61270",8.48097742378103e-34,1.71993262283155,0.273,0.008,1.74224719216734e-29
"AT3G20920",9.0362984410188e-34,-0.824745113376153,0.35,0.044,1.85632678873849e-29
"AT3G50950",9.19949166189424e-34,-0.707059581927267,0.884,0.29,1.88985157210293e-29
"AT4G39570",9.34272939604096e-34,0.702475859266061,0.277,0.011,1.91927689982869e-29
"AT5G35680",9.45396624826477e-34,-0.875804654155239,0.367,0.053,1.94212828638103e-29
"AT5G51840",9.49281840552648e-34,-0.262380477037987,0.305,0.023,1.9501096850473e-29
"AT4G33460",1.00689084662501e-33,5.67171309926364,0.253,0,2.06845586622176e-29
"AT1G59750",1.02105457520409e-33,0.982638331670608,0.282,0.013,2.09755241384175e-29
"AT3G25400",1.03393422593206e-33,1.1231062063164,0.272,0.008,2.12401108033223e-29
"AT1G77750",1.04169355563136e-33,1.98330163501559,0.272,0.008,2.1399510713335e-29
"AT5G62880",1.05738605504619e-33,1.48646719876084,0.272,0.008,2.17218817288139e-29
"AT1G50575",1.1562792087191e-33,3.57267828027742,0.258,0.002,2.37534437847165e-29
"AT3G07560",1.17180551779619e-33,-0.99776922894712,0.468,0.101,2.4072400752087e-29
"AT1G66890",1.17416964162549e-33,1.71279087726785,0.267,0.006,2.41209669479124e-29
"AT5G17070",1.17537359080937e-33,-0.298641008039517,0.304,0.023,2.41456996759968e-29
"AT1G35430",1.18621719542921e-33,0.8993738199833,0.289,0.017,2.43684598457024e-29
"AT5G53450",1.30011074435263e-33,0.575836716122509,0.303,0.023,2.6708175021236e-29
"AT5G61810",1.31018850532934e-33,0.899805153876263,0.271,0.008,2.69152024649807e-29
"AT5G64650",1.36526282621212e-33,2.11375898737626,0.261,0.004,2.80465942388757e-29
"AT4G24470",1.3903685254211e-33,1.0766567733415,0.285,0.015,2.85623406177256e-29
"AT1G02880",1.48428023287841e-33,-0.543314289297053,0.33,0.036,3.04915688240211e-29
"AT4G33110",1.53823282018217e-33,3.78147090023864,0.261,0.004,3.15999168250024e-29
"AT1G07930",1.54612364478699e-33,-1.383289928698,0.392,0.066,3.17620180348592e-29
"AT4G28300",1.72455832736402e-33,-0.990017507453027,0.352,0.047,3.54276017190391e-29
"AT1G71310",1.79338244736743e-33,3.91731147117414,0.256,0.002,3.6841455616269e-29
"AT3G46980",1.91219754416016e-33,0.424829722854361,0.288,0.017,3.92822741496821e-29
"AT3G52210",1.94914855425633e-33,5.63609046020614,0.251,0,4.00413587500877e-29
"AT1G10522",1.96520967768149e-33,5.14640451800322,0.256,0.002,4.03713024086109e-29
"AT2G05940",2.12107045490636e-33,-1.36425933828768,0.489,0.112,4.35731503551415e-29
"AT5G15930",2.37849634159308e-33,1.42396382334147,0.279,0.013,4.88614503453466e-29
"AT5G56340",2.42587861294349e-33,-0.523570012385829,0.345,0.044,4.98348243456981e-29
"AT1G30210",2.42820371533895e-33,5.66727051996441,0.251,0,4.98825889242081e-29
"AT5G11910",2.47480633666171e-33,0.74214403546982,0.279,0.013,5.08399465740416e-29
"AT5G05710",2.55339357755001e-33,1.24057965192328,0.27,0.008,5.24543642636099e-29
"AT4G10750",3.55721645340216e-33,0.603674470004008,0.264,0.006,7.30758976022405e-29
"AT5G44730",3.9599360874069e-33,1.16583985421654,0.268,0.008,8.13489670436e-29
"AT3G60590",4.00426211559887e-33,-1.04749013362422,0.341,0.042,8.22595566407477e-29
"AT4G28590",4.14982799767149e-33,2.14801690362938,0.267,0.008,8.52499165561654e-29
"AT4G18240",4.16265029145239e-33,0.379262736483649,0.282,0.015,8.55133249373064e-29
"AT4G16370",4.26148969448932e-33,-0.533495718420627,0.318,0.032,8.7543782793894e-29
"AT2G20740",4.38151475327317e-33,-1.60677488523519,0.515,0.125,9.00094575764907e-29
"AT1G24330",4.67313592810706e-33,0.265828286205332,0.309,0.027,9.60002313711034e-29
"AT5G61130",4.71449616719232e-33,1.09561570467001,0.268,0.008,9.68498947626319e-29
"AT1G74090",4.90759756866241e-33,1.21677725073299,0.258,0.004,1.00816776853032e-28
"AT5G16800",5.0022240411502e-33,-0.940036736783596,0.367,0.055,1.02760688477349e-28
"AT5G52310",5.27405382534137e-33,0.656152336300662,0.367,0.057,1.08344887733988e-28
"AT3G20550",5.51387184015591e-33,1.10588435398088,0.263,0.006,1.13271469212323e-28
"AT5G23395",5.59206930510184e-33,0.994761284736605,0.276,0.013,1.14877879734707e-28
"AT5G14440",5.90822183554703e-33,1.35880416545252,0.276,0.013,1.21372601167643e-28
"AT2G38210",6.13613361494109e-33,0.66859520960119,0.267,0.008,1.26054592851735e-28
"AT3G53180",6.73040142437732e-33,-1.50428301188586,0.431,0.087,1.38262636460983e-28
"AT5G51980",7.04501330218166e-33,0.94676582574579,0.288,0.019,1.44725708266718e-28
"AT5G19180",7.38336194427202e-33,0.353454347334711,0.276,0.013,1.5167640442118e-28
"AT3G03010",7.423775451566e-33,0.514963226243377,0.275,0.013,1.5250661910152e-28
"AT2G39190",7.52515002391272e-33,-1.05274511935283,0.36,0.053,1.54589156941239e-28
"AT2G04540",7.60274042015708e-33,1.03428850236169,0.257,0.004,1.56183096451287e-28
"AT2G10950",7.87836022451971e-33,1.67093184637771,0.275,0.013,1.61845154092308e-28
"AT1G70800",7.97228359316927e-33,1.86761108488427,0.27,0.011,1.63774621854476e-28
"AT5G55120",8.28564498393712e-33,1.1156198265358,0.271,0.011,1.7021200490502e-28
"AT4G26610",8.40881148038499e-33,0.846408747224394,0.271,0.011,1.72742214241549e-28
"AT4G22755",8.97751561707218e-33,-0.463122858076603,0.334,0.04,1.84425103321514e-28
"AT2G29550",9.5003222378734e-33,0.740129651748713,0.266,0.008,1.95165119732633e-28
"AT5G26667",9.68317980065905e-33,-0.956467603599435,0.352,0.049,1.98921562644939e-28
"AT1G72880",1.01051835820453e-32,1.05136387775234,0.265,0.008,2.07590786325957e-28
"AT3G07270",1.03710497526671e-32,3.27247941883762,0.251,0.002,2.13052475069041e-28
"AT5G03420",1.06242485964736e-32,1.30756290892848,0.261,0.006,2.18253938917357e-28
"AT4G19110",1.11361696057303e-32,-1.50584571941524,0.447,0.095,2.28770332210518e-28
"AT3G01310",1.13390435462002e-32,0.443596932732718,0.275,0.013,2.32937971569591e-28
"AT5G64310",1.13535151895029e-32,-1.00857599113511,0.983,0.833,2.33235262537959e-28
"AT4G11420",1.14118960048048e-32,-0.363202233665792,0.307,0.027,2.34434579626705e-28
"AT1G21760",1.17474526280163e-32,2.06854117154722,0.265,0.008,2.41327919337338e-28
"AT5G19680",1.27178418924218e-32,2.16572863981576,0.264,0.008,2.61262625996021e-28
"AT2G22790",1.32149272706516e-32,1.12037246165468,0.26,0.006,2.71474250920996e-28
"AT5G58070",1.35348507572825e-32,0.343924351085955,0.981,0.419,2.78046439106855e-28
"AT5G52420",1.42233738877665e-32,0.714138175554085,0.274,0.013,2.92190769776387e-28
"AT1G52710",1.43959452391819e-32,3.38712357125996,0.255,0.004,2.95735903048514e-28
"AT2G34640",1.46368232469597e-32,1.0117066901234,0.255,0.004,3.00684259962293e-28
"AT5G61210",1.4836171300925e-32,-0.974587686878993,0.888,0.292,3.04779467034902e-28
"AT1G76940",1.49557573608754e-32,2.24861671686768,0.263,0.008,3.07236123464463e-28
"AT1G45170",1.56593390979367e-32,4.16522042649014,0.254,0.004,3.21689803088913e-28
"AT4G16155",1.59075636740924e-32,1.23981103530164,0.263,0.008,3.2678908055688e-28
"AT4G10330",1.60553714236562e-32,0.441284746734561,0.287,0.019,3.2982549515617e-28
"AT3G13490",1.60679496846745e-32,-0.349888745258264,0.297,0.023,3.30083890372268e-28
"AT1G20200",1.7214367821424e-32,1.91064086668869,0.258,0.006,3.53634758155513e-28
"AT1G13190",1.72163031091784e-32,-0.79679134906203,0.344,0.047,3.53674514771851e-28
"AT1G60230",1.82008880995489e-32,1.34850516055758,0.255,0.004,3.73900844229034e-28
"AT2G44680",1.82008899121696e-32,1.98831786611698,0.255,0.004,3.739008814657e-28
"AT4G01395",1.93430035109119e-32,-0.717396790148905,0.34,0.044,3.97363321124663e-28
"AT3G57190",1.95566346145904e-32,1.79636639991525,0.253,0.004,4.01751944887532e-28
"AT5G09315",1.99478871184979e-32,1.92999775751224,0.25,0.002,4.09789445075301e-28
"AT2G27330",2.21837694794062e-32,0.837750627035754,0.263,0.008,4.55721176415441e-28
"AT3G44630",2.25761459737161e-32,-0.677023149878966,0.308,0.03,4.63781766738051e-28
"AT2G40830",2.2628132103524e-32,1.54694294086083,0.254,0.004,4.64849717802693e-28
"AT5G36890",2.27163785361811e-32,0.439183237282458,0.263,0.008,4.66662564268769e-28
"AT3G23940",2.34912776778915e-32,1.59782242245057,0.277,0.015,4.82581317336925e-28
"AT3G27340",2.47725026832996e-32,0.453675862787881,0.268,0.011,5.08901522623023e-28
"AT5G05950",2.54313472101308e-32,-0.395286549047793,0.322,0.036,5.22436165737717e-28
"AT3G08590",2.59889745878367e-32,1.16627192849691,0.276,0.015,5.33891504957929e-28
"AT4G36220",2.77023526736697e-32,-5.73876157084456,0.082,0.264,5.69089430975196e-28
"AT2G31090",3.02371559539354e-32,-1.44208501586225,0.522,0.131,6.21161894761694e-28
"AT4G35550",3.1566804610405e-32,1.43394974554438,0.258,0.006,6.4847686711155e-28
"AT2G20880",3.25297586940473e-32,-0.326870624323341,0.366,0.057,6.68258832851813e-28
"AT2G01930",3.26013407566372e-32,-0.824367965890211,0.388,0.068,6.69729343163597e-28
"AT4G20410",3.31008791723087e-32,-0.546181035569928,0.317,0.034,6.79991360836737e-28
"AT2G23610",3.35331768362415e-32,0.641094553246037,0.271,0.013,6.88872051746909e-28
"AT1G60190",3.38659692919059e-32,3.09144593683757,0.253,0.004,6.95708607163622e-28
"AT3G52420",3.45161583880148e-32,0.81170862456449,0.262,0.008,7.09065441764988e-28
"AT5G30490",3.4879988178695e-32,-0.36371091331703,0.308,0.03,7.16539597154932e-28
"AT1G07250",3.50311568262295e-32,0.700211893391147,0.262,0.008,7.19645054681233e-28
"AT5G59820",3.53256620641816e-32,0.638091548200434,0.995,0.759,7.25695075784482e-28
"AT4G33580",3.56048627358709e-32,0.619807853861602,0.27,0.013,7.31430695182995e-28
"AT1G02120",3.66693362543862e-32,-0.565180577102535,0.321,0.036,7.53298174673857e-28
"AT1G17510",3.68885108275388e-32,1.26469362008019,0.261,0.008,7.5780067793013e-28
"AT1G79720",3.89320053772722e-32,1.38735587922613,0.257,0.006,7.99780186465303e-28
"AT1G48140",4.33493576443513e-32,-1.16847577614032,0.396,0.072,8.90525854087909e-28
"AT1G14720",4.54653075047055e-32,-1.13821172870863,0.413,0.08,9.33993812069166e-28
"AT1G32130",4.67002578800525e-32,-1.52811532980947,0.493,0.118,9.59363397629918e-28
"AT2G20585",4.68040007462092e-32,1.48657931106826,0.256,0.006,9.61494587329376e-28
"AT1G12530",4.85099971418352e-32,2.44613506553222,0.256,0.006,9.96540871284719e-28
"AT5G59510",5.02086347918354e-32,0.566604804775644,0.31,0.032,1.03143598452867e-27
"AT4G16510",5.02668079541348e-32,2.33806519686524,0.251,0.004,1.03263103580179e-27
"AT1G22790",5.3948305467549e-32,2.14381756910704,0.251,0.004,1.10826003921986e-27
"B ALPHA",5.46157725488535e-32,0.264792336395463,0.279,0.017,1.1219718154711e-27
"AT1G33680",5.766581177978e-32,1.55050691875886,0.26,0.008,1.18462877139202e-27
"AT4G32800",6.02517819092548e-32,2.04457857568827,0.256,0.006,1.23775235576182e-27
"AT1G10940",6.29946466767359e-32,-0.581876066212597,0.345,0.049,1.29409902668019e-27
"AT4G36660",6.37963826570508e-32,0.4111326235359,0.274,0.015,1.31056908892379e-27
"AT2G01320",6.58338154121948e-32,-0.847109973043034,0.337,0.044,1.35242407001272e-27
"AT5G39730",6.62790666158499e-32,-0.481740697045238,0.315,0.034,1.3615708654894e-27
"AT5G59460",6.7167035914997e-32,0.759432058162985,0.268,0.013,1.37981241880178e-27
"AT1G35140",6.78304128074243e-32,-0.704390962737856,0.597,0.173,1.39344017030292e-27
"AT1G26270",6.81686459939177e-32,-0.436086278743254,0.31,0.032,1.40038849465305e-27
"AT3G51100",7.883030636462e-32,0.905041820768626,0.283,0.019,1.61941098364839e-27
"AT1G67530",7.883072932813e-32,-0.692117345242731,0.337,0.044,1.61941967258778e-27
"AT4G17420",7.94446600510662e-32,2.63255256930468,0.254,0.006,1.63203165142905e-27
"AT4G21160",7.98092676540905e-32,-0.591800864404264,0.301,0.027,1.63952178541798e-27
"AT1G54770",8.07722990452212e-32,-0.319422464799025,0.269,0.013,1.65930533928598e-27
"AT5G66550",8.30718991213018e-32,2.37057561744809,0.25,0.004,1.7065460236489e-27
"AT1G28250",8.38271558472078e-32,-0.274892284806397,0.308,0.032,1.72206126256919e-27
"AT3G63500",8.53714905107133e-32,-1.28435545449115,0.389,0.07,1.75378652956158e-27
"AT1G07135",8.97535054832769e-32,-0.947687647980912,0.991,0.865,1.84380626314296e-27
"AT1G43580",9.10575113854911e-32,0.912945439974756,0.264,0.011,1.87059445639214e-27
"AT2G02080",9.90844882687098e-32,1.66080368629797,0.268,0.013,2.03549264250411e-27
"AT1G69340",1.01507482413076e-31,0.468240305281851,0.281,0.019,2.08526821121182e-27
"AT1G47128",1.04956346638788e-31,-1.93574495590088,0.988,0.691,2.15611822900063e-27
"AT1G72090",1.07602585136529e-31,0.275916503485925,0.273,0.015,2.21047990645971e-27
"AT5G26040",1.12957630402884e-31,-0.641202666576716,0.322,0.038,2.32048860136645e-27
"AT1G22770",1.13760824488533e-31,0.790701350930659,0.271,0.015,2.33698861746793e-27
"AT3G01200",1.25917013085735e-31,-0.426345441875743,0.304,0.03,2.58671319982026e-27
"AT5G59400",1.28592435322545e-31,0.88998653956153,0.258,0.008,2.64167439883104e-27
"AT5G06260",1.28592484388744e-31,0.998133060510245,0.258,0.008,2.64167540679797e-27
"AT4G14110",1.31773925993654e-31,-0.31447689619195,0.317,0.036,2.70703176168763e-27
"AT3G63400",1.35458347948079e-31,-0.341144335950074,0.299,0.027,2.78272084189739e-27
"AT3G25040",1.40605634204557e-31,-1.01626705364552,0.374,0.063,2.88846154346422e-27
"AT5G51430",1.41256635511038e-31,1.24575321428656,0.263,0.011,2.90183506330326e-27
"AT3G09850",1.46903472049491e-31,-0.378385249532442,0.293,0.025,3.01783802631269e-27
"AT2G31670",1.59559013999858e-31,0.817753850264297,0.258,0.008,3.27782082459908e-27
"AT1G30690",1.64418595855312e-31,0.466780552860154,0.276,0.017,3.37765121465567e-27
"AT5G08790",1.75705226515696e-31,-0.935174536446304,0.987,0.833,3.60951246831194e-27
"AT1G49590",1.77626015730781e-31,-0.262718549308744,0.276,0.017,3.64897124115744e-27
"AT3G20290",1.80417029702739e-31,-0.420198878178037,0.294,0.025,3.70630704118338e-27
"AT2G19350",1.88957598335874e-31,-0.614113880184665,0.298,0.027,3.88175594261386e-27
"AT3G22370",1.94912026228925e-31,-1.49933995585598,0.726,0.224,4.00407775482081e-27
"AT1G55520",1.96778407776345e-31,0.840385627014615,0.257,0.008,4.04241883094945e-27
"AT2G15695",2.06770012205177e-31,0.304348693962859,0.271,0.015,4.24767636073095e-27
"AT5G53620",2.09206518825303e-31,1.41960080790498,0.256,0.008,4.29772951622819e-27
"AT1G08125",2.17350269446155e-31,1.33677710359107,0.261,0.011,4.46502658523236e-27
"AT5G04810",2.17668151951769e-31,0.636943672565722,0.261,0.011,4.47155684554519e-27
"AT5G22040",2.21238940595968e-31,1.19578056185614,0.252,0.006,4.54491155666297e-27
"AT3G01590",2.22413731048312e-31,0.594651549983812,0.275,0.017,4.56904527692548e-27
"AT4G02880",2.26507919418587e-31,-0.858078175529598,0.346,0.051,4.65315218861603e-27
"AT3G17800",2.2846447322874e-31,-0.52087949247533,0.928,0.321,4.69334567353801e-27
"AT5G67190",2.36902923647926e-31,0.360808107600582,0.287,0.023,4.86669676049934e-27
"AT1G22985",2.39342296635673e-31,-0.676591215435979,0.315,0.036,4.91680879978663e-27
"AT5G22050",2.45146239814378e-31,0.880214947318261,0.256,0.008,5.03603920450677e-27
"AT4G34200",2.50549651692738e-31,0.538337862901615,0.269,0.015,5.14704149472392e-27
"AT1G71170",2.53405837019223e-31,0.258866020248189,0.27,0.015,5.20571610988591e-27
"AT5G47070",2.58517435596248e-31,-1.05961380417649,0.443,0.097,5.31072367945373e-27
"AT5G66070",2.65049574702668e-31,-3.09622031070838,0.818,0.645,5.44491341311691e-27
"AT4G35410",2.69148478487152e-31,0.758574886037655,0.251,0.006,5.52911719356155e-27
"AT4G12420",2.69526349775861e-31,0.682749546535513,0.261,0.011,5.53687980344552e-27
"AT5G63880",2.79651909993805e-31,-1.04719899514367,0.359,0.057,5.74488918700274e-27
"AT5G23330",2.91677455836367e-31,1.38485067555951,0.265,0.013,5.99192997524648e-27
"AT4G14100",2.95990549684678e-31,-0.473781393724015,0.302,0.03,6.08053386217234e-27
"AT1G79830",3.03539840368299e-31,-1.15703912174649,0.355,0.055,6.23561894068596e-27
"AT4G29780",3.0577086466921e-31,-0.608468311670058,0.933,0.321,6.28145087289958e-27
"AT5G28540",3.1027880753875e-31,-6.71116552840209,0.11,0.298,6.37405754326854e-27
"AT3G46460",3.36746112665129e-31,0.439073998653269,0.274,0.017,6.91777539247975e-27
"AT3G20600",3.52221351349985e-31,-0.988871662015774,0.367,0.061,7.23568322078273e-27
"AT4G26160",3.53736712848971e-31,0.367517486410482,0.259,0.011,7.2668132920564e-27
"AT4G32910",3.74676748699025e-31,1.26482867778212,0.255,0.008,7.69698444852407e-27
"AT4G32240",3.93737492324584e-31,2.23636166010636,0.254,0.008,8.08854930482392e-27
"AT1G56050",4.04319972277182e-31,0.986945609549622,0.254,0.008,8.30594519049014e-27
"AT1G24040",4.09397480449158e-31,0.909118931406943,0.26,0.011,8.41025244086705e-27
"AT5G49540",4.54057500425263e-31,-0.825529008531825,0.345,0.051,9.32770323123617e-27
"AT3G26080",4.85381632023929e-31,-0.575647761270806,0.309,0.034,9.97119486666757e-27
"AT4G34660",4.88524611777259e-31,-0.289895078321954,0.268,0.015,1.00357610997402e-26
"AT3G14350",4.91330621531057e-31,-0.596517978204515,0.309,0.034,1.00934049581125e-26
"AT3G01370",5.20455938979741e-31,-0.30930017142419,0.273,0.017,1.06917263544608e-26
"AT3G61070",5.55162720538242e-31,0.482167647099379,0.276,0.019,1.14047077680171e-26
"AT5G58950",5.56593967582432e-31,-1.23567128834912,0.335,0.047,1.14341098760459e-26
"AT1G78700",5.76406757408272e-31,0.909078466662759,0.254,0.008,1.18411240174381e-26
"AT1G05100",5.76459528866027e-31,-0.822909276765184,0.529,0.142,1.18422081014948e-26
"AT5G09240",5.7895346507928e-31,0.618984060559917,0.254,0.008,1.18934410331236e-26
"AT2G20390",5.7980482904859e-31,0.50355678875343,0.254,0.008,1.19109306031452e-26
"AT2G24360",5.88170130456452e-31,-0.728425396231426,0.307,0.034,1.20827789899669e-26
"AT3G47590",5.99948918228057e-31,0.651572423348826,0.268,0.015,1.2324750627159e-26
"ATCG00420",6.14330554635754e-31,-1.77580806138514,0.992,0.7,1.26201925838823e-26
"AT1G04080",6.1784520056825e-31,-0.683288731987227,0.316,0.038,1.26923939552736e-26
"AT4G28540",6.19552036025972e-31,1.48030629540361,0.258,0.011,1.27274574760815e-26
"AT3G24350",6.61333599974267e-31,-0.293683927658042,0.289,0.025,1.35857761442714e-26
"AT5G46390",6.91599740286893e-31,-0.569793931198372,0.276,0.019,1.42075334647136e-26
"LRR XI-23",6.92014208219227e-31,-4.58074410767403,0.414,0.518,1.42160478794476e-26
"AT4G29510",7.17341232522177e-31,0.776584427601396,0.253,0.008,1.47363409397031e-26
"AT1G02960",7.686199877826e-31,1.03626212696674,0.258,0.011,1.57897604090179e-26
"AT3G11780",8.47066767132901e-31,-1.37565417484846,0.838,0.271,1.74012925972112e-26
"AT1G20310",8.84499117299821e-31,1.19068197910589,0.265,0.015,1.81702653666902e-26
"BCDH BETA1",8.84722214399241e-31,0.792708427767203,0.253,0.008,1.81748484504036e-26
"AT4G00490",9.03536761935499e-31,-0.363433726362967,0.28,0.021,1.8561355700441e-26
"AT2G44140",1.01541638530116e-30,0.464384440791905,0.275,0.019,2.08596988032418e-26
"AT1G59600",1.03329803600571e-30,0.924972165277799,0.252,0.008,2.12270415536654e-26
"AT2G19130",1.04171305342402e-30,-5.59031493461433,0.076,0.252,2.13999112564897e-26
"ATCG00300",1.04257960768305e-30,-2.32809586522235,0.966,0.683,2.14177128806329e-26
"AT1G28190",1.09678253469555e-30,-1.57346765661311,0.607,0.175,2.25312036102506e-26
"AT1G47740",1.10220109782056e-30,0.516413846106145,0.252,0.008,2.26425171525279e-26
"AT3G25480",1.10220120168012e-30,0.755317674505725,0.252,0.008,2.26425192861146e-26
"AT3G04730",1.1118155767554e-30,-1.59600244371939,0.74,0.233,2.28400273932862e-26
"AT2G22300",1.179246974081e-30,-0.684759614185889,0.284,0.023,2.42252705885461e-26
"AT4G25030",1.18733893938257e-30,-1.59711528357848,0.597,0.171,2.4391503831736e-26
"AT4G39280",1.20620009689968e-30,0.422248135777579,0.265,0.015,2.47789685906102e-26
"AT3G03250",1.3037344645031e-30,0.550264068656323,0.261,0.013,2.67826171042873e-26
"AT3G60130",1.32306089754997e-30,-1.39675195499502,0.416,0.087,2.71796400183691e-26
"AT5G10690",1.36482385333468e-30,0.317855439402979,0.251,0.008,2.80375764190544e-26
"AT1G12390",1.45813259327935e-30,-0.53169554008808,0.283,0.023,2.99544178637377e-26
"AT3G24190",1.68947671257747e-30,0.955445806160505,0.269,0.017,3.4706920106479e-26
"AT1G70180",1.68967695083711e-30,0.94820194970459,0.251,0.008,3.47110336010468e-26
"AT2G46470",1.68967710966279e-30,0.556830984173339,0.251,0.008,3.47110368638026e-26
"AT5G01830",1.81435209012524e-30,-1.21165420423414,0.393,0.076,3.72722349874429e-26
"AT1G76300",1.96015829429069e-30,1.09289997312098,0.254,0.011,4.02675318396136e-26
"AT3G52040",1.97016493628164e-30,1.97316996044094,0.254,0.011,4.04730982860338e-26
"AT1G54320",1.98550683086634e-30,-1.73216433307592,0.529,0.142,4.07882668264873e-26
"AT5G05800",2.09142570352423e-30,1.42095317953352,0.25,0.008,4.29641582274982e-26
"AT3G15500",2.10092290021298e-30,-0.569568214003963,0.521,0.142,4.31592591390752e-26
"ATCG00530",2.10697305652422e-30,-1.57430411036004,0.802,0.258,4.32835475001771e-26
"AT1G63900",2.1130136202964e-30,-0.557216263320637,0.299,0.032,4.34076388017489e-26
"AT5G24400",2.11683431753195e-30,-0.590080722698803,0.278,0.021,4.34861273850588e-26
"AT2G44130",2.15457703467306e-30,0.354850216845025,0.334,0.049,4.42614760232886e-26
"AT3G06350",2.20119124606508e-30,-0.458731055109913,0.291,0.027,4.52190717679149e-26
"AT1G04000",2.2310386619217e-30,0.311471703665691,0.263,0.015,4.58322272318576e-26
"AT5G06660",2.2579429412876e-30,-1.10040128342865,0.352,0.057,4.63849218428711e-26
"AT3G43740",2.25945613924e-30,-0.741973409175098,0.321,0.042,4.64160074684073e-26
"AT4G30440",2.50776247204478e-30,-1.17867587348982,0.84,0.275,5.1516964463216e-26
"AT5G64670",2.55057210277535e-30,2.21292102888077,0.25,0.008,5.2396402707314e-26
"AT2G43180",2.68454340161241e-30,0.250232146738163,0.263,0.015,5.51485750993237e-26
"AT1G15250",2.89734352579968e-30,1.1632595622572,0.253,0.011,5.95201280505028e-26
"AT1G78850",2.90021431102172e-30,-3.67790190089576,0.467,0.541,5.95791025913191e-26
"AT2G28740",2.94953883068506e-30,0.452405875027311,0.284,0.025,6.05923761987632e-26
"AT2G31560",3.07450187974192e-30,-0.657487353229061,0.365,0.063,6.31594921155383e-26
"AT1G74340",3.18200609972981e-30,-1.68391269873518,0.549,0.15,6.53679513067495e-26
"AT3G18790",3.28714190478893e-30,0.869800131077714,0.257,0.013,6.7527756150079e-26
"AT1G06570",3.29625500789954e-30,0.802160584028035,0.263,0.015,6.77149666272803e-26
"AT5G39590",3.44938447870826e-30,-1.27930180434366,0.365,0.063,7.08607053461038e-26
"AT1G03150",3.50189676342638e-30,0.36220407358095,0.253,0.011,7.19394652110681e-26
"AT1G19670",3.63804752377656e-30,1.38664582918145,0.28,0.023,7.47364102809418e-26
"AT2G42540",3.79168911736286e-30,1.52506414513172,0.934,0.467,7.78926695379852e-26
"AT5G14530",4.08804100756327e-30,0.35839481436168,0.256,0.013,8.39806264183723e-26
"AT5G61530",4.32572485340666e-30,-0.942896198865662,0.369,0.066,8.8863365663533e-26
"AT5G66410",4.39324759305272e-30,0.448740712733533,0.257,0.013,9.0250485304082e-26
"AT1G02660",4.62837946030541e-30,-1.44508075256124,0.545,0.15,9.5080799253054e-26
"AT3G50910",4.65486937453659e-30,-1.5292855623073,0.64,0.192,9.56249815611051e-26
"AT1G05805",4.79983133059296e-30,0.43260196557695,0.27,0.019,9.86029350243711e-26
"AT3G10030",5.40536304016708e-30,0.494990554528566,0.266,0.017,1.11042372934152e-25
"AT1G63700",5.46203741520935e-30,0.575585067616686,0.283,0.025,1.12206634620646e-25
"AT3G02300",5.835704449574e-30,0.635115081690484,0.256,0.013,1.19882876507599e-25
"AT2G25310",5.84618582254128e-30,-1.2852065030357,0.425,0.093,1.20098195352465e-25
"AT4G36420",6.58226741265839e-30,1.06082459247725,0.251,0.011,1.35219519458241e-25
"AT1G17490",6.89721913404765e-30,-0.606945443777022,0.27,0.019,1.41689572670741e-25
"AT5G18420",7.11367602427944e-30,0.798168431586576,0.25,0.011,1.46136246566772e-25
"AT5G21990",7.314052913595e-30,-0.644967487425339,0.305,0.036,1.50252589003982e-25
"AT5G47120",7.38844422330857e-30,-5.00203890654621,0.286,0.444,1.51780809679428e-25
"AT4G29130",7.71567263954558e-30,0.5058711861144,0.26,0.015,1.58503063034185e-25
"AT3G27080",7.75240526703935e-30,0.592461691694908,0.255,0.013,1.59257661400789e-25
"AT1G13880",7.75973888057726e-30,-0.550374053234275,0.26,0.015,1.59408315823699e-25
"AT3G50210",8.76008316617093e-30,-0.571197838059915,0.269,0.019,1.79958388482649e-25
"AT1G50570",9.17912889060038e-30,-0.67843611532548,0.305,0.036,1.88566844799604e-25
"AT4G15790",9.46140890469861e-30,1.4844871297984,0.25,0.011,1.94365723129224e-25
"AT1G09010",1.01413264348423e-29,0.392426497870632,0.25,0.011,2.08333268950964e-25
"AT5G17380",1.18566143558878e-29,-1.41372109679083,0.369,0.068,2.43570428713004e-25
"AT3G14010",1.18651808579797e-29,0.336524754463903,0.271,0.021,2.43746410365477e-25
"AT4G17500",1.27279409452414e-29,-0.93656074033084,0.813,0.275,2.61470090838094e-25
"AT1G14000",1.41816450101936e-29,-1.38120980943055,0.482,0.123,2.91333533444406e-25
"AT5G42950",1.51838757499369e-29,-1.28694348753477,0.385,0.076,3.11922359530954e-25
"AT3G09890",1.54803614690704e-29,0.717947416997169,0.253,0.013,3.18013065659112e-25
"AT5G48150",1.56403063881209e-29,-1.94981578106261,0.561,0.159,3.21298814131167e-25
"AT3G18950",1.80587895970189e-29,-0.890776724219637,0.73,0.239,3.70981714691559e-25
"AT3G55040",1.80777606442987e-29,-0.391255482436524,0.258,0.015,3.71371436915827e-25
"AT2G18030",1.89099536437158e-29,0.562080228028962,0.275,0.023,3.88467177702855e-25
"AT1G13210",2.10302506134943e-29,-5.25744088617075,0.209,0.387,4.32024438353013e-25
"AT3G55000",2.14759642641191e-29,0.474273390197399,0.257,0.015,4.41180733877799e-25
"AT4G28610",2.30665935386444e-29,0.312104440435682,0.251,0.013,4.73857031064372e-25
"AT4G11630",2.40058538281532e-29,0.636691682929502,0.252,0.013,4.93152255191752e-25
"AT3G27570",2.43348515360449e-29,-0.465560593647479,0.278,0.025,4.9991085510497e-25
"AT1G48850",2.68469147823404e-29,-1.2540851851907,0.359,0.063,5.51516170373618e-25
"AT5G19010",2.74288570443065e-29,0.569407630368017,0.251,0.013,5.63471010261188e-25
"AT1G15180",2.7855200328961e-29,-0.456350486049497,0.275,0.023,5.72229380357845e-25
"AT4G25640",2.88192872205576e-29,-1.29314061016528,0.454,0.11,5.92034617371914e-25
"AT1G76600",2.89060588687621e-29,0.511495297688624,0.989,0.687,5.93817167340979e-25
"AT2G35658",3.00135767511292e-29,-1.4630370037921,0.393,0.08,6.16568907198447e-25
"AT5G24300",3.11934494691052e-29,0.69102540403872,0.251,0.013,6.40807032443829e-25
"ATCG00070",3.17270057109957e-29,-1.41235302445417,0.692,0.218,6.51767878320985e-25
"AT5G16960",3.17316806828886e-29,-0.528275147418018,0.297,0.034,6.51863916268581e-25
"AT5G09740",3.46246376353018e-29,-0.415805518512859,0.268,0.021,7.11293930942004e-25
"AT4G11330",3.56889978736097e-29,-0.648775547679017,0.278,0.025,7.33159083317563e-25
"AT3G16840",3.92567626220882e-29,0.275167645822307,0.278,0.025,8.06451674545557e-25
"AT4G37680",4.28147571847998e-29,-1.28361174848415,0.413,0.091,8.79543556847342e-25
"AT5G48370",4.36675725392756e-29,-0.638503951116105,0.278,0.025,8.97062942674338e-25
"AT2G43020",4.77339675737333e-29,-0.719390645441489,0.29,0.032,9.80598895867204e-25
"AT5G05170",4.84207435793111e-29,-1.32805251366687,0.396,0.082,9.94707335349788e-25
"AT5G24470",5.11912277589164e-29,0.316637375492321,0.255,0.015,1.05162139185142e-24
"AT1G20575",7.2933261058872e-29,-0.770163616721304,0.29,0.032,1.49826798193241e-24
"AT1G08900",7.32835033759541e-29,-0.818492040956673,0.307,0.04,1.50546300985223e-24
"AT1G05890",7.39161820791202e-29,0.390907169915669,0.261,0.019,1.51846012845137e-24
"AT2G43210",8.24504752715702e-29,0.88981328947799,0.252,0.015,1.69378011350387e-24
"AT1G71950",8.56740435299813e-29,-0.450292722099127,0.96,0.351,1.76000187623641e-24
"AT4G22690",8.60537741751568e-29,-0.791675454006456,0.35,0.061,1.76780268288025e-24
"AT1G71710",9.41965233033467e-29,-0.951172111342791,0.314,0.044,1.93507917822065e-24
"AT3G51160",9.45003677425431e-29,-0.937486831544896,0.332,0.053,1.94132105453506e-24
"AT1G51710",9.60634065370007e-29,-0.251349552604127,0.271,0.023,1.9734305604896e-24
"AT5G55070",1.14679215315526e-28,-0.500993383275167,0.302,0.038,2.35585512022685e-24
"AT5G55640",1.1669388975089e-28,-0.493535474475788,0.279,0.027,2.39724257715252e-24
"AT5G59540",1.33010838524823e-28,-2.00242644663134,0.522,0.144,2.73244165581543e-24
"AT5G63910",1.40350606769134e-28,-0.280039732019929,0.265,0.021,2.88322251485832e-24
"AT2G03470",1.46374272837165e-28,-1.23326560746168,0.318,0.047,3.00696668689387e-24
"AT3G21865",1.47121460953438e-28,-1.43084209019614,0.483,0.127,3.02231617236648e-24
"ATCG00190",1.56368172890314e-28,-1.56501262946694,0.614,0.186,3.21227137568571e-24
"AT1G67970",1.69169156467648e-28,-0.553775933331936,0.318,0.047,3.4752419813149e-24
"AT1G64065",1.69517673855079e-28,-4.62509345978555,0.213,0.387,3.48240157400489e-24
"AT5G48620",1.71820598574537e-28,-0.462471277314052,0.265,0.021,3.52971055651672e-24
"AT5G20500",1.87122061393832e-28,-1.25375503827779,0.898,0.302,3.84404850721349e-24
"AT3G60250",1.94346249635701e-28,-0.55558704025378,0.268,0.023,3.9924550062662e-24
"AT3G55920",1.95412977683729e-28,-0.494473127303965,0.268,0.023,4.01436880055685e-24
"AT1G48410",2.01500364696742e-28,-0.899006549659227,0.287,0.032,4.13942199196516e-24
"AT4G18530",2.10173265477002e-28,-0.805293320582524,0.313,0.044,4.31758939269405e-24
"AT3G49720",2.20478986603771e-28,-1.59810676459593,0.534,0.15,4.52929982180126e-24
"AT1G74100",2.27805577190967e-28,0.727535545031192,0.255,0.017,4.67980997223403e-24
"AT1G29690",2.29339626156739e-28,-1.7395967190549,0.443,0.108,4.71132394013788e-24
"AT4G34710",2.31724097518938e-28,-1.18517970495552,0.45,0.112,4.76030813533154e-24
"AT1G09140",2.32761037806367e-28,-0.369070710893899,0.29,0.034,4.7816099996562e-24
"AT1G47380",2.36786637066004e-28,-1.40070411030216,0.342,0.059,4.86430788524692e-24
"AT1G17980",2.4195364460305e-28,-0.353283024839242,0.282,0.03,4.97045372108046e-24
"AT2G29390",2.51005016325228e-28,-0.315488933327383,0.259,0.019,5.15639605036916e-24
"AT3G51310",2.56517677469703e-28,0.46130648920742,0.25,0.015,5.26964264826011e-24
"AT1G17420",2.87075404297311e-28,-2.16962515110702,0.921,0.672,5.89739003047966e-24
"AT2G30880",2.98971892287065e-28,1.26529448136133,0.253,0.017,6.14177958325318e-24
"AT4G36900",3.04187867489756e-28,-0.965420377842695,0.359,0.068,6.24893136184205e-24
"AT3G12760",3.08465380992097e-28,-0.319836761995685,0.258,0.019,6.33680432172066e-24
"AT3G05545",3.48121486794189e-28,-1.85919513074583,0.432,0.104,7.15145970321302e-24
"AT4G39670",3.70415351671484e-28,-1.48118959026,0.765,0.693,7.6094425693873e-24
"AT3G58490",3.73446111093695e-28,-1.759146751127,0.419,0.097,7.67170346019778e-24
"AT3G19640",3.74265205029171e-28,-0.98722919070673,0.289,0.034,7.68853010691425e-24
"AT5G57940",3.7952781157343e-28,-0.327659824264678,0.258,0.019,7.79663983315298e-24
"AT5G52580",3.86987828608009e-28,-0.968867444239484,0.305,0.042,7.94989096309433e-24
"AT2G37240",3.92604798246055e-28,0.386328896055672,0.252,0.017,8.06528037036872e-24
"AT5G41990",3.99352639385352e-28,-1.16647250958979,0.324,0.051,8.20390127089328e-24
"AT3G02360",4.07862185165439e-28,-1.71398955025564,0.631,0.195,8.3787128698536e-24
"AT2G04378",4.65419325363054e-28,-0.566071480145686,0.288,0.034,9.56110920093321e-24
"AT5G20990",4.6766035892715e-28,-0.643281902880689,0.302,0.04,9.60714675344043e-24
"AT5G05930",5.22182897838517e-28,-0.752807863768566,0.27,0.025,1.07272032702966e-23
"AT2G32190",5.61188775000728e-28,-3.03216114268166,0.591,0.584,1.152850100484e-23
"AT3G49601",5.65180007333908e-28,-1.0175352928979,0.332,0.055,1.16104928906605e-23
"AT3G59500",6.45184088293554e-28,-1.51536252564566,0.392,0.085,1.32540167258145e-23
"ATCG00430",6.99853278349811e-28,-1.47772879900896,0.808,0.268,1.43770858971402e-23
"AT4G27880",7.33756250747643e-28,-0.435376593033856,0.26,0.021,1.50735546591088e-23
"AT4G24550",7.62388487968169e-28,-0.467018158785485,0.251,0.017,1.56617467083301e-23
"AT3G06720",7.82439490316099e-28,-0.36002560037418,0.259,0.021,1.60736544495636e-23
"AT5G65660",8.88779744317433e-28,-0.804141246330548,0.386,0.082,1.8258202287513e-23
"AT1G32230",1.13972226363382e-27,-1.93449455939673,0.579,0.173,2.34133144618295e-23
"AT3G51460",1.14841325901344e-27,0.285477610280883,0.263,0.023,2.35918535799132e-23
"AT1G32700",1.18595314058853e-27,-1.14782325512655,0.39,0.085,2.43630353671101e-23
"AT4G31550",1.19889603154189e-27,-0.737987655214899,0.868,0.307,2.4628921175965e-23
"AT5G58440",1.23475704927607e-27,-0.704640457303281,0.272,0.027,2.53656140632784e-23
"AT4G25225",1.28952225678852e-27,-0.680188879472919,0.254,0.019,2.64906557212066e-23
"AT1G13360",1.49134182372714e-27,-1.15694636168551,0.435,0.108,3.06366350848265e-23
"AT3G29075",1.56507628212144e-27,-1.81664167877367,0.478,0.127,3.21513620636208e-23
"AT4G18170",1.58181797285594e-27,-1.15801896348689,0.64,0.205,3.24952866163796e-23
"AT2G40270",1.69748491080666e-27,-1.60700394600397,0.549,0.161,3.48714325227012e-23
"AT3G11810",1.97614442090079e-27,-1.01077532390138,0.284,0.034,4.0595934838565e-23
"AT5G18310",1.98405015056308e-27,-0.973375618835687,0.354,0.068,4.07583422430173e-23
"AT5G62770",2.01583354636839e-27,-0.929053062831001,0.305,0.044,4.14112685430458e-23
"AT1G02305",2.2158444739838e-27,-1.13900073860676,0.912,0.313,4.55200930290492e-23
"AT3G52240",2.27721797601427e-27,-0.396995417909601,0.27,0.027,4.67808888812612e-23
"AT4G32760",2.37101821483301e-27,-0.399171589894021,0.283,0.034,4.87078271873146e-23
"AT5G19930",2.3803284323844e-27,-0.865380255560971,0.313,0.049,4.88990869864728e-23
"AT2G29960",2.39039766222407e-27,-1.83398019835459,0.726,0.237,4.9105939175069e-23
"AT4G38920",2.41538391833864e-27,-0.754294237189623,0.938,0.323,4.96192318344306e-23
"AT2G30530",2.70638426603513e-27,0.527274692807177,0.251,0.019,5.55972519771596e-23
"AT5G24570",2.77075839855608e-27,-0.520954548707407,0.274,0.03,5.69196897815375e-23
"AT1G31340",2.93301925289889e-27,-1.49274672854637,0.313,0.049,6.02530145123019e-23
"AT3G06890",2.9982371102506e-27,-1.14834481381155,0.35,0.068,6.1592784955878e-23
"AT2G17130",3.17145342053791e-27,0.268873260934081,0.265,0.025,6.51511676181103e-23
"AT5G13090",3.35085812082187e-27,-0.273996711846014,0.265,0.025,6.88366783760437e-23
"AT1G20225",3.45355793508148e-27,-1.77685233990699,0.431,0.106,7.09464406603789e-23
"AT3G23480",3.48797099496698e-27,-0.612665522902034,0.282,0.034,7.16533881496068e-23
"AT1G05560",3.5400051480865e-27,-0.922292148156459,0.33,0.057,7.27223257571409e-23
"AT4G17140",3.57233883543033e-27,-1.09270924604984,0.308,0.047,7.33865566962452e-23
"AT1G59610",3.72261341368533e-27,-1.78407964390146,0.434,0.108,7.64736473573377e-23
"AT5G56150",3.82830365154433e-27,-0.90620632586223,0.321,0.053,7.86448419136751e-23
"AT3G02520",3.84373548262005e-27,-1.07782798000903,0.317,0.051,7.89618580194636e-23
"AT2G45010",3.90116666273566e-27,-0.626748047233712,0.308,0.047,8.01416667525787e-23
"AT3G05220",3.92458532621831e-27,-2.05090660960808,0.559,0.167,8.06227563565027e-23
"AT4G10790",4.5671909308555e-27,-1.62474691781776,0.369,0.076,9.38238032925646e-23
"AT5G03905",4.66141608585817e-27,-0.309370320212794,0.263,0.025,9.57594706517844e-23
"AT5G20280",4.68338099623099e-27,-1.38852677484182,0.341,0.063,9.62106958055732e-23
"AT2G37550",4.95766602986237e-27,0.365169364209367,0.253,0.021,1.01845333251463e-22
"AT3G09970",5.11726066030302e-27,-0.322446353597684,0.268,0.027,1.05123885744605e-22
"ATCG00630",5.22198817599841e-27,-1.14589248115459,0.998,0.873,1.07275303099535e-22
"AT2G39630",5.269734643268e-27,-0.682239649601877,0.272,0.03,1.08256158776655e-22
"AT5G43780",7.0635144655147e-27,-1.16230798264665,0.345,0.066,1.45105777665068e-22
"AT5G67250",7.16479753088774e-27,-1.60329761139712,0.349,0.068,1.47186435677027e-22
"AT4G19170",7.29011590237622e-27,-0.346831844063048,0.258,0.023,1.49760850982515e-22
"AT4G34150",7.35807742044813e-27,0.34881602093525,0.979,0.495,1.51156984448266e-22
"AT4G25690",7.69567707995067e-27,-0.395627202570711,0.265,0.027,1.58092294253427e-22
"AT4G02570",8.34467561666382e-27,-1.31724267926016,0.349,0.068,1.71424671193125e-22
"AT3G06980",8.38655994681683e-27,-0.479564532376352,0.253,0.021,1.72285100987458e-22
"AT4G35790",8.51562918589727e-27,-0.86267145451523,0.305,0.047,1.74936570365888e-22
"AT5G48930",8.78845415645013e-27,-1.51852396819885,0.512,0.146,1.80541213735955e-22
"AT1G28200",9.08710956016682e-27,-0.927573504266528,0.314,0.051,1.86676491694507e-22
"AT3G59310",1.08353046188814e-26,-0.415134673197839,0.296,0.042,2.2258966278568e-22
"AT4G15420",1.09808084701796e-26,-0.658853787105508,0.256,0.023,2.255787484029e-22
"ATCG01020",1.12958682670838e-26,-1.06158042349607,0.999,0.884,2.32051021810702e-22
"AT1G67230",1.14190275288712e-26,-1.07640180531939,0.318,0.053,2.345810825256e-22
"AT5G22280",1.16767584088187e-26,-0.375435104571867,0.27,0.03,2.39875647992363e-22
"AT1G34350",1.4553636788572e-26,-1.40918089226744,0.312,0.051,2.98975360547634e-22
"AT4G19140",1.5790145465744e-26,-1.10479850321994,0.32,0.055,3.24376958302779e-22
"AT5G11710",1.77042244851864e-26,-0.287811599143347,0.254,0.023,3.63697883599185e-22
"AT5G36925",1.82342757650185e-26,-4.3844038911106,0.255,0.41,3.74586727040776e-22
"AT3G54020",1.85212658495199e-26,-0.810850902246381,0.405,0.097,3.80482364346688e-22
"AT3G62010",2.08568826378799e-26,-0.481540323114348,0.263,0.027,4.28462940029967e-22
"AT5G17900",2.18017539104857e-26,-0.579427280263359,0.29,0.04,4.47873430583108e-22
"AT5G41600",2.21223482176986e-26,-1.46728001737477,0.433,0.11,4.54459399436182e-22
"AT2G01270",2.30214876055652e-26,-1.00432504157141,0.315,0.053,4.72930419881127e-22
"AT2G33120",2.50855814045638e-26,-1.78233380239208,0.64,0.205,5.15333098793954e-22
"AT2G41560",2.6656376785601e-26,-1.63147298322044,0.406,0.097,5.47601948306601e-22
"AT4G27410",3.14455155293192e-26,-1.3486694436429,0.513,0.15,6.45985225518804e-22
"AT1G11180",3.22184815702737e-26,-0.601406304244728,0.271,0.032,6.61864266898133e-22
"AT5G01820",3.30911735187523e-26,-0.648112299148879,0.283,0.038,6.79791977595729e-22
"AT4G18230",3.33274056102362e-26,-0.833909099667572,0.33,0.061,6.84644893451083e-22
"AT1G65440",3.42694929410588e-26,-1.3085273859397,0.361,0.076,7.03998193488172e-22
"AT3G04620",3.61716726590511e-26,-0.720511482255125,0.322,0.057,7.43074671434887e-22
"AT1G01470",3.6962613185088e-26,-1.32584403057495,0.838,0.734,7.59322962661263e-22
"AT1G44350",3.705253128815e-26,-3.14336075856871,0.706,0.603,7.61170150252465e-22
"AT3G29000",3.84441294733703e-26,-2.63625763165909,0.7,0.613,7.89757751771446e-22
"AT2G22660",3.98323480807202e-26,-0.748796422817005,0.275,0.034,8.18275926622236e-22
"AT2G46370",4.06526254925672e-26,-1.51456972080932,0.552,0.167,8.35126885493809e-22
"AT1G28280",4.37557295240053e-26,-0.723639553768377,0.27,0.032,8.98873951611642e-22
"AT5G09390",4.60993094568123e-26,-0.617108464998943,0.256,0.025,9.47018114171295e-22
"AT4G17530",4.85372540987713e-26,-1.55520403257049,0.356,0.074,9.97100810951058e-22
"AT3G06150",4.87562113051186e-26,-0.41257133704759,0.255,0.025,1.00159884884105e-21
"AT4G24290",4.95354277433249e-26,-0.974863669035281,0.274,0.034,1.01760629213112e-21
"AT1G08450",5.18565166718599e-26,-4.73646995959941,0.459,0.518,1.06528842199002e-21
"AT2G16510",5.3739903396741e-26,-1.89893762009574,0.77,0.26,1.10397883547925e-21
"AT4G34230",5.49262142984276e-26,-4.26514644772457,0.386,0.484,1.1283492203326e-21
"AT3G05840",5.84928153082366e-26,-0.787915597015136,0.273,0.034,1.2016179048771e-21
"AT1G78670",6.4204691620081e-26,-1.41820361070415,0.456,0.123,1.31895697995132e-21
"AT5G58375",7.07903416489115e-26,-1.78028230421203,0.677,0.222,1.45424598849359e-21
"AT1G15920",7.6439347606287e-26,-0.46505072047012,0.267,0.032,1.57029351787595e-21
"AT3G60690",7.78819521129506e-26,-1.43714382306887,0.346,0.07,1.59992894225634e-21
"AT2G43160",8.2031497305831e-26,-1.8560789995755,0.468,0.129,1.68517304915369e-21
"AT1G78100",8.30006874244795e-26,-0.588819954787278,0.263,0.03,1.70508312176108e-21
"AT3G11800",8.41463081930742e-26,-1.41099117735606,0.367,0.08,1.72861760921032e-21
"AT5G05140",9.4555101914228e-26,-1.42679187339074,0.367,0.08,1.94244545862399e-21
"AT2G47600",1.10789939670479e-25,-0.323843655049273,0.257,0.027,2.27595773065065e-21
"AT2G16586",1.11026089152452e-25,0.36421606300761,0.262,0.03,2.28080894945882e-21
"AT3G25600",1.11345961281685e-25,-1.1164856818476,0.318,0.057,2.28738008260966e-21
"ATCG00800",1.2257519116319e-25,-0.667377789274413,0.959,0.347,2.51806215206542e-21
"AT3G10410",1.29731044827029e-25,-1.45453725736865,0.865,0.298,2.66506485388165e-21
"AT3G58460",1.3190370103385e-25,-0.875425290905252,0.284,0.04,2.70969773033839e-21
"AT2G34930",1.3871201358003e-25,-0.822419091117565,0.331,0.063,2.84956089497456e-21
"AT4G25100",1.70671209616257e-25,0.465177088405329,0.954,0.471,3.50609865914677e-21
"AT2G26080",1.79816006506834e-25,-1.55080739620355,0.309,0.053,3.69396022166988e-21
"ATCG00650",1.90750563883161e-25,-1.64486001466751,0.758,0.258,3.91858883385178e-21
"AT1G75680",2.07907416311414e-25,-0.63810470648431,0.264,0.032,4.27104205328537e-21
"AT2G38360",2.12682138143452e-25,-4.89069268629739,0.194,0.357,4.36912916388094e-21
"AT2G14890",2.30762974960524e-25,-1.81589150896498,0.364,0.08,4.74056379461403e-21
"AT1G76360",2.86013854995337e-25,-0.467271288101619,0.298,0.049,5.8755826231692e-21
"AT3G22950",2.86587819465663e-25,-1.83346002545613,0.379,0.089,5.88737357528311e-21
"AT5G05670",2.9096745471634e-25,-0.268588726835242,0.273,0.036,5.97734442223778e-21
"AT3G25140",3.18507652649266e-25,-1.52084428171415,0.336,0.068,6.54310270837387e-21
"AT3G45600",3.3527822702665e-25,-1.73173973850865,0.41,0.104,6.88762061780846e-21
"AT1G71090",3.44221331966543e-25,-1.25862442874057,0.294,0.047,7.0713388225887e-21
"AT4G01070",3.47885836012941e-25,-4.47117203889762,0.376,0.476,7.14661872921384e-21
"AT5G14540",3.54325725702544e-25,-0.726693749813948,0.259,0.03,7.27891338310735e-21
"AT5G65470",3.5846804903865e-25,-1.46281613881739,0.341,0.07,7.36400913140098e-21
"AT4G02350",3.79092166540366e-25,-1.03969797208549,0.302,0.051,7.78769037723874e-21
"AT1G18480",3.81300947286133e-25,-0.537460002605984,0.258,0.03,7.83306536009904e-21
"AT5G47880",4.37821689874547e-25,-0.818502891956538,0.271,0.036,8.99417097509283e-21
"AT5G20020",4.38859623864622e-25,-1.06736086572538,0.88,0.309,9.01549325305093e-21
"AT4G25670",4.50884526239106e-25,-0.638606729089367,0.947,0.342,9.26252082252995e-21
"AT3G60450",4.55692553804919e-25,-1.22743812022772,0.31,0.055,9.36129213281444e-21
"AT3G57880",5.3242307080486e-25,-1.32868011664934,0.349,0.074,1.09375671435442e-20
"AT2G22720",5.62043547234302e-25,-0.646197788864666,0.252,0.027,1.15460605908343e-20
"AT2G16720",5.80510550326571e-25,-0.957152781214323,0.335,0.068,1.19254282353587e-20
"AT4G36950",5.96641711689575e-25,-0.294417838272036,0.808,0.313,1.22568106832389e-20
"AT4G08500",6.01741817546982e-25,-0.828156599882001,0.292,0.047,1.23615821578676e-20
"AT5G43560",6.26483700787924e-25,-0.669955699071684,0.261,0.032,1.28698546652863e-20
"AT4G32680",7.64971362812183e-25,-0.302325803970196,0.274,0.038,1.57148067062507e-20
"AT1G64760",7.71053869872541e-25,-0.7378555020249,0.252,0.027,1.58397596487916e-20
"AT1G67680",7.81866907495016e-25,-0.879932669359277,0.256,0.03,1.60618918806701e-20
"AT1G76140",9.32648439683121e-25,-1.26295064441196,0.282,0.042,1.91593968964104e-20
"AT4G32530",9.91598804825221e-25,-1.77393333178628,0.749,0.256,2.03704142475245e-20
"AT1G30135",1.05121310720499e-24,-0.838915295933914,0.424,0.114,2.15950708613122e-20
"AT4G39220",1.12015142049763e-24,-1.77458266621635,0.459,0.129,2.30112706312827e-20
"AT5G66760",1.14858643178532e-24,-1.27287051034033,0.285,0.044,2.35954110681658e-20
"AT5G22060",1.26393606755945e-24,-1.60284525943665,0.445,0.123,2.59650386358737e-20
"AT2G30990",1.30703388710049e-24,-0.627263576860142,0.281,0.042,2.68503971427053e-20
"AT1G61190",1.39968110056815e-24,-0.939143554176493,0.28,0.042,2.87536488489715e-20
"AT1G03350",1.40711500020035e-24,-1.00750740242014,0.263,0.034,2.89063634491158e-20
"AT3G47960",1.41695261043046e-24,-0.843361824037528,0.867,0.315,2.91084574760729e-20
"AT2G26510",1.4469899828429e-24,-0.94082051973162,0.331,0.068,2.97255152175416e-20
"AT1G63090",1.50026317077e-24,-1.68889470265969,0.601,0.197,3.0819906317128e-20
"AT4G36980",1.65687447165736e-24,-0.406810128210279,0.258,0.032,3.40371722712572e-20
"AT5G40930",1.66182219445674e-24,-1.18720882035693,0.28,0.042,3.41388133407249e-20
"AT5G40540",1.71816775994324e-24,-0.638159849600821,0.292,0.049,3.5296320292514e-20
"AT1G19770",1.84099987284281e-24,-0.954619431278185,0.903,0.326,3.78196603878098e-20
"AT4G35220",2.06674773108698e-24,-1.01500635241139,0.275,0.04,4.24571986397199e-20
"AT2G38170",2.52014671861785e-24,-1.13686249926069,0.556,0.178,5.17713740405665e-20
"AT5G57910",2.52368996181916e-24,-0.505779926786977,0.257,0.032,5.18441628856509e-20
"AT2G21600",2.65371446055029e-24,-1.81785785371197,0.424,0.114,5.45152561630847e-20
"AT4G36690",2.88007262962084e-24,-0.48651546758661,0.278,0.042,5.91653320303009e-20
"AT2G46800",2.97764725639557e-24,-1.5830449191407,0.46,0.131,6.11698075881343e-20
"AT2G43070",3.06650164598537e-24,-0.836623001496102,0.27,0.038,6.29951433134774e-20
"AT4G31450",3.76506846850426e-24,-0.600519070676214,0.251,0.03,7.7345801548483e-20
"AT1G07310",4.0616332883379e-24,-1.38365697862974,0.295,0.051,8.34381326423255e-20
"AT3G26000",4.97593632110345e-24,-1.4719275715633,0.362,0.085,1.02220659844428e-19
"AT3G20410",5.56241955722674e-24,-1.44860352052392,0.407,0.108,1.14268784964109e-19
"AT1G61790",5.78994807289186e-24,-1.18315823210372,0.292,0.051,1.18942903261417e-19
"AT1G59910",6.37471000255591e-24,-1.92167518207501,0.511,0.156,1.30955667582506e-19
"AT5G18150",6.62458995226556e-24,-3.14787104310463,0.823,0.619,1.36088951389391e-19
"AT5G54250",7.38192587963897e-24,-1.46586372239545,0.318,0.063,1.51646903345423e-19
"AT2G39805",7.6403850803298e-24,-1.44573847444968,0.284,0.047,1.56956430705215e-19
"AT4G21540",8.79530799266335e-24,-1.05296678326052,0.283,0.047,1.80682012093283e-19
"AT3G13772",8.99198756067924e-24,-0.893417354798561,0.256,0.034,1.84722400459034e-19
"AT5G15640",8.99724499557253e-24,-1.98944818962352,0.381,0.095,1.84830403944046e-19
"AT3G13062",9.08958523787182e-24,-1.29522180073646,0.325,0.068,1.86727349541601e-19
"AT1G32410",9.74933908017795e-24,-1.15601308000248,0.261,0.036,2.00280672724096e-19
"AT3G54085",9.95868125714109e-24,-1.42903677083723,0.292,0.051,2.04581189065449e-19
"AT3G22290",1.00605895082826e-23,-1.84616061722884,0.416,0.112,2.06674690268649e-19
"AT3G29575",1.04065861330303e-23,-0.389409160109788,0.252,0.032,2.1378249893084e-19
"AT4G17615",1.11268139745649e-23,-1.29611432392733,0.88,0.315,2.28578139479488e-19
"AT1G51630",1.15990762258463e-23,-1.28142582745788,0.27,0.04,2.38279822907561e-19
"AT2G02710",1.18735043441698e-23,-1.15280658763073,0.27,0.04,2.4391739974228e-19
"AT3G50930",1.20231449728727e-23,-0.414566037414234,0.273,0.042,2.46991467177723e-19
"AT1G68000",1.34555496358969e-23,-1.72937811872632,0.398,0.104,2.76417356170231e-19
"AT1G31300",1.41799928988286e-23,-1.20615260252417,0.273,0.042,2.91299594120637e-19
"ATCG00270",1.42930608875804e-23,-1.83867995230384,0.628,0.211,2.93622349813565e-19
"AT3G19960",1.76134743544859e-23,-1.81617849732761,0.361,0.087,3.61833603664203e-19
"AT3G60415",1.7741072885329e-23,-0.994895075507533,0.364,0.089,3.64454860283313e-19
"AT3G54640",3.02625233012385e-23,-0.434673155876927,0.27,0.042,6.21683016177342e-19
"AT5G53540",3.53886572770893e-23,-1.33284608233235,0.3,0.057,7.26989186443245e-19
"AT4G18030",4.36296310644033e-23,-1.21582426630561,0.3,0.057,8.96283510956036e-19
"AT5G01710",4.36827838269243e-23,-1.72715894344782,0.666,0.23,8.97375428156507e-19
"AT5G65380",4.43587548005939e-23,-0.357010801134682,0.256,0.036,9.112618998686e-19
"AT2G31360",5.00600929834607e-23,-1.69439352866993,0.727,0.256,1.02838449015923e-18
"AT3G07195",5.54072931489352e-23,-0.348871881952552,0.404,0.114,1.13823202315857e-18
"AT2G01720",5.95616860408281e-23,-1.90031539196581,0.408,0.112,1.22357571633673e-18
"AT1G64900",6.39146690491116e-23,-0.801042094588881,0.268,0.042,1.3129990462759e-18
"AT5G04920",6.5038267055362e-23,-0.741627592957132,0.264,0.04,1.3360811201183e-18
"AT1G42480",6.55159691280666e-23,-1.0590769595187,0.264,0.04,1.34589455379787e-18
"AT3G57340",6.58147228882772e-23,-1.74891544877425,0.337,0.076,1.35203185229388e-18
"AT1G07960",6.86082744686821e-23,-1.28438203683495,0.328,0.072,1.40941978241014e-18
"AT1G19450",6.90441602976032e-23,-1.70597981507463,0.349,0.082,1.41837418499366e-18
"AT5G34850",6.9182841740675e-23,-1.8803197249496,0.473,0.144,1.42122311787869e-18
"AT2G38240",7.2642808324395e-23,-3.30125559376216,0.512,0.531,1.49230121140805e-18
"AT1G68370",7.39068349197462e-23,-1.1663321174006,0.276,0.047,1.51826810975635e-18
"AT2G44730",7.985657890169e-23,-1.32325639839313,0.262,0.04,1.64049370037742e-18
"AT2G33730",7.9951762081422e-23,-1.13851254669861,0.255,0.036,1.64244904843865e-18
"AT5G47080",8.39920411213184e-23,-0.689900997010469,0.25,0.034,1.72544850075524e-18
"AT3G11900",8.78705022195136e-23,-1.50757977848283,0.302,0.059,1.80512372709547e-18
"AT1G20890",9.71774179265346e-23,-0.807773966455332,0.254,0.036,1.9963156964648e-18
"AT5G53750",1.1630814642231e-22,-1.16623097631146,0.313,0.066,2.38931825195352e-18
"AT2G38290",1.21333686333543e-22,-3.3953570760464,0.662,0.575,2.49255791834998e-18
"AT1G70530",1.2305281614433e-22,-4.99810151699253,0.243,0.383,2.52787400205298e-18
"AT2G30110",1.24191327351019e-22,-1.78815264101007,0.355,0.087,2.55126243777199e-18
"AT5G05220",1.25919894030602e-22,0.84111399674189,0.304,0.066,2.58677238307066e-18
"AT3G02040",1.26759122042583e-22,-0.662925849636364,0.27,0.044,2.60401264412077e-18
"AT3G01640",1.32715892301883e-22,-0.984301698900457,0.252,0.036,2.72638257555759e-18
"AT5G22450",1.35557551756014e-22,-1.37626873665767,0.3,0.059,2.7847587857238e-18
"AT3G45970",1.41131501999932e-22,-0.98287249373457,0.438,0.129,2.89926444558461e-18
"AT4G24805",1.42645132725032e-22,-1.80412590597057,0.428,0.123,2.93035896157032e-18
"AT3G20300",1.4968894372793e-22,-0.931986060930841,0.26,0.04,3.07505997100286e-18
"AT2G18960",1.72865941025059e-22,-1.80934726699085,0.71,0.249,3.55118502647778e-18
"AT5G25250",1.8230776050239e-22,-4.7608784483455,0.158,0.313,3.7451483240006e-18
"AT1G77500",1.96041329494526e-22,-1.60751005297421,0.357,0.089,4.02727703180604e-18
"AT1G09270",1.96320913446827e-22,-1.07524455662808,0.272,0.047,4.03302052493816e-18
"AT5G54170",2.15890883479109e-22,-2.51833949842267,0.875,0.632,4.43504641931134e-18
"AT4G30210",2.44431941919404e-22,-3.66092208022956,0.646,0.569,5.02136538285031e-18
"AT3G44330",2.62696205111682e-22,-1.28685920659261,0.251,0.036,5.39656814160928e-18
"AT4G37910",2.76054926071875e-22,-1.2935673803515,0.272,0.047,5.67099634629453e-18
"AT4G16444",2.83669096586854e-22,-0.925170963859152,0.289,0.055,5.82741425118374e-18
"AT1G15690",2.93775769977769e-22,-1.74917262754776,0.778,0.279,6.03503564265332e-18
"AT5G43470",3.01504029896368e-22,-1.16077891217251,0.259,0.04,6.19379728616108e-18
"AT2G38010",3.73442047922647e-22,-1.02217702904537,0.28,0.051,7.67161999047493e-18
"ATCG00280",3.80738768063514e-22,-2.19271889714317,0.956,0.653,7.82151651232878e-18
"AT1G04430",4.34808809744341e-22,-0.898108892775464,0.27,0.047,8.932277378578e-18
"AT5G67580",4.95925525833601e-22,-1.32147740619105,0.266,0.044,1.01877980771997e-17
"AT1G20110",5.78868423149922e-22,-1.25469071830786,0.256,0.04,1.18916940167689e-17
"AT2G36580",6.36003088676892e-22,-1.53262891702438,0.333,0.078,1.30654114506894e-17
"AT3G55380",7.75768082973218e-22,-1.2511868673527,0.256,0.04,1.59366037285188e-17
"AT5G56360",8.2545257780329e-22,-2.12867613702046,0.366,0.095,1.6957272305813e-17
"AT4G30260",8.43253904800818e-22,-1.71566612684698,0.637,0.222,1.73229649663232e-17
"AT4G28140",8.66843285295424e-22,-0.443473364067631,0.268,0.047,1.78075616098239e-17
"AT1G65020",8.95965161810839e-22,-1.61776930434306,0.327,0.076,1.84058123190801e-17
"AT4G19520",9.38554162178231e-22,-1.77924743638938,0.412,0.118,1.92807181536274e-17
"AT4G30810",1.07663205051004e-21,-1.69440864297204,0.271,0.049,2.21172522136277e-17
"AT5G58650",1.31264882523483e-21,-1.03262717830367,0.292,0.059,2.69657448167992e-17
"AT1G36380",1.31279620178296e-21,-1.61772455408614,0.3,0.063,2.69687723732273e-17
"AT1G47530",1.3213555368627e-21,-1.60307512489129,0.394,0.11,2.71446067937704e-17
"AT1G15140",1.3655708071334e-21,-1.38218854208288,0.254,0.04,2.80529210909415e-17
"AT5G47430",1.48578455994098e-21,-1.06540305932482,0.262,0.044,3.05224722148675e-17
"AT5G13200",1.82978532314696e-21,-0.663582126966942,0.853,0.326,3.7589279893408e-17
"AT1G53840",2.15236199297818e-21,-1.44703752638525,0.774,0.281,4.42159724217508e-17
"AT1G24350",2.29788346556302e-21,-1.54689534081848,0.345,0.087,4.72054200330611e-17
"AT2G31865",2.33154162839067e-21,-1.44085261137006,0.365,0.097,4.78968596720295e-17
"AT3G09085",2.44624579924611e-21,-1.53453592769702,0.379,0.104,5.02532274539128e-17
"AT2G36290",3.18237482487632e-21,-1.29654340790771,0.25,0.04,6.53755260274343e-17
"AT1G30360",4.02695909002574e-21,-1.95331514163624,0.679,0.243,8.27258205863988e-17
"AT1G74380",4.19757634215041e-21,-1.88310503048816,0.536,0.18,8.62308107967959e-17
"AT3G52430",5.00745534863851e-21,-0.679561376222274,0.25,0.04,1.02868155227081e-16
"ATCG00510",5.1550005204158e-21,-1.77740132395519,0.347,0.089,1.05899175690902e-16
"AT4G28770",5.41439291653199e-21,-2.00432185759585,0.49,0.159,1.11227873684317e-16
"AT4G24160",6.01106519912201e-21,-1.19363434823952,0.823,0.307,1.23485312385563e-16
"AT4G07390",6.1032319581498e-21,-1.92020807606104,0.454,0.142,1.25378694116271e-16
"AT5G04250",6.61124916381041e-21,-1.70800353290839,0.308,0.07,1.35814891572157e-16
"SK 11",6.81783923676569e-21,-1.68853924758474,0.277,0.055,1.40058871440877e-16
"AT1G76180",6.82010263631931e-21,-0.736610220652675,0.997,0.871,1.40105368457908e-16
"AT3G55260",7.83538591253573e-21,-1.44453365804581,0.278,0.055,1.60962332801221e-16
"AT3G10915",9.88408040623607e-21,-1.60555509709527,0.33,0.082,2.03048663785308e-16
"AT5G42390",1.03601936437629e-20,-1.4425637787677,0.298,0.066,2.12829458023822e-16
"AT3G07180",1.09960452038783e-20,-1.28639676454202,0.255,0.044,2.25891756623272e-16
"AT1G54130",1.10013590445366e-20,-2.11645059070853,0.559,0.192,2.26000918851916e-16
"AT1G78040",1.15472922611845e-20,-0.574136897423816,0.982,0.387,2.37216024921514e-16
"AT3G08690",1.17297112414695e-20,-1.35403870742668,0.302,0.068,2.40963458033508e-16
"AT2G33110",1.29463967129005e-20,-1.37838246241703,0.263,0.049,2.65957827673115e-16
"AT1G04770",1.41775910387842e-20,-1.53751747625444,0.427,0.131,2.91250252709744e-16
"AT1G08510",1.42931934930889e-20,-1.69620469532703,0.384,0.11,2.93625073928526e-16
"AT4G14365",1.58625533179483e-20,-0.320014418105576,0.72,0.288,3.25864432810612e-16
"AT2G35510",2.0007292162828e-20,-1.994678867317,0.337,0.087,4.11009802900975e-16
"AT1G62660",2.12879728198524e-20,-1.03480344485667,0.287,0.061,4.37318825638229e-16
"AT3G62580",2.25373321109465e-20,-1.83164164511019,0.384,0.11,4.62984413555173e-16
"AT5G51070",2.40618262847409e-20,-3.84612942672059,0.671,0.567,4.94302097367432e-16
"AT2G43820",2.41130430497235e-20,-1.32851288159177,0.282,0.059,4.9535424337047e-16
"AT3G05670",2.45881697066841e-20,-1.77877721432163,0.354,0.095,5.05114770284411e-16
"AT4G28400",2.48380440807573e-20,-1.78356857787151,0.646,0.233,5.10247939550996e-16
"AT5G63370",2.58763035559966e-20,-1.83149363511938,0.731,0.268,5.31576903950838e-16
"AT2G30360",2.76810386269703e-20,-1.82244940151547,0.487,0.161,5.68651576513851e-16
"AT5G42050",2.95606440224412e-20,-0.693298101368216,0.955,0.368,6.0726431015301e-16
"AT4G36210",3.5076040504084e-20,-1.42464893977594,0.268,0.053,7.20567100075398e-16
"AT4G10040",3.9787010866035e-20,-1.74148277501039,0.314,0.076,8.17344564220957e-16
"AT1G78240",4.1166190777e-20,-5.18924268931728,0.114,0.256,8.45677057131911e-16
"AT5G12200",4.52505059293915e-20,-2.02932574092705,0.398,0.118,9.2958114330749e-16
"AT1G78600",4.86296423460763e-20,-1.44701577080054,0.258,0.049,9.98998742715445e-16
"AT4G33467",5.89411082272498e-20,-0.990637661933313,0.25,0.044,1.21082718631239e-15
"AT1G53430",5.95652704061385e-20,-4.98525697059683,0.16,0.302,1.2236493499533e-15
"AT1G15420",6.72628025464089e-20,-1.85491552841079,0.291,0.066,1.38177975271088e-15
"AT5G42570",6.87093167078939e-20,-3.03205654618649,0.786,0.598,1.41149549313026e-15
"AT2G17220",7.17547813327573e-20,-1.53035666898109,0.335,0.089,1.47405847291883e-15
"AT5G42560",8.29914265468134e-20,-1.46102859283688,0.27,0.055,1.70489287555119e-15
"AT3G57450",8.77724592056923e-20,0.354380430486418,0.991,0.577,1.80310962946254e-15
"AT4G38550",9.17153151807651e-20,-2.17822312699536,0.51,0.173,1.88410771975846e-15
"AT5G11670",9.98710317780684e-20,-1.96100038412647,0.946,0.649,2.05165060581686e-15
"AT2G39780",1.27411551542677e-19,-1.72336308372494,0.338,0.091,2.61741550334122e-15
"AT1G11960",1.33163814366399e-19,-1.69569134737611,0.472,0.156,2.73558423852894e-15
"AT5G63160",1.38472217430072e-19,-1.89119757682051,0.426,0.135,2.84463476266596e-15
"AT4G10140",1.41915543277214e-19,-1.68638445837041,0.35,0.097,2.91537100554382e-15
"AT4G38250",2.0115794939928e-19,-2.05312631676235,0.545,0.192,4.13238775450941e-15
"AT1G66970",2.01262385557449e-19,-2.11149981359634,0.525,0.182,4.13453318650668e-15
"AT1G28580",2.01384099119733e-19,-0.941910399521311,0.258,0.051,4.13703354821668e-15
"AT1G07650",2.11652313707914e-19,-1.22079307835046,0.262,0.053,4.34797348050169e-15
"AT2G24500",2.14201964222253e-19,-1.85403399394061,0.556,0.197,4.40035095101774e-15
"AT1G05720",2.54665473399763e-19,-1.5922936384994,0.285,0.066,5.23159282005133e-15
"AT3G07700",2.81057197109214e-19,-1.56950210328598,0.31,0.078,5.77375800021459e-15
"AT3G44860",3.38040031101225e-19,-0.28973836014145,0.655,0.266,6.94435635891247e-15
"AT3G05280",3.86729748940939e-19,-1.60684456707114,0.289,0.068,7.94458923249371e-15
"AT2G41410",3.92443823093677e-19,-1.07383211944086,0.386,0.118,8.06197345781342e-15
"AT5G11960",5.63618581926089e-19,-1.48806585528202,0.288,0.068,1.15784165285076e-14
"AT3G56050",5.80625513192748e-19,-2.0195463529125,0.475,0.161,1.19277899175186e-14
"AT4G19960",6.0795459277395e-19,-1.86742539067757,0.296,0.072,1.24892111993552e-14
"AT3G08530",6.64151811543923e-19,-1.7389506760491,0.287,0.068,1.36436706645468e-14
"AT5G57110",6.96216637465491e-19,-1.81061813320657,0.262,0.055,1.43023783834536e-14
"AT1G77840",7.10040789321303e-19,-1.77694346193251,0.253,0.051,1.45863679350275e-14
"AT5G38630",7.82228550675551e-19,-1.98998776512421,0.373,0.112,1.60693211165278e-14
"AT4G25720",7.99437747151271e-19,-2.19389088120599,0.379,0.114,1.64228496397286e-14
"AT3G55830",8.20431369732638e-19,-1.92149553265809,0.434,0.142,1.68541216284176e-14
"AT5G42020",8.9494126265364e-19,-6.49154222966748,0.118,0.254,1.83847783586937e-14
"AT2G17705",9.01711871079593e-19,-1.79767219645604,0.384,0.118,1.85238669675881e-14
"AT2G07698",9.05751951225091e-19,-1.94743446936527,0.637,0.235,1.8606862334017e-14
"AT4G02370",9.71850016607543e-19,-1.8737454181036,0.705,0.264,1.99647148911688e-14
"AT1G22280",1.26998339649019e-18,-1.92519978225028,0.702,0.264,2.60892689140979e-14
"AT5G16990",1.28284048037279e-18,-1.71370956563308,0.276,0.063,2.63533919882983e-14
"AT1G76700",1.39261740938403e-18,-1.51918896835513,0.297,0.074,2.86085394409762e-14
"AT1G57765",1.51138589825349e-18,-1.90122344594728,0.279,0.066,3.10484005078215e-14
"AT3G47550",1.54080302596386e-18,-2.03153708728144,0.462,0.156,3.16527165623756e-14
"AT1G48440",1.90402092658349e-18,-1.59520505164859,0.848,0.319,3.91143018948046e-14
"AT4G13270",1.91910274301679e-18,-1.884822040357,0.304,0.078,3.94241276497939e-14
"AT2G44500",2.10529001959471e-18,-2.0375442093399,0.603,0.222,4.32489728725342e-14
"AT1G29470",2.12528136466978e-18,-2.16480705022289,0.443,0.148,4.36596550744113e-14
"AT3G47800",2.34937282264341e-18,-1.97958832879431,0.759,0.285,4.82631658955635e-14
"AT3G51730",2.44632410166023e-18,-1.17957707969084,0.927,0.351,5.0254836020406e-14
"AT5G35690",3.12783664245468e-18,-1.776367633662,0.282,0.068,6.42551481459464e-14
"AT1G69750",3.69426733169834e-18,-2.68482493120836,0.472,0.163,7.5891333795079e-14
"AT3G19970",3.70583737931202e-18,-1.91012372937654,0.439,0.148,7.61290172832069e-14
"AT2G25520",4.03989483595703e-18,-2.05479331514574,0.375,0.116,8.29915596150653e-14
"AT1G70420",4.82966760056211e-18,-0.973365618781303,0.829,0.321,9.92158615183474e-14
"AT3G14067",5.25757391211146e-18,-1.97914334991636,0.725,0.275,1.08006340876506e-13
"AT5G08500",6.33898035902429e-18,-1.59053205464472,0.302,0.08,1.30221673515436e-13
"AT1G35620",7.12960465725067e-18,-1.64456060894869,0.273,0.066,1.46463468473901e-13
"AT4G37640",7.85565761341578e-18,-4.81861275601173,0.246,0.362,1.613787743524e-13
"AT2G34250",7.90676918779599e-18,-3.62250441144196,0.747,0.575,1.62428759424893e-13
"AT4G14420",8.66760890975133e-18,-2.31777004197207,0.542,0.197,1.78058689833022e-13
"AT3G08650",8.94733821678132e-18,-2.14299121637793,0.574,0.211,1.83805168987339e-13
"AT3G59350",9.56467873043946e-18,-0.439358017674652,0.954,0.395,1.96487195159418e-13
"AT1G04260",1.04492744669312e-17,-1.86078079028549,0.288,0.074,2.14659445374168e-13
"AT2G17720",1.08213675443549e-17,-4.53070632184722,0.386,0.444,2.22303353463683e-13
"AT4G16180",1.13469392355581e-17,-1.69256119842466,0.264,0.061,2.33100172716069e-13
"AT4G34240",1.17963952778268e-17,-2.17158732320552,0.41,0.135,2.42333348192395e-13
"AT5G64260",1.19387385860052e-17,-1.1814501852556,0.869,0.34,2.45257506772305e-13
"AT5G18630",1.24938201862374e-17,-1.66178571336008,0.304,0.082,2.56660548085874e-13
"AT1G27290",1.38775095426037e-17,-1.96642869779196,0.537,0.197,2.85085678533709e-13
"ATMG01360",1.3903777574294e-17,-1.86250075257387,0.741,0.283,2.85625302708722e-13
"AT2G32150",1.60129275905294e-17,-0.321666250059428,0.876,0.374,3.28953571492246e-13
"AT4G27520",1.91875586999001e-17,-0.488648246582293,0.935,0.383,3.94170018372048e-13
"AT5G35460",2.04903710297845e-17,-2.04885545337934,0.514,0.186,4.20933692064863e-13
"AT2G28305",2.20731306420217e-17,-1.93970774174219,0.442,0.152,4.53448322779052e-13
"AT1G75280",2.25608131632404e-17,-1.12335260893983,0.277,0.07,4.63466784812448e-13
"AT4G39090",2.93740621930007e-17,-1.08855255183532,0.994,0.683,6.03431359630814e-13
"AT1G69980",3.07749000232092e-17,-2.02804921352147,0.379,0.123,6.32208771176787e-13
"AT1G70330",3.34693662229654e-17,-2.05580900833327,0.31,0.087,6.87561190318379e-13
"AT5G23575",3.41044829442898e-17,-2.17318890623667,0.376,0.121,7.00608393124546e-13
"AT4G01360",4.06156320426463e-17,-0.541420937476343,0.555,0.22,8.34366929052082e-13
"AT5G16780",4.22932844598493e-17,-2.02274420488242,0.342,0.104,8.68830942658685e-13
"AT1G62790",4.35197132688477e-17,-2.23245233706209,0.359,0.112,8.94025469681938e-13
"AT1G66580",4.81628715818938e-17,-0.533721692181894,0.994,0.896,9.89409870906845e-13
"AT1G65270",5.58388758118857e-17,-1.95396884049328,0.362,0.114,1.14709802580357e-12
"AT1G09250",5.820934824884e-17,-1.61019412599952,0.266,0.066,1.19579464107592e-12
"AT3G11820",6.9963068355214e-17,-0.801867701786723,0.939,0.372,1.43725131322116e-12
"AT1G29330",7.00107481525808e-17,-1.9286527445107,0.407,0.137,1.43823079929847e-12
"AT1G12360",7.17012088881505e-17,-2.29877478202173,0.302,0.085,1.47295793418927e-12
"AT3G07680",9.82086712918003e-17,-2.09403574906329,0.719,0.277,2.01750073434745e-12
"AT1G76670",1.14932322271806e-16,-2.34963943480529,0.507,0.186,2.36105469642971e-12
"AT1G65490",1.17100284721236e-16,-0.745416913748496,0.258,0.063,2.40559114902835e-12
"ATCG00040",1.21850967173576e-16,-0.604227991878697,0.966,0.391,2.50318441864678e-12
"AT2G07671",1.5161968848539e-16,-3.95738136365683,0.511,0.495,3.11472326055538e-12
"AT5G25265",1.74402578660035e-16,-2.02609253053956,0.645,0.249,3.58275217341309e-12
"AT5G01800",2.0437741263055e-16,-2.16988948686342,0.617,0.237,4.19852518766938e-12
"AT2G29420",2.70474568263911e-16,-3.2706631541452,0.611,0.533,5.55635905584553e-12
"AT1G09645",3.17536406992131e-16,-1.95002575845747,0.337,0.106,6.52315040883934e-12
"AT5G27520",3.32666971141286e-16,-1.79859839409632,0.653,0.256,6.83397758815545e-12
"AT1G67865",3.98869627610674e-16,-4.50465521715463,0.284,0.378,8.19397876000607e-12
"AT1G72510",4.48894339780082e-16,-1.97921815360496,0.498,0.186,9.22163642210223e-12
"AT1G66760",4.57631957869425e-16,-1.22200960268958,0.396,0.137,9.40113331051159e-12
"AT2G38790",5.00304650113036e-16,-0.648510387293746,0.378,0.131,1.02777584272721e-11
"AT3G13720",5.25678881079874e-16,-1.88339622385934,0.273,0.074,1.07990212540238e-11
"AT2G31570",5.92536165216037e-16,-1.41103065450347,0.281,0.078,1.2172470442033e-11
"AT5G13640",6.27152995591122e-16,-1.88708740801631,0.289,0.082,1.28836039884284e-11
"AT2G31200",6.67026013499079e-16,-1.76324689167873,0.257,0.066,1.37027153953116e-11
"AT1G14010",7.78553199864864e-16,-2.01642327134511,0.253,0.063,1.59938183848239e-11
"AT2G02040",7.81281065591481e-16,-1.86593604101232,0.261,0.068,1.60498569304458e-11
"AT2G44490",9.32840430967564e-16,-1.43514142950059,0.813,0.321,1.91633409733667e-11
"AT3G44100",9.78862325081477e-16,-2.11345521943269,0.595,0.23,2.01087687441488e-11
"AT1G79930",9.93273968882148e-16,-1.91622226172722,0.251,0.063,2.0404827142746e-11
"AT1G62300",1.06721573786296e-15,-4.78986486649014,0.132,0.254,2.19238129029187e-11
"AT2G27260",1.07318183792668e-15,-1.85664450357195,0.26,0.068,2.20463744965277e-11
"AT1G13990",1.07626590912641e-15,-1.85818225657602,0.423,0.152,2.21097305711838e-11
"AT5G11970",1.17039751342435e-15,-2.24623340213308,0.324,0.101,2.40434761182763e-11
"AT3G13110",1.37058188709375e-15,-1.99395734333197,0.291,0.085,2.8155863706567e-11
"AT5G19000",1.4041920395376e-15,-2.06674199281195,0.299,0.089,2.8846317068221e-11
"AT1G68600",1.78266040483381e-15,-1.67734167113095,0.25,0.063,3.6621192696501e-11
"AT5G57330",1.80013311342797e-15,-1.95446291161833,0.309,0.095,3.69801345491509e-11
"AT3G25220",1.95666729230747e-15,-3.69394927486833,0.799,0.577,4.01958161858724e-11
"AT1G72520",2.13382523222706e-15,-2.54674683881256,0.773,0.584,4.38351717456404e-11
"AT4G26240",2.5828757680132e-15,-1.87253923948141,0.26,0.07,5.30600169022952e-11
"AT5G63810",2.86035589821556e-15,-2.16289151154031,0.325,0.104,5.87602912170422e-11
"AT1G24145",3.01991167944201e-15,-1.03532749949625,0.703,0.292,6.20380456307772e-11
"AT1G24140",3.80188331295849e-15,-1.91380058498028,0.619,0.245,7.81020888981062e-11
"ATCG00720",4.03227978840288e-15,-0.575754515660418,0.997,0.852,8.28351236931604e-11
"AT1G04970",4.14373914273834e-15,-1.57684780538652,0.25,0.066,8.51248332092737e-11
"AT4G11220",5.13386930052934e-15,-1.53611835217057,0.771,0.309,1.05465077040774e-10
"AT1G80950",5.18015300403535e-15,-2.16668890126921,0.322,0.104,1.06415883161898e-10
"AT5G13180",5.33923413661157e-15,-1.97710929941812,0.334,0.11,1.09683886868411e-10
"AT4G37990",5.62431192704901e-15,-4.46373690561444,0.25,0.349,1.15540239917368e-10
"AT3G06420",6.32135495473778e-15,-2.14949897754422,0.354,0.121,1.29859594835178e-10
"AT4G23190",7.14979289432201e-15,-3.74975378262276,0.615,0.522,1.46878195428057e-10
"AT4G24330",7.7739797628013e-15,-2.31980911036796,0.307,0.097,1.59700866267227e-10
"AT3G48570",7.98068867288803e-15,-2.46098389595792,0.451,0.169,1.63947287407139e-10
"AT5G45710",8.06355379746613e-15,-2.21511504657111,0.256,0.07,1.65649585661347e-10
"AT3G61980",8.44514386888305e-15,-2.15564594178906,0.578,0.228,1.73488590498464e-10
"AT3G05010",8.67390878586247e-15,-1.8857547391593,0.251,0.068,1.78188108187973e-10
"AT1G10950",9.79616576083996e-15,-1.87277841678476,0.263,0.074,2.01242633224935e-10
"AT5G56980",1.17835695457074e-14,-1.44741930736559,0.922,0.653,2.42069869177467e-10
"AT3G06170",1.30890686414925e-14,-2.371063351191,0.466,0.178,2.6888873710218e-10
"AT1G42990",1.54756092544747e-14,-3.01015641204027,0.781,0.573,3.17915440914674e-10
"AT3G19010",1.77925539003605e-14,-1.71274482289757,0.528,0.209,3.65512434775106e-10
"AT1G28480",1.89308523239637e-14,-1.82479300523115,0.303,0.097,3.88896499291186e-10
"AT5G27430",1.9104846206026e-14,-2.44379464416075,0.487,0.188,3.92470855610391e-10
"AT4G31860",1.95048144773668e-14,-2.59691611717519,0.297,0.093,4.00687403808547e-10
"AT4G02410",1.95253237153215e-14,-1.93356901639159,0.264,0.076,4.0110872508385e-10
"AT1G19380",2.22388690701936e-14,-1.9503415031072,0.929,0.619,4.56853087308986e-10
"AT2G03120",2.28161940571504e-14,-1.93119837847647,0.251,0.07,4.6871307451604e-10
"AT5G64750",2.33987648103967e-14,-1.70343606481799,0.588,0.239,4.8068082549998e-10
"AT4G18950",2.41298314661871e-14,-1.11099405127086,0.959,0.7,4.95699127809883e-10
"AT1G10585",2.44285598920112e-14,-4.8100660461147,0.207,0.313,5.01835905861587e-10
"AT5G64740",2.58011293355576e-14,-2.25087563321254,0.385,0.14,5.30032599940359e-10
"AT1G29340",2.90588438196852e-14,-1.89802426661816,0.69,0.279,5.96955828587792e-10
"AT3G53420",3.07536257714934e-14,-0.499489231107678,0.932,0.406,6.31771734223789e-10
"AT1G27760",3.54473801365172e-14,-1.80666713528184,0.305,0.099,7.28195530144472e-10
"AT5G01750",3.6385715799756e-14,-1.18239741496772,0.959,0.685,7.47471759674388e-10
"AT3G02750",4.36564003685563e-14,-2.25844157094274,0.261,0.076,8.96833432771251e-10
"AT5G16550",4.54112373822129e-14,-1.94096568791203,0.253,0.072,9.32883049542799e-10
"AT1G18260",4.86009763145914e-14,-2.29491473725581,0.265,0.078,9.98409856430652e-10
"AT2G32380",4.88678450339496e-14,-2.28089690355984,0.285,0.089,1.00389214053243e-09
"AT4G12650",5.18782487660691e-14,-2.18878686776877,0.268,0.08,1.06573486440136e-09
"AT1G71697",5.35133117904258e-14,-1.47766539140437,0.929,0.649,1.09932396411072e-09
"ATCG00180",5.50340795868255e-14,-2.0782669842455,0.718,0.292,1.13056509695216e-09
"AT1G13350",6.21829944201477e-14,-2.14955807114642,0.292,0.093,1.2774252543731e-09
"AT2G43290",7.35948680757578e-14,-3.62900649367561,0.466,0.461,1.51185937488029e-09
"AT3G06500",8.270074284055e-14,-1.20475933871689,0.875,0.359,1.69892136017342e-09
"AT2G40890",8.36899073084341e-14,-4.61291355690802,0.273,0.357,1.71924176583716e-09
"AT2G22990",8.86853392057799e-14,-2.3344683626024,0.73,0.296,1.82186292330434e-09
"AT5G64250",9.03085678577719e-14,-2.58776896700763,0.474,0.186,1.85520890950221e-09
"AT5G54860",9.77572846622165e-14,-4.60002152543675,0.231,0.328,2.00822789881591e-09
"AT5G44800",9.79193544971069e-14,-1.99017574053505,0.265,0.08,2.01155729943407e-09
"AT2G39360",9.81974337784938e-14,-4.73667278269111,0.176,0.283,2.0172698821116e-09
"AT5G57990",1.07161923962794e-13,-2.24381795598783,0.296,0.097,2.20142740396767e-09
"AT4G01320",1.33084281277155e-13,-2.19104873710364,0.308,0.104,2.73395039027659e-09
"AT1G09330",1.40715994565921e-13,-2.28829787749426,0.353,0.127,2.89072867636772e-09
"AT5G25440",1.95081332781593e-13,-1.36005431900383,0.288,0.095,4.00755581933226e-09
"AT1G75750",2.19475408399357e-13,-2.34037466205348,0.455,0.486,4.50868331474799e-09
"AT5G45350",2.84492307612576e-13,-1.62304765944924,0.669,0.279,5.84432547528515e-09
"AT2G18700",2.87212050691803e-13,-2.32428380206054,0.389,0.148,5.9001971573617e-09
"AT3G55970",3.11492805178477e-13,-1.1632799868614,0.306,0.106,6.39899669678146e-09
"AT1G33590",3.19433990630866e-13,-2.69086452716557,0.843,0.584,6.56213246952987e-09
"AT1G66160",3.20245685045654e-13,-1.92427358416468,0.722,0.3,6.57880710789287e-09
"AT2G01180",3.62598913005188e-13,-2.38776704485927,0.907,0.6,7.44886946986557e-09
"AT5G55960",4.09574179904459e-13,-2.23199289747464,0.275,0.089,8.4138823777773e-09
"AT1G21750",4.61747449288533e-13,-2.95177880553266,0.453,0.18,9.48567785073434e-09
"AT1G52600",4.80576780085266e-13,-2.71206494511185,0.414,0.161,9.87248879329163e-09
"AT4G31340",6.91058624449451e-13,-2.29769519445238,0.509,0.207,1.41964173220651e-08
"AT1G59590",6.99417667683614e-13,-1.71132252664947,0.3,0.104,1.43681371472245e-08
"AT1G70160",7.11771251440735e-13,-2.29886117864549,0.358,0.133,1.4621916818347e-08
"AT4G36040",9.50577996021964e-13,-1.15472287730413,0.924,0.67,1.95277237722792e-08
"AT3G17780",9.92340612704709e-13,-2.34704026389932,0.406,0.159,2.03856532067928e-08
"AT5G56350",1.11946287544726e-12,-2.3161296502725,0.298,0.104,2.29971258503131e-08
"AT1G78380",1.36906445975124e-12,-1.04400357993157,0.994,0.683,2.81246911966697e-08
"AT1G31580",1.37296156336707e-12,-3.05973440629709,0.686,0.548,2.82047493962498e-08
"AT4G34720",1.40229358674531e-12,-1.36732281170114,0.939,0.381,2.88073171525088e-08
"AT5G08240",1.62391948520862e-12,-2.14131615294088,0.559,0.233,3.33601779846406e-08
"AT3G14660",1.80978229423866e-12,-3.09880637038562,0.806,0.567,3.71783576705449e-08
"AT3G28340",2.46228252484685e-12,-3.42876777547646,0.662,0.524,5.05826699079288e-08
"AT1G12110",2.74292518168934e-12,-2.52983042264861,0.444,0.18,5.63479120074441e-08
"AT1G22200",3.0594945837072e-12,-2.28650765502517,0.295,0.104,6.28511972330969e-08
"AT3G13750",3.27342338217868e-12,-2.16420869362645,0.59,0.249,6.72459365400967e-08
"AT2G47140",3.92341264322263e-12,-0.929590419965455,0.252,0.082,8.05986659297225e-08
"AT1G61890",3.95699323756803e-12,-0.564275932361218,0.954,0.425,8.128851207936e-08
"AT5G40670",4.56607483327839e-12,-2.54803993381814,0.406,0.163,9.38008753000379e-08
"AT5G19230",8.93949028423112e-12,-4.41543483630084,0.236,0.319,1.8364394890896e-07
"AT3G66654",9.41742600970777e-12,-2.35578856140401,0.366,0.144,1.93462182517427e-07
"AT1G73080",1.02263425082049e-11,-3.86466490339209,0.588,0.497,2.10079754146052e-07
"AT4G30350",1.15985505506261e-11,-2.53527130111998,0.367,0.146,2.38269023961511e-07
"AT3G04090",1.47183752475187e-11,-2.39030164624135,0.51,0.216,3.02359582709777e-07
"AT2G02180",2.34382366095153e-11,-2.40336127469805,0.332,0.129,4.81491694669273e-07
"AT2G46330",2.40738202125006e-11,-1.80335148618673,0.964,0.611,4.945484886254e-07
"AT5G03080",2.5201040083983e-11,-2.26871097615959,0.293,0.108,5.17704966445263e-07
"AT3G55840",2.60867804862707e-11,-0.533909204234596,0.792,0.372,5.35900731529459e-07
"AT3G25840",2.62537836848701e-11,-2.259756076616,0.25,0.085,5.39331478238287e-07
"AT5G17000",2.73172605902713e-11,-2.38348859535488,0.761,0.556,5.61178484305943e-07
"AT5G11700",3.54212268773784e-11,-2.21032205591571,0.252,0.087,7.27658263741984e-07
"AT1G03730",3.86543177442894e-11,-2.2642330857144,0.279,0.101,7.94075649420938e-07
"AT3G14050",4.0008494967817e-11,-1.70723097990881,0.784,0.336,8.21894512123865e-07
"AT4G24960",4.61555504248991e-11,-2.33833828443447,0.453,0.192,9.48173472378702e-07
"AT3G51550",5.49776878857979e-11,-2.48186784791834,0.27,0.097,1.12940664223795e-06
"AT3G28450",5.81696113428807e-11,-4.7156108148653,0.164,0.256,1.1949783258168e-06
"AT5G42530",5.85000532919041e-11,-1.39096241693365,0.643,0.581,1.20176659477559e-06
"AT2G40880",6.03982820503085e-11,-0.657971406401819,0.955,0.419,1.24076190815949e-06
"AT5G57655",6.71701823042474e-11,-2.24845649157026,0.591,0.256,1.37987705507615e-06
"AT1G75220",7.38528931705139e-11,-2.3684392169213,0.448,0.19,1.51715998440187e-06
"AT5G03460",8.00661984850515e-11,-1.46146448365214,0.927,0.383,1.64479991547841e-06
"AT3G09440",8.52005013400077e-11,-1.82374250821151,0.662,0.288,1.75027389902778e-06
"AT5G56170",8.54978446725555e-11,-1.71699458605009,0.84,0.353,1.75638222310831e-06
"AT3G05500",1.14896649058429e-10,0.498335986243996,0.976,0.632,2.3603218616073e-06
"AT3G52470",1.15443549536102e-10,-4.27368732681413,0.351,0.385,2.37155683812015e-06
"AT1G01650",1.24711756001316e-10,-2.29976780356681,0.369,0.152,2.56195360353504e-06
"AT2G25430",1.33306240095303e-10,-2.45398112140639,0.281,0.106,2.73851009027781e-06
"AT1G07230",1.35740643721041e-10,-2.543617041316,0.258,0.093,2.78852004396135e-06
"AT5G04990",1.39007566983969e-10,-2.50422826958299,0.331,0.133,2.85563244855168e-06
"ATCG00710",1.60114398786329e-10,-1.11456475798921,0.94,0.404,3.28923009426756e-06
"AT4G33905",1.72125277475999e-10,-1.92830532800884,0.394,0.167,3.53596957518944e-06
"AT5G47220",2.37283149886242e-10,-2.25068183635207,0.389,0.165,4.87450774811306e-06
"AT4G34131",2.67602615026066e-10,-1.24593852541899,0.485,0.218,5.49736052048047e-06
"AT4G32410",3.13272216913248e-10,-2.4383999271519,0.273,0.104,6.43555115204886e-06
"AT3G22380",3.20704931183499e-10,-2.43164088375074,0.25,0.091,6.58824140130261e-06
"AT4G01610",3.34171738094446e-10,-2.4371433664284,0.629,0.277,6.8648900156742e-06
"AT1G72150",3.4052898033202e-10,-1.54550149474976,0.937,0.395,6.99548684296068e-06
"AT4G35480",4.11067803499728e-10,-1.98190334511859,0.453,0.199,8.4445658872949e-06
"AT1G53210",4.39583373937778e-10,-1.53791375537225,0.868,0.372,9.03036125080377e-06
"AT1G20440",4.46275282451898e-10,-0.603315821119391,0.792,0.381,9.16783312740934e-06
"AT1G76970",4.53153328029955e-10,-2.39346927194867,0.274,0.106,9.30912881771936e-06
"AT5G44290",6.09735007058075e-10,-2.09299558065101,0.27,0.104,1.2525786249994e-05
"AT1G22930",6.23824338484855e-10,-2.62834457160784,0.25,0.093,1.28152233854944e-05
"AT1G35350",6.29857397224314e-10,-2.22947736283758,0.342,0.144,1.29391605111791e-05
"AT2G07708",7.79981394912235e-10,-2.80586647552475,0.28,0.11,1.6023157795682e-05
"AT4G37760",7.99760530281574e-10,-2.23208647096823,0.284,0.112,1.64294805735744e-05
"AT3G09390",1.31719864754149e-09,-0.60127708879571,0.998,0.795,2.70592118164448e-05
"AT5G02380",1.75525038798455e-09,-3.75350304401705,0.532,0.461,3.60581087203666e-05
"AT4G36195",1.80345753364533e-09,-2.80548746143996,0.428,0.19,3.7048428113676e-05
"AT5G54165",2.73051520426348e-09,-1.26188718963815,0.666,0.309,5.60929738411847e-05
"AT1G76070",3.37437990170606e-09,-3.30291858842038,0.535,0.461,6.93198863207476e-05
"ATCG00380",3.86320483490855e-09,-1.13466202130949,0.994,0.638,7.93618169235264e-05
"AT2G21190",4.01366020178327e-09,-2.50391730260012,0.5,0.226,8.24526215252337e-05
"AT2G37110",4.03087329424988e-09,-1.30079244362351,0.922,0.397,8.28062300837754e-05
"AT2G15480",4.56344958194552e-09,-3.52662527075534,0.401,0.4,9.37469447619067e-05
"AT1G26850",4.61603129599408e-09,-2.52605576470021,0.386,0.171,9.48271309136063e-05
"ATCG00560",5.02792065725379e-09,-0.629338176192888,0.996,0.837,0.000103288574061965
"AT1G05575",6.08171415548386e-09,-1.60096449204312,0.847,0.592,0.000124936653896105
"AT2G32800",6.48162000960764e-09,-3.65619886050769,0.374,0.385,0.00013315191985737
"AT1G07890",6.62082724744936e-09,-1.09618950203572,0.976,0.658,0.000136011654144352
"AT3G13310",6.66346817234515e-09,-0.497343876823548,0.939,0.44,0.000136887626664486
"AT1G12240",8.44834646101755e-09,-2.39697287266872,0.303,0.129,0.000173554381348684
"AT1G22750",9.21889047938344e-09,-2.54394551913206,0.271,0.112,0.000189383667117974
"AT5G17190",9.47465235464405e-09,-2.50856203390927,0.532,0.243,0.000194637783321453
"AT3G54200",1.00534230867527e-08,-2.25855141096822,0.32,0.14,0.000206527470471161
"ATCG00670",1.05522675917641e-08,-1.57880170508472,0.986,0.605,0.000216775233137611
"AT1G15430",1.28794335011005e-08,-1.19161503557968,0.886,0.395,0.000264582202413108
"AT4G24230",1.32034759608358e-08,-2.55812331308569,0.324,0.142,0.00027123900666345
"AT1G01230",1.47002095399027e-08,-2.74134634657288,0.474,0.218,0.000301986404578222
"AT2G21160",1.8158651168592e-08,-2.37243567459236,0.767,0.34,0.000373033170956386
"AT5G48530",2.34225031872558e-08,-2.65659200201604,0.364,0.165,0.000481168482975797
"AT1G34260",2.43640185791249e-08,-2.58602312116625,0.469,0.218,0.000500510033670963
"AT1G21900",2.87241337709801e-08,-2.76067378010446,0.421,0.195,0.000590079880057245
"AT5G05190",2.99682759030929e-08,-2.58674409540903,0.307,0.135,0.000615638291877238
"AT1G74330",3.02050977175777e-08,-2.35217165869513,0.288,0.125,0.000620503322412198
"AT2G27580",3.83821195649952e-08,-2.65444485676607,0.436,0.203,0.000788483882223696
"AT5G16910",4.23163655615652e-08,-4.28747940342931,0.301,0.336,0.000869305097731233
"AT4G15130",4.59892949930351e-08,-2.63100776363424,0.263,0.112,0.000944758087041921
"AT5G52050",4.87654446028539e-08,-0.619212326142709,0.857,0.421,0.00100178852847643
"AT5G03030",6.35603337488456e-08,-1.96001878922325,0.797,0.359,0.00130571993620254
"ATCG00570",6.55055155103457e-08,-0.598123482240993,0.997,0.812,0.00134567980512903
"AT3G13520",7.31685305649228e-08,-2.00558142734198,0.617,0.29,0.00150310112339521
"AT4G08230",7.71195934007458e-08,-2.70394782459658,0.361,0.167,0.00158426780723152
"AT5G20010",8.06511123588053e-08,-0.772038447209816,0.975,0.672,0.00165681580118694
"AT5G18480",8.54054627268571e-08,-4.4961447167773,0.247,0.298,0.00175448442079783
"ATCG00540",8.5538515263081e-08,-1.35643201752944,0.986,0.603,0.00175721771904947
"AT4G25230",1.07069462882072e-07,-2.53548807182074,0.27,0.118,0.00219952797598641
"AT3G51450",1.16603557149094e-07,-2.37292617711808,0.467,0.222,0.00239538687451385
"GSR 1",1.26563108773201e-07,-2.06062327340416,0.279,0.125,0.00259998594352788
"AT5G14030",1.30737071672531e-07,-1.94049129669885,0.883,0.387,0.00268573166336881
"AT1G09210",1.81930502132338e-07,-3.19598626872895,0.27,0.121,0.00373739830530462
"AT5G39670",1.94246286313276e-07,-3.42956513171152,0.246,0.298,0.00399040145973364
"AT1G17290",2.6824305783466e-07,-1.74498114273765,0.875,0.389,0.00551051713709741
"ATMG00640",2.90170048913034e-07,-2.62291699284299,0.309,0.144,0.00596096331482046
"AT3G52850",3.11112097151998e-07,-2.69208518911974,0.599,0.283,0.0063911758117935
"AT1G18720",3.51437086765647e-07,-3.04241336919596,0.796,0.531,0.00721957207342669
"AT3G03860",3.61735018443038e-07,-2.7659011732203,0.347,0.165,0.00743112248387533
"AT3G55410",3.75954333810608e-07,-2.79946693734495,0.445,0.216,0.00772322987947133
"AT1G20100",3.84675825053222e-07,-1.38326604475085,0.899,0.408,0.00790239547406834
"AT2G25110",3.84828403778207e-07,-3.07520305343171,0.367,0.175,0.0079055298988157
"AT4G16760",4.2627410292231e-07,-2.7467407710297,0.402,0.195,0.00875694889633302
"AT5G40370",4.34726789009363e-07,-1.40035149798257,0.935,0.416,0.00893059242661934
"AT4G19880",5.34788908073702e-07,-2.19158313689363,0.285,0.133,0.0109861685385581
"AT5G42980",6.17206513527722e-07,-1.12544492116546,0.99,0.619,0.0126792734074
"AT2G33580",6.30686417830867e-07,-2.29833997822447,0.749,0.347,0.0129561910814995
"AT4G30190",6.55181818018962e-07,-2.69398993487676,0.327,0.156,0.0134594000875635
"ATCG01010",8.40115379101525e-07,-1.90130955223118,0.864,0.391,0.0172584902328826
"AT5G05110",8.52809828461951e-07,-2.88621146837971,0.366,0.178,0.0175192723060939
"AT1G76690",8.67895059186901e-07,-1.70093074410456,0.366,0.18,0.0178291682008765
"AT2G03510",9.46747155072473e-07,-2.90126817814085,0.276,0.129,0.0194490268066538
"AT5G65300",9.67575091584747e-07,-0.348681742531024,0.946,0.478,0.0198768951064255
"AT4G23220",1.40998360048448e-06,-2.22497391649665,0.265,0.125,0.0289652931047526
"AT1G23130",1.41562477883232e-06,-4.17249541953028,0.34,0.347,0.0290811798315523
"ATCG01040",1.44543560419098e-06,-1.41175802930046,0.984,0.592,0.0296935836168952
"AT1G11910",1.56926951082628e-06,-1.81396876067407,0.97,0.575,0.0322375035609042
"AT3G62830",1.75649723589142e-06,-2.70154843637835,0.28,0.133,0.0360837227169175
"AT4G38790",1.80251395223025e-06,-2.80896871018328,0.275,0.131,0.037029044120666
"AT1G79940",1.81076010106076e-06,-2.98290351258004,0.257,0.121,0.0371984447560912
"AT1G65720",1.83844721805177e-06,-2.38300276013735,0.917,0.556,0.0377672212004374
"AT2G14720",2.02350431017018e-06,-2.75361645524643,0.405,0.201,0.0415688490438261
"AT3G49580",2.59424296635951e-06,-4.40054901592614,0.203,0.254,0.0532935332579233
"AT3G05200",3.01844795751046e-06,-2.79743425276676,0.811,0.529,0.0620079763911374
"AT3G25780",3.38983068238841e-06,-1.93240368160126,0.796,0.543,0.0696372917083051
"AT4G23010",3.52230891106117e-06,-3.97204373483227,0.311,0.326,0.0723587919599295
"AT1G03740",3.85763433398541e-06,-2.49899979263466,0.571,0.281,0.0792473821230622
"AT1G56140",3.93958905052656e-06,-3.94139657445465,0.392,0.37,0.0809309778649672
"AT4G08170",4.69252250737382e-06,-2.77894240991796,0.254,0.123,0.0963984898689803
"AT5G63770",5.34032407850516e-06,-2.65472294552717,0.381,0.192,0.109706277544732
"AT2G02860",5.36607662535856e-06,-2.64734817697798,0.318,0.159,0.110235312114741
"AT5G12010",5.48672019444386e-06,-2.54250198895273,0.628,0.307,0.11271369295446
"AT1G73920",6.68655748539145e-06,-3.95992503291264,0.431,0.387,0.137361950422397
"AT1G67920",7.23723476500292e-06,-2.61138281263102,0.47,0.412,0.148674513777455
"AT5G42300",8.16135932831447e-06,-0.601682216369877,0.992,0.474,0.167658804681564
"AT3G52400",9.63606540155591e-06,-1.8594251417053,0.883,0.562,0.197953691544163
"AT1G10140",1.11538501421121e-05,-2.91250140014311,0.27,0.135,0.229133543469409
"AT3G21070",1.1442355361393e-05,-1.32573828764246,0.83,0.397,0.235060306189096
"AT3G21630",1.20382486790861e-05,-4.23621944530199,0.249,0.281,0.247301742614466
"AT5G19590",1.43764347627035e-05,-2.41424834037738,0.795,0.372,0.295335099330219
"AT2G32200",1.70722094509109e-05,-2.30691413857536,0.382,0.199,0.350714398750062
"AT1G61770",1.73329859795466e-05,-2.85523168159492,0.287,0.146,0.356071530977825
"AT1G07160",1.77480575604073e-05,-1.80919884455527,0.432,0.226,0.364598346463447
"AT1G08770",1.93295614153977e-05,-2.75462878239515,0.376,0.195,0.397087180156514
"AT1G61250",1.96100987323813e-05,-3.03619290839357,0.769,0.51,0.40285025825931
"AT5G05600",1.99783970573515e-05,-2.15380418911491,0.732,0.353,0.410416210749172
"AT3G02880",3.04011422216965e-05,-3.60133298845773,0.46,0.395,0.62453066466031
"AT2G25450",3.31908309977775e-05,-1.30350087025599,0.443,0.239,0.681839241187344
"AT1G77370",4.08934086935035e-05,-2.38371967302186,0.785,0.372,0.840073294790643
"AT4G31500",4.28526697889108e-05,-2.0675526244506,0.354,0.188,0.880322395473595
"AT3G52360",4.5534000259028e-05,-2.91300879048024,0.406,0.214,0.935404967321213
"AT1G16180",4.60601657664258e-05,-2.82151364217756,0.854,0.529,0.946213985339685
"ATCG00170",4.69796325729883e-05,-1.01278788019318,0.976,0.455,0.965102591946898
"AT4G36945",4.71271935894912e-05,-4.31898328816856,0.245,0.273,0.968133937908917
"AT5G19070",5.74573087537125e-05,-2.83891770090888,0.25,0.129,1
"AT4G19200",7.40922800854565e-05,-2.18530861647771,0.637,0.478,1
"AT4G31800",7.65480934832725e-05,-0.278738562044789,0.935,0.501,1
"AT3G30390",8.0106186747062e-05,-2.58839956874806,0.687,0.34,1
"AT3G50260",9.91834081720249e-05,-1.69208477059831,0.836,0.404,1
"AT1G56060",0.0001034813325936,-0.81912479643798,0.431,0.247,1
"AT5G47910",0.000121937710258874,-3.21066659767852,0.616,0.452,1
"ATCG00500",0.000128412310518197,-1.6589677707655,0.912,0.423,1
"AT4G15470",0.00014467743555313,-2.95048145605172,0.787,0.505,1
"AT3G20510",0.000155217403730607,-2.78890311628175,0.729,0.488,1
"AT5G49520",0.000161008929512646,-2.85701903886531,0.66,0.467,1
"AT4G39730",0.000164119749911057,-1.94080738828031,0.828,0.395,1
"AT2G39660",0.000166884671106433,-2.17471947696932,0.771,0.376,1
"AT3G59080",0.000169437817669158,-2.92752455128301,0.325,0.178,1
"AT5G03380",0.00017449092700775,-1.65115387279957,0.732,0.37,1
"AT4G30600",0.000195708727508625,-3.3664930870977,0.685,0.474,1
"AT5G19250",0.000223816218725525,-2.60839396531677,0.554,0.292,1
"AT1G52890",0.000254791502326939,-2.1207922917418,0.416,0.228,1
"AT3G50480",0.000282438496848865,-2.56353460577246,0.488,0.404,1
"AT1G10580",0.000312173848767607,-3.30835156631768,0.273,0.15,1
"ATCG00790",0.000364583252111276,-0.754100332982488,0.987,0.626,1
"AT1G69640",0.00037772112280619,-2.82193590250666,0.42,0.23,1
"ATCG00580",0.000396183152629977,-0.610506861838353,0.982,0.486,1
"AT4G11600",0.000402868701782227,-0.447036029950994,0.992,0.748,1
"AT5G58710",0.00040909861165869,-3.02145588599018,0.542,0.288,1
"ATCG00590",0.000422515191434762,-0.962820436110349,0.988,0.611,1
"AT5G08380",0.00045190245083396,-3.29191784276601,0.342,0.19,1
"AT3G50900",0.000470041197761114,-4.04222521141484,0.275,0.281,1
"AT3G62720",0.000669959892783751,-2.03711027904125,0.797,0.391,1
"AT2G25735",0.000744306095623489,-1.00863927300748,0.44,0.26,1
"AT2G20370",0.000785870770059378,-2.77204687586874,0.325,0.184,1
"AT4G27680",0.000879571169773415,-3.21616167184773,0.302,0.171,1
"AT1G27770",0.000987397944188324,-2.45745756972633,0.656,0.34,1
"AT1G58030",0.00102099157136656,-3.09246977821756,0.315,0.18,1
"AT1G02400",0.00102436925975686,-3.26849791674778,0.456,0.376,1
"AT2G36950",0.00108650482855445,-2.83468845739066,0.368,0.209,1
"AT5G13190",0.00117449361358544,-0.3420705508051,0.992,0.772,1
"AT1G66090",0.00120596280285317,-1.70258220456289,0.495,0.279,1
"AT1G67060",0.00138775759954409,-2.99437019326866,0.347,0.199,1
"AT2G23120",0.00142445125417123,-0.827086317591324,0.962,0.484,1
"AT2G35930",0.00144452233807945,-2.28153839308105,0.255,0.148,1
"AT2G17120",0.00154140286543789,-1.54674580937118,0.843,0.421,1
"AT3G09570",0.00207202939420499,-4.04724714282677,0.277,0.275,1
"AT2G26560",0.00215236305577775,-3.20651885117515,0.245,0.256,1
"AT5G05300",0.0021651630856244,-2.60535716367642,0.338,0.197,1
"ATCG00120",0.00219784121075004,-1.16238862484557,0.972,0.467,1
"AT2G16900",0.00221908647753248,-3.10734544404795,0.621,0.44,1
"AT1G20450",0.0023194386551499,-0.560129169721213,0.965,0.518,1
"AT2G21620",0.00243651950591634,-2.15335801097517,0.914,0.533,1
"AT4G00300",0.00285102487137258,-2.21560785432782,0.797,0.397,1
"AT4G33910",0.00307125754642794,-2.50767504089251,0.728,0.372,1
"AT5G45110",0.0034077621763109,-2.8674299383918,0.314,0.186,1
"AT4G39080",0.00356910712802182,-3.22447748526358,0.389,0.226,1
"AT3G49570",0.00383636000348254,-2.41689496900115,0.312,0.186,1
"AT4G29900",0.00422503755729186,-2.76652102632581,0.251,0.15,1
"AT3G48890",0.00528803617517849,-2.86028805616547,0.722,0.372,1
"AT5G54940",0.00544863533311751,-0.425861773386944,0.992,0.736,1
"AT1G14880",0.00559376258696443,-3.24946802963539,0.261,0.26,1
"AT3G48780",0.00570338915705973,-3.26824861138133,0.347,0.207,1
"AT2G46170",0.00630521221511708,-3.64086554438353,0.458,0.366,1
"AT5G27760",0.00661055765416368,-3.69458477418795,0.436,0.355,1
"AT1G11260",0.00694086216329234,-4.29152432643112,0.42,0.349,1
"AT4G23630",0.00861023924187603,-2.77973241317789,0.612,0.334,1
"AT3G24550",0.00980366979009408,-3.19088157538865,0.285,0.175,1
"AT1G75270",0.00990501854987283,-3.31864278539712,0.342,0.207,1
"AT3G14690",0.0104194899926456,-3.4605195897438,0.632,0.433,1
"AT4G13340",0.0105771139536645,-3.02487717374502,0.344,0.209,1
"ATCG00350",0.0109039014082885,-0.522020718193203,0.992,0.67,1
"AT4G13180",0.0109822295433539,-2.72034912289712,0.284,0.175,1
"AT4G01870",0.0117458208951473,-1.08771433450666,0.897,0.567,1
"AT3G47670",0.0136283270112495,-3.06586715576499,0.297,0.184,1
"AT5G19860",0.014666998792628,-1.83645914587383,0.919,0.446,1
"AT1G13245",0.0159716993489093,-2.93260232866954,0.287,0.18,1
"ATCG00820",0.0162198246346095,-0.592635751868668,0.994,0.651,1
"AT5G10695",0.0173474848789444,-0.291024155733917,0.995,0.795,1
"AT3G48760",0.0201391130706663,-3.90667647435647,0.308,0.279,1
"AT1G26690",0.0205603251242412,-4.15513108561185,0.29,0.268,1
"AT2G07727",0.0291199638084216,-3.36012966187145,0.263,0.169,1
"AT4G23170",0.0291228217139533,-3.36303876383257,0.42,0.256,1
"AT3G22845",0.0305226756135935,-3.31291913924714,0.666,0.44,1
"AT1G32860",0.0320838743628625,-3.61861472094915,0.362,0.307,1
"AT3G23030",0.0340366853517428,-1.75703345772212,0.358,0.23,1
"AT5G63800",0.0346782775559738,-3.25850459335734,0.365,0.228,1
"AT5G01380",0.0387303055261699,-2.26139129282932,0.387,0.243,1
"AT1G55920",0.0397919831892559,-2.05151937708864,0.518,0.311,1
"AT1G19910",0.0412555102266326,-1.26912258037248,0.976,0.539,1
"AT5G03630",0.0413646787028503,-0.968160356022019,0.93,0.584,1
"AT2G40000",0.0436848275131865,-0.864137908317406,0.962,0.598,1
"AT1G02930",0.0465637003967816,-2.6662716677795,0.382,0.241,1
"AT4G12040",0.0474564509387624,-0.845715971235332,0.974,0.588,1
"AT1G78830",0.0482557487775649,-3.46578368719416,0.482,0.364,1
"AT1G31130",0.0525585540240342,-3.03594236883808,0.433,0.266,1
"AT5G42090",0.054552589630646,-3.31514777507181,0.403,0.252,1
"AT5G24660",0.0567055367344181,-2.82401076217302,0.327,0.285,1
"AT1G21670",0.0568240831026515,-2.49856546590363,0.813,0.486,1
"AT4G32940",0.0642351817208074,-3.64815536582362,0.379,0.311,1
"AT1G65820",0.0652473871557414,-2.56710290865942,0.86,0.495,1
"AT3G44190",0.0658288136982414,-0.789926510798763,0.935,0.605,1
"AT5G54300",0.0661923947817191,-2.79895914739623,0.415,0.26,1
"AT4G05100",0.0678054649141095,-2.7025587792453,0.41,0.33,1
"ATCG00480",0.0712829841823653,-1.1386466320223,0.979,0.554,1
"AT5G55180",0.077664508237064,-3.65340316645203,0.421,0.264,1
"AT2G24180",0.0809926826212445,-4.21571053890849,0.33,0.281,1
"ATMG00090",0.0872331406204171,-3.51925600861813,0.363,0.235,1
"AT2G41475",0.098680223098948,-3.44447788696041,0.297,0.26,1
"AT1G51805",0.105005237948703,-3.64865369723763,0.381,0.307,1
"AT1G37130",0.109290923858313,-1.7148898668657,0.821,0.438,1
"AT4G34100",0.126337537319835,-3.90854659048522,0.283,0.249,1
"AT4G36990",0.211807709100843,-2.67883820375512,0.7,0.391,1
"AT4G15800",0.212981517966989,-3.20380936086006,0.342,0.233,1
"AT3G10800",0.214431249644642,-3.32718246965308,0.374,0.249,1
"AT5G48380",0.226267661820567,-3.25434632016337,0.586,0.393,1
"AT5G19240",0.236001589405689,-1.6931547623562,0.893,0.469,1
"AT2G32210",0.241578412862776,-1.61514787286237,0.613,0.425,1
"AT3G10720",0.24160996399963,-2.86848207402844,0.606,0.402,1
"AT1G17620",0.243575289351418,-3.05877353390519,0.354,0.241,1
"AT4G20780",0.253391542239674,-3.02285910446201,0.466,0.298,1
"AT1G22410",0.253957445826341,-3.44003792541158,0.31,0.216,1
"AT1G59820",0.263488980202351,-3.31182269372762,0.26,0.186,1
"AT5G61560",0.264341129597876,-3.70247110789499,0.3,0.252,1
"AT5G57710",0.295224601792319,-3.68089212578075,0.281,0.239,1
"AT1G71520",0.336943810742239,-2.46505211787121,0.406,0.273,1
"AT2G22500",0.340915209110556,-0.463239417428621,0.946,0.586,1
"ATCG01050",0.342238841378355,-1.09481144381252,0.986,0.51,1
"AT5G27420",0.349036865309844,-1.05809072258111,0.918,0.512,1
"AT2G27080",0.360063900098313,-3.2501904798984,0.29,0.209,1
"AT4G02890",0.362173557476704,-1.09415622942743,0.957,0.512,1
"AT5G64300",0.383357547527099,-3.29089634738544,0.311,0.222,1
"AT1G30620",0.399977693024642,-3.39957377636616,0.418,0.279,1
"AT5G54500",0.411319074155869,-2.15104059038686,0.8,0.465,1
"AT3G01830",0.412147364597395,-1.73891707572742,0.788,0.442,1
"AT1G09940",0.585284846595604,-1.83723549321461,0.842,0.457,1
"AT3G20500",0.605165286470616,-2.98398506817755,0.52,0.334,1
"AT2G47470",0.618955508531717,-3.95954043865957,0.38,0.266,1
"AT1G05340",0.622542209103399,-2.82005017038228,0.409,0.302,1
"AT1G12760",0.652930087084342,-3.27349583520798,0.394,0.275,1
"AT4G21570",0.663998818547925,-2.25661435198411,0.816,0.446,1
"ATCG00080",0.688266365365468,-1.18850773504325,0.979,0.529,1
"AT4G34135",0.694421519172641,-2.29639508179047,0.396,0.281,1
"AT5G48180",0.755888655998117,-3.34401423387542,0.317,0.247,1
"AT5G57560",0.787365835853745,-1.10905353849618,0.987,0.685,1
"AT1G56340",0.79229233681691,-4.2574324895743,0.305,0.239,1
"ATCG00740",0.849782599241864,-0.826615447050223,0.987,0.545,1
"AT1G62180",0.850905471990305,-2.88762848271815,0.375,0.271,1
"AT2G20630",0.869710205884337,-1.23529945498363,0.95,0.505,1
"AT4G36010",0.889248567994484,-1.39491228536622,0.93,0.503,1
"AT4G24190",0.912963225326322,-4.38535990252346,0.424,0.296,1
"AT2G36850",0.917246539064655,-3.50275616609825,0.255,0.205,1
"AT2G37430",0.928534343502765,-2.12941429189597,0.263,0.216,1
"AT1G11310",0.96444504071745,-3.83374942870762,0.334,0.249,1
"AT2G36830",0.975550265527493,-2.05354914040023,0.858,0.486,1
