,p_val,avg_log2FC,pct.1,pct.2,p_val_adj,significant,p_val_adj_plot,gene,cluster
1,0,5.051106141,0.883,0.108,0,Yes,1.00E-300,AT1G14880,"6, 8, 9, 10, 13, 17"
2,0,5.296799983,0.836,0.076,0,Yes,1.00E-300,AT2G24850,"6, 8, 9, 10, 11, 12, 13, 17"
3,0,4.281537847,0.762,0.106,0,Yes,1.00E-300,AT2G39030,"6, 8, 10, 11, 12, 13"
4,0,3.673388648,0.743,0.16,0,Yes,1.00E-300,AT1G43160,"6, 8, 9, 10, 11, 12, 13"
5,0,3.97364926,0.816,0.25,0,Yes,1.00E-300,AT4G08870,"6, 7, 8, 11, 12, 13"
6,0,5.902146084,0.579,0.032,0,Yes,1.00E-300,AT5G03350,"6, 8, 11, 12, 13, 18"
7,0,4.561139412,0.647,0.148,0,Yes,1.00E-300,AT3G60415,"6, 8, 9, 10, 11, 12, 13, 17"
8,0,2.89838095,0.957,0.475,0,Yes,1.00E-300,AT5G42530,"6, 8, 10, 11, 12, 13"
9,0,2.987627787,0.753,0.291,0,Yes,1.00E-300,AT4G02520,"6, 9, 10, 13, 17"
10,0,2.39745976,0.914,0.466,0,Yes,1.00E-300,AT4G23600,"6, 8, 11, 12, 13"
11,0,6.05063289,0.452,0.01,0,Yes,1.00E-300,AT2G14560,"6, 8, 9, 11, 12, 13, 17"
12,0,2.835102852,0.646,0.206,0,Yes,1.00E-300,AT3G55970,"8, 9, 10, 11, 12, 13, 17"
13,0,4.047713506,0.471,0.037,0,Yes,1.00E-300,AT2G14610,"6, 9, 10, 13"
14,0,3.309575904,0.54,0.116,0,Yes,1.00E-300,AT2G34500,"6, 9, 10"
15,0,2.6465768,0.916,0.494,0,Yes,1.00E-300,AT1G31580,"6, 8, 9, 11, 12, 13"
16,0,3.923493037,0.445,0.035,0,Yes,1.00E-300,AT3G22235,"6, 8, 9, 10, 11, 12, 13, 17"
17,0,3.092771917,0.537,0.129,0,Yes,1.00E-300,AT1G13340,"6, 8, 9, 10, 12, 13, 17"
18,0,-1.834214693,0.302,0.691,0,Yes,1.00E-300,AT2G45180,"1, 3, 4, 5"
19,0,-1.875894554,0.206,0.591,0,Yes,1.00E-300,AT3G16240,"1, 3, 4, 5, 7, 14, 18"
20,0,1.946599098,0.753,0.369,0,Yes,1.00E-300,AT4G37990,"0, 6, 9, 10, 12"
21,0,3.671681774,0.431,0.048,0,Yes,1.00E-300,AT2G43570,"6, 9, 10, 13"
22,0,3.843465832,0.469,0.086,0,Yes,1.00E-300,AT3G03470,"6, 8, 9, 10, 11, 12, 13, 17"
23,0,-2.02909612,0.426,0.804,0,Yes,1.00E-300,AT1G72610,"1, 3, 4, 5, 14"
24,0,2.221500347,0.59,0.22,0,Yes,1.00E-300,AT1G15520,"6, 9, 10, 14"
25,0,3.911314574,0.525,0.155,0,Yes,1.00E-300,AT5G43150,"8, 9, 11, 12, 13, 16"
26,0,-1.437453218,0.443,0.805,0,Yes,1.00E-300,AT1G20450,"1, 3, 7, 16, 18"
27,0,-1.710583411,0.384,0.745,0,Yes,1.00E-300,AT3G26520,"1, 3, 4, 7, 14"
28,0,4.370243806,0.417,0.057,0,Yes,1.00E-300,AT3G56400,"8, 9, 11, 13, 16, 17"
29,0,-1.684403602,0.514,0.871,0,Yes,1.00E-300,AT2G33830,"1, 4, 5, 7, 16, 18"
30,0,1.913095264,0.575,0.218,0,Yes,1.00E-300,AT2G41090,"8, 9, 11, 12, 13"
31,0,3.256820103,0.431,0.075,0,Yes,1.00E-300,AT4G11890,"8, 9, 10, 12, 13, 17"
32,0,2.297683665,0.661,0.307,0,Yes,1.00E-300,AT4G27410,"6, 8, 9, 11, 12, 13, 15, 16"
33,0,4.196543772,0.413,0.069,0,Yes,1.00E-300,AT1G19670,"6, 8, 11, 12, 13"
34,0,3.072746644,0.438,0.094,0,Yes,1.00E-300,AT1G69930,"6, 9, 10, 17"
35,0,-1.086047741,0.418,0.756,0,Yes,1.00E-300,AT1G22810,"2, 3, 4, 5, 7"
36,0,3.987427813,0.4,0.065,0,Yes,1.00E-300,AT5G24530,"8, 9, 11, 12, 13, 17"
37,0,1.667551275,0.72,0.386,0,Yes,1.00E-300,AT2G29460,"0, 6, 8, 9, 10, 12, 13"
38,0,3.115811068,0.994,0.661,0,Yes,1.00E-300,AT2G25510,"6, 8, 9, 10, 11, 12, 13"
39,0,-1.888274785,0.49,0.821,0,Yes,1.00E-300,AT5G57560,"2, 3, 4, 14, 16, 17"
40,0,3.247672827,0.381,0.054,0,Yes,1.00E-300,AT5G13080,"6, 9, 10, 17, 18"
41,0,1.152657535,0.531,0.208,0,Yes,1.00E-300,AT4G30270,"3, 6, 8, 10, 12, 13, 14, 17"
42,0,2.226258019,0.446,0.124,0,Yes,1.00E-300,AT2G30550,"6, 9, 10, 13, 14"
43,0,2.466343376,0.45,0.131,0,Yes,1.00E-300,AT1G57630,"9, 10, 12, 13"
44,0,1.520221166,0.445,0.126,0,Yes,1.00E-300,AT3G22600,"6, 9, 10, 14"
45,0,-2.090099023,0.183,0.501,0,Yes,1.00E-300,AT3G10720,"0, 2, 3, 14"
46,0,1.885137625,0.491,0.175,0,Yes,1.00E-300,AT5G24770,"4, 8, 11, 12"
47,0,-2.177188926,0.152,0.467,0,Yes,1.00E-300,AT2G06850,"1, 3, 4, 5, 14"
48,0,1.387450049,0.679,0.364,0,Yes,1.00E-300,AT2G43510,"6, 9, 10, 12, 13, 14"
49,0,-1.962215589,0.234,0.548,0,Yes,1.00E-300,AT4G26530,"1, 2, 4, 5"
50,0,-1.447042273,0.305,0.619,0,Yes,1.00E-300,AT4G04330,"1, 2, 4, 5"
51,0,-1.702873371,0.216,0.528,0,Yes,1.00E-300,AT5G16030,"1, 2, 4, 5"
52,0,4.932093625,0.351,0.041,0,Yes,1.00E-300,AT1G80160,"8, 10, 11, 12, 13"
53,0,-1.563914985,0.336,0.644,0,Yes,1.00E-300,AT5G02160,"1, 2, 4, 5"
54,0,-1.623715494,0.482,0.788,0,Yes,1.00E-300,AT2G28900,"1, 2, 4, 5, 7"
55,0,-1.626465974,0.461,0.766,0,Yes,1.00E-300,AT4G30650,"1, 2, 4, 5, 7"
56,0,-1.572469556,0.346,0.65,0,Yes,1.00E-300,AT3G55840,"2, 5, 7, 17, 18"
57,0,4.336450291,0.327,0.023,0,Yes,1.00E-300,AT1G17745,"9, 10, 11, 12, 13, 17"
58,0,2.632350778,0.412,0.109,0,Yes,1.00E-300,AT1G03850,"6, 9, 10, 12, 13"
59,0,2.912479023,0.347,0.044,0,Yes,1.00E-300,AT1G21250,"8, 9, 10, 12, 13, 17"
60,0,-1.607374774,0.375,0.677,0,Yes,1.00E-300,AT4G32340,"1, 2, 4, 5"
61,0,-1.610697981,0.219,0.52,0,Yes,1.00E-300,AT1G55330,"0, 2, 4, 5, 18"
62,0,-1.549523601,0.396,0.685,0,Yes,1.00E-300,AT4G34410,"2, 4, 7, 14, 15, 16, 17"
63,0,-1.484003487,0.494,0.782,0,Yes,1.00E-300,AT1G28330,"1, 2, 4, 5, 7, 16, 18"
64,0,3.602348325,0.395,0.108,0,Yes,1.00E-300,AT5G24210,"6, 8, 9, 11, 12, 13, 17"
65,0,-1.348630847,0.458,0.745,0,Yes,1.00E-300,AT1G19380,"0, 2, 3, 5, 7, 14"
66,0,5.170758471,0.299,0.012,0,Yes,1.00E-300,AT2G04450,"9, 10, 13, 17"
67,0,-1.662933728,0.557,0.843,0,Yes,1.00E-300,AT3G63160,"1, 2, 4, 5"
68,0,3.901144279,0.321,0.036,0,Yes,1.00E-300,AT1G02450,"8, 9, 10, 11, 12, 13"
69,0,-1.858711506,0.2,0.483,0,Yes,1.00E-300,AT1G78850,"2, 3, 14, 15, 16"
70,0,1.929356148,0.592,0.31,0,Yes,1.00E-300,AT3G13910,"0, 9, 10, 12, 13, 16"
71,0,3.721066807,0.322,0.041,0,Yes,1.00E-300,AT1G15790,"9, 10, 11, 12, 13, 17"
72,0,3.172142062,0.312,0.031,0,Yes,1.00E-300,AT3G26830,"6, 9, 10, 13"
73,0,5.807211569,0.288,0.007,0,Yes,1.00E-300,AT5G26690,"9, 11, 12, 13"
74,0,-1.752326448,0.22,0.496,0,Yes,1.00E-300,AT2G15970,"1, 3, 4, 7, 14, 18"
75,0,1.677647874,0.761,0.485,0,Yes,1.00E-300,AT2G25450,"6, 7, 8, 10, 11, 12, 13, 16"
76,0,-1.328381744,0.64,0.916,0,Yes,1.00E-300,AT2G38870,"0, 2, 3, 7, 14"
77,0,1.447709248,0.844,0.569,0,Yes,1.00E-300,AT5G26340,"6, 8, 9, 10, 12, 14, 16, 18"
78,0,1.830691518,0.365,0.095,0,Yes,1.00E-300,AT1G52400,"6, 8, 11, 12"
79,0,1.527931347,0.472,0.202,0,Yes,1.00E-300,AT1G33110,"0, 6, 8, 10, 11, 12, 13, 14"
80,0,2.839351421,0.453,0.184,0,Yes,1.00E-300,AT2G34070,"6, 8, 11, 12, 13"
81,0,4.27028994,0.295,0.026,0,Yes,1.00E-300,AT3G18250,"9, 10, 13"
82,0,-1.631148165,0.198,0.465,0,Yes,1.00E-300,AT3G14210,"1, 3, 4, 5, 14"
83,0,3.712339801,0.301,0.034,0,Yes,1.00E-300,AT4G22305,"9, 10, 11, 12, 13"
84,0,-1.291246475,0.363,0.629,0,Yes,1.00E-300,AT3G05490,"2, 3, 5, 7, 15, 16, 17"
85,0,2.306902273,0.507,0.243,0,Yes,1.00E-300,AT5G65660,"8, 9, 11, 12, 13, 15, 16"
86,0,4.921813286,0.284,0.02,0,Yes,1.00E-300,AT5G07010,"8, 11, 12, 13"
87,0,1.869492689,0.631,0.368,0,Yes,1.00E-300,AT2G33380,"7, 8, 11, 12, 16, 18"
88,0,4.532650936,0.305,0.044,0,Yes,1.00E-300,AT5G22390,"8, 11, 12, 13"
89,0,-1.50930606,0.66,0.92,0,Yes,1.00E-300,AT1G07135,"2, 3, 7, 14, 16"
90,0,-1.572432065,0.193,0.453,0,Yes,1.00E-300,AT1G20010,"1, 2, 4, 5"
91,0,4.553121514,0.305,0.045,0,Yes,1.00E-300,AT4G16690,"8, 10, 11, 12, 13"
92,0,3.45472802,0.339,0.08,0,Yes,1.00E-300,AT3G47540,"6, 9, 10, 13, 16, 17"
93,0,2.766948252,0.59,0.331,0,Yes,1.00E-300,AT3G61430,"6, 8, 11, 12, 13"
94,0,-1.826467816,0.128,0.386,0,Yes,1.00E-300,AT1G65390,"0, 2, 3, 4, 5, 7"
95,0,3.403781021,0.39,0.133,0,Yes,1.00E-300,AT3G52430,"9, 13, 17"
96,0,3.276579128,0.312,0.055,0,Yes,1.00E-300,AT5G02600,"8, 10, 11, 12, 13, 15"
97,0,2.210765955,0.54,0.284,0,Yes,1.00E-300,AT3G57520,"6, 8, 10, 11, 12, 13"
98,0,2.870644037,0.367,0.111,0,Yes,1.00E-300,AT1G74100,"9, 10, 11, 12, 13, 16"
99,0,-1.476627904,0.396,0.652,0,Yes,1.00E-300,AT5G38430,"1, 2, 4, 5"
100,0,3.397639173,0.355,0.099,0,Yes,1.00E-300,AT5G60800,"9, 11, 12, 13, 17"
101,0,1.270180555,0.7,0.444,0,Yes,1.00E-300,AT1G52890,"7, 8, 9, 10, 11, 12, 16, 18"
102,0,-1.46603688,0.264,0.519,0,Yes,1.00E-300,AT3G46970,"0, 1, 2, 3, 4, 5"
103,0,-1.445174849,0.556,0.811,0,Yes,1.00E-300,AT5G24490,"1, 4, 5"
104,0,-1.555233984,0.335,0.59,0,Yes,1.00E-300,AT4G24570,"1, 4, 5, 7, 16, 17"
105,0,2.839409008,0.357,0.103,0,Yes,1.00E-300,AT2G35810,"8, 9, 10, 11, 12, 13"
106,0,-1.275183318,0.572,0.825,0,Yes,1.00E-300,AT1G54410,"1, 7, 15, 16, 18"
107,0,2.551451534,0.342,0.09,0,Yes,1.00E-300,AT4G26060,"9, 10, 11, 12, 13, 18"
108,0,1.474957498,0.629,0.377,0,Yes,1.00E-300,AT5G22060,"0, 6, 8, 9, 10, 12, 13, 16, 17"
109,0,3.047758225,0.317,0.069,0,Yes,1.00E-300,AT1G72680,"9, 10, 11, 12, 13, 17"
110,0,-1.529707529,0.314,0.561,0,Yes,1.00E-300,AT5G59730,"0, 2, 3, 7, 16"
111,0,2.380389288,0.639,0.392,0,Yes,1.00E-300,AT4G21980,"8, 9, 10, 11, 12, 13"
112,0,-1.68897552,0.276,0.523,0,Yes,1.00E-300,AT4G35770,"1, 2, 3, 4, 5"
113,0,-2.193191078,0.094,0.34,0,Yes,1.00E-300,AT2G38465,"1, 2, 4, 5"
114,0,-1.367387615,0.442,0.687,0,Yes,1.00E-300,AT3G21070,"0, 2, 7"
115,0,-1.368042947,0.493,0.738,0,Yes,1.00E-300,AT1G15010,"0, 2, 5, 7, 17"
116,0,2.123549905,0.31,0.065,0,Yes,1.00E-300,AT4G20110,"6, 9, 10, 13"
117,0,5.683974776,0.255,0.011,0,Yes,1.00E-300,AT5G01210,"10, 11, 12, 13"
118,0,1.718326657,0.666,0.423,0,Yes,1.00E-300,AT1G13990,"6, 8, 9, 10, 11, 12, 13"
119,0,-1.369754474,0.352,0.594,0,Yes,1.00E-300,AT1G10760,"0, 1, 2, 3, 5"
120,0,2.436369548,0.366,0.124,0,Yes,1.00E-300,AT2G38860,"6, 8, 9, 10, 13, 17"
121,0,2.769275557,0.403,0.162,0,Yes,1.00E-300,AT5G10380,"9, 12, 13, 17"
122,0,4.112951407,0.285,0.044,0,Yes,1.00E-300,AT4G02360,"8, 10, 11, 12, 13"
123,0,-1.242684817,0.34,0.581,0,Yes,1.00E-300,AT4G30660,"1, 4, 5, 18"
124,0,-1.262955913,0.439,0.679,0,Yes,1.00E-300,AT2G29630,"0, 1, 2, 3, 14"
125,0,5.552853309,0.25,0.01,0,Yes,1.00E-300,AT1G33960,"6, 9, 10, 13"
126,0,-2.055272301,0.162,0.401,0,Yes,1.00E-300,AT5G15960,"1, 2, 4, 5, 7"
127,0,1.6479566,0.307,0.069,0,Yes,1.00E-300,AT2G46650,"7, 9, 10, 13, 16"
128,0,2.637249246,0.599,0.361,0,Yes,1.00E-300,AT3G29240,"6, 8, 9, 11, 12, 13, 17, 18"
129,0,2.028426081,0.413,0.175,0,Yes,1.00E-300,AT3G29575,"6, 9, 10, 11, 12, 13, 18"
130,0,2.315125184,0.328,0.092,0,Yes,1.00E-300,AT4G08470,"9, 10, 11, 12, 13, 17"
131,0,2.515818626,0.295,0.061,0,Yes,1.00E-300,AT3G21690,"9, 10, 11, 12, 13"
132,0,3.531566066,0.28,0.047,0,Yes,1.00E-300,AT2G46680,"8, 11, 12, 13, 16, 18"
133,0,1.662745243,0.338,0.105,0,Yes,1.00E-300,AT4G35180,"6, 10, 12, 16"
134,0,3.587607547,0.27,0.038,0,Yes,1.00E-300,AT1G19960,"8, 11, 12, 13"
135,0,1.805748358,0.38,0.148,0,Yes,1.00E-300,AT2G37760,"6, 9, 10, 11, 12, 13, 16"
136,0,1.363438019,0.594,0.362,0,Yes,1.00E-300,AT2G41410,"8, 9, 10, 11, 12, 13, 16, 17"
137,0,4.41263398,0.264,0.033,0,Yes,1.00E-300,AT1G77760,"8, 9, 10, 11, 12, 13"
138,0,2.061342401,0.446,0.215,0,Yes,1.00E-300,AT3G60450,"9, 12, 13, 17"
139,0,3.093523751,0.306,0.079,0,Yes,1.00E-300,AT1G48320,"9, 11, 12, 13, 17"
140,0,-1.164456636,0.503,0.726,0,Yes,1.00E-300,AT1G20440,"1, 2, 7, 16, 17, 18"
141,0,3.456998836,0.262,0.04,0,Yes,1.00E-300,AT2G47130,"9, 10, 12, 13, 17"
142,0,2.439772353,0.451,0.231,0,Yes,1.00E-300,AT3G59940,"6, 8, 11, 12, 13"
143,0,-1.87051399,0.767,0.987,0,Yes,1.00E-300,AT2G34430,"1, 2, 4, 5"
144,0,2.897295943,0.319,0.1,0,Yes,1.00E-300,AT5G14180,"8, 10, 11, 12, 13"
145,0,1.660947165,0.561,0.347,0,Yes,1.00E-300,AT3G08690,"9, 10, 12, 13, 16, 17, 18"
146,0,-1.34123486,0.514,0.727,0,Yes,1.00E-300,AT1G55450,"0, 1, 2, 4, 5, 7"
147,0,1.479934408,0.853,0.643,0,Yes,1.00E-300,AT3G45140,"8, 10, 11, 12, 13"
148,0,2.875991262,0.25,0.042,0,Yes,1.00E-300,AT5G60950,"9, 10, 11, 12, 13"
149,0,2.549114969,0.257,0.051,0,Yes,1.00E-300,AT3G26170,"10, 11, 12, 13"
150,0,2.038990865,0.593,0.387,0,Yes,1.00E-300,AT2G29400,"6, 8, 9, 10, 11, 12, 13, 17"
151,0,2.495988107,0.271,0.067,0,Yes,1.00E-300,AT3G26180,"9, 10, 11, 12, 13"
152,0,1.616904606,0.61,0.41,0,Yes,1.00E-300,AT5G54390,"6, 7, 8, 9, 11, 12, 13, 16"
153,0,-1.138666862,0.521,0.721,0,Yes,1.00E-300,AT1G20020,"0, 1, 2, 3, 4, 5"
154,0,1.543441351,0.582,0.387,0,Yes,1.00E-300,AT5G16880,"6, 9, 10, 11, 12, 13, 18"
155,0,1.837648226,0.715,0.521,0,Yes,1.00E-300,AT5G39950,"8, 9, 10, 11, 12, 13, 18"
156,0,1.668490028,0.63,0.437,0,Yes,1.00E-300,AT4G21790,"6, 8, 10, 11, 12, 13"
157,0,1.911104323,0.618,0.426,0,Yes,1.00E-300,AT4G35090,"6, 8, 11, 12, 13"
158,0,-1.376593825,0.783,0.974,0,Yes,1.00E-300,AT2G21660,"1, 4, 5, 7, 16, 18"
159,0,1.663855532,0.603,0.415,0,Yes,1.00E-300,AT1G32210,"9, 10, 11, 12, 13"
160,0,1.732179286,0.53,0.342,0,Yes,1.00E-300,AT2G40600,"9, 10, 11, 12, 13"
161,0,1.385997704,0.727,0.541,0,Yes,1.00E-300,AT1G77370,"9, 10, 11, 12, 13, 14"
162,0,-1.039513968,0.511,0.691,0,Yes,1.00E-300,AT5G17870,"1, 2, 4, 5"
163,0,1.340217135,0.682,0.504,0,Yes,1.00E-300,AT5G19590,"8, 9, 10, 11, 12, 13, 18"
164,0,1.268054089,0.75,0.577,0,Yes,1.00E-300,AT3G22890,"7, 8, 9, 10, 11, 13, 16"
165,0,1.472446314,0.606,0.435,0,Yes,1.00E-300,AT5G42790,"9, 10, 11, 12, 13, 18"
166,0,1.76618694,0.67,0.5,0,Yes,1.00E-300,AT4G01850,"8, 9, 10, 11, 12, 13, 16"
167,0,-1.291514395,0.551,0.719,0,Yes,1.00E-300,AT1G29395,"1, 2, 4, 5"
168,0,1.595507195,0.708,0.548,0,Yes,1.00E-300,AT1G21770,"8, 9, 10, 11, 12, 13"
169,0,-0.959558967,0.585,0.744,0,Yes,1.00E-300,AT3G03150,"1, 4, 5, 7, 16, 18"
170,0,1.642861814,0.652,0.494,0,Yes,1.00E-300,AT2G26740,"8, 9, 10, 11, 12, 13, 16"
171,0,1.472708514,0.736,0.581,0,Yes,1.00E-300,AT1G15120,"8, 9, 10, 11, 12, 13"
172,0,1.621062838,0.678,0.525,0,Yes,1.00E-300,AT1G53560,"8, 10, 11, 12, 13"
173,0,1.214804394,0.751,0.602,0,Yes,1.00E-300,AT2G43970,"6, 8, 9, 11, 12, 13"
174,0,-0.9493899,0.763,0.911,0,Yes,1.00E-300,AT2G17840,"0, 2, 5, 7, 17"
175,0,1.471482663,0.767,0.62,0,Yes,1.00E-300,AT1G22840,"9, 10, 11, 12, 13"
176,0,1.552386251,0.642,0.499,0,Yes,1.00E-300,AT3G61440,"8, 9, 10, 11, 12, 13"
177,0,1.240048331,0.751,0.611,0,Yes,1.00E-300,AT5G55850,"0, 9, 10, 12, 13"
178,0,1.197689948,0.753,0.618,0,Yes,1.00E-300,AT1G66240,"8, 9, 10, 11, 12, 13, 18"
179,0,1.431666017,0.65,0.516,0,Yes,1.00E-300,AT3G42790,"9, 10, 11, 12, 13"
180,0,0.940242351,0.818,0.686,0,Yes,1.00E-300,AT2G16600,"8, 9, 11, 12, 13, 15, 18"
181,0,1.277511355,0.739,0.61,0,Yes,1.00E-300,AT3G23600,"8, 9, 10, 11, 12, 13, 18"
182,0,2.390117641,0.993,0.865,0,Yes,1.00E-300,AT4G02380,"6, 9, 10, 12, 13"
183,0,1.198995971,0.69,0.568,0,Yes,1.00E-300,AT1G16890,"9, 10, 11, 12, 13, 16, 18"
184,0,-1.069496181,0.735,0.854,0,Yes,1.00E-300,AT1G71697,"0, 2, 3, 7"
185,0,1.089502583,0.786,0.667,0,Yes,1.00E-300,AT3G62290,"9, 10, 11, 12, 13, 18"
186,0,1.225473811,0.791,0.676,0,Yes,1.00E-300,AT1G65980,"8, 9, 10, 11, 12, 13, 18"
187,0,1.023843176,0.842,0.727,0,Yes,1.00E-300,AT3G48140,"8, 9, 10, 11, 12, 13"
188,0,0.681591127,0.971,0.861,0,Yes,1.00E-300,AT1G45145,"0, 7, 8, 9, 10, 13, 16"
189,0,1.043535035,0.933,0.825,0,Yes,1.00E-300,AT3G16640,"8, 9, 10, 11, 12, 13, 18"
190,0,1.044006413,0.737,0.629,0,Yes,1.00E-300,AT3G08580,"9, 10, 11, 12, 13"
191,0,1.061921331,0.911,0.805,0,Yes,1.00E-300,AT5G53300,"8, 9, 10, 11, 12, 13, 18"
192,0,-0.803127096,0.773,0.876,0,Yes,1.00E-300,AT5G64040,"1, 4, 5, 11"
193,0,0.947734945,0.849,0.752,0,Yes,1.00E-300,AT4G37830,"8, 9, 10, 11, 12, 13"
194,0,-1.250923897,0.88,0.974,0,Yes,1.00E-300,AT5G15970,"1, 2, 4, 5, 7, 16"
195,0,0.841448929,0.842,0.751,0,Yes,1.00E-300,AT1G75950,"9, 10, 11, 12, 13, 18"
196,0,0.956088755,0.763,0.675,0,Yes,1.00E-300,AT4G32470,"8, 9, 10, 11, 12, 13"
197,0,-0.720343116,0.886,0.966,0,Yes,1.00E-300,AT4G24380,"0, 2, 3, 7, 14, 15, 16"
198,0,1.014192532,0.973,0.897,0,Yes,1.00E-300,AT1G78380,"0, 9, 10, 12, 17"
199,0,0.357274482,0.917,0.852,0,No,1.00E-300,AT5G42980,"13, 15"
200,0,-0.805715943,0.952,0.994,0,Yes,1.00E-300,AT1G76680,"0, 2, 3, 7, 16"
201,0,-0.885606617,0.919,0.958,0,Yes,1.00E-300,AT5G54770,"1, 4, 5"
202,0,-0.828766644,0.953,0.981,0,Yes,1.00E-300,AT1G08380,"1, 4, 5"
203,0,0.990594896,0.998,0.974,0,Yes,1.00E-300,AT1G07590,"7, 8, 10, 11, 12, 13, 15, 16, 18"
204,0,-0.761044081,0.941,0.964,0,Yes,1.00E-300,AT1G55670,"1, 4, 5"
205,0,-0.774237254,0.966,0.987,0,Yes,1.00E-300,AT4G10340,"1, 4, 5"
206,0,-0.648787884,0.914,0.924,0,Yes,1.00E-300,ATCG01020,"1, 3, 6, 14"
207,0,-0.708051578,0.992,0.999,0,Yes,1.00E-300,AT1G29930,"1, 4, 5"
208,0,-0.669551614,0.979,0.985,0,Yes,1.00E-300,AT1G31330,"1, 4, 5"
209,1.97626258336499e-323,-0.628398069,0.979,0.992,4.05983622500669e-319,Yes,4.05983622500669e-319,AT3G54890,"1, 4, 5"
210,7.70742407512345e-322,-1.563454524,0.176,0.415,1.58333612775261e-317,Yes,1.58333612775261e-317,AT5G59570,"2, 4, 5, 7, 16, 17"
211,3.42288679438816e-320,-1.121760561,0.454,0.669,7.03163634171159e-316,Yes,7.03163634171159e-316,AT1G68840,"2, 4, 5, 7, 17"
212,3.57229224569055e-319,-0.942266043,0.606,0.779,7.33855996032209e-315,Yes,7.33855996032209e-315,AT1G25275,"0, 2, 3, 4, 5"
213,1.12699634649651e-317,2.202656123,0.427,0.219,2.31518859460778e-313,Yes,2.31518859460778e-313,AT4G38260,"9, 10, 11, 12, 13"
214,4.67463471645958e-317,-1.616863567,0.166,0.408,9.60310209802291e-313,Yes,9.60310209802291e-313,AT1G20823,"2, 3, 4, 5, 7, 16, 17, 18"
215,5.59380827782072e-317,1.716049749,0.494,0.286,1.14913603451271e-312,Yes,1.14913603451271e-312,AT2G17420,"6, 7, 8, 9, 10, 11, 12, 13"
216,1.16348556477011e-316,-0.980270272,0.402,0.645,2.39014839570725e-312,Yes,2.39014839570725e-312,AT4G27440,"1, 4, 5"
217,2.86613597685203e-316,1.190569682,0.7,0.567,5.88790313724712e-312,Yes,5.88790313724712e-312,AT2G20820,"7, 9, 10, 11, 12, 13"
218,5.60352150960483e-316,-0.788300986,0.811,0.868,1.15113142371812e-311,Yes,1.15113142371812e-311,AT3G21055,"1, 4, 5"
219,1.61004225421946e-312,2.910504179,0.302,0.1,3.31E-308,Yes,3.31E-308,AT5G65380,"8, 11, 12, 13"
220,3.69177299938197e-312,-0.808997706,0.773,0.887,7.58E-308,Yes,7.58E-308,AT5G64310,"3, 6, 7, 14, 15, 16, 17"
221,8.07710583617772e-312,1.910351612,0.373,0.154,1.66E-307,Yes,1.66E-307,AT2G39050,"9, 10, 11, 12, 13, 17, 18"
222,6.99392296135011e-311,0.923046501,0.871,0.711,1.44E-306,Yes,1.44E-306,AT5G51070,"0, 6, 9, 10, 12"
223,1.10543363872698e-310,2.159513823,0.28,0.08,2.27E-306,Yes,2.27E-306,AT1G49050,"9, 10, 11, 12, 13"
224,0.00E+00,-1.643367229,0.161,0.395,6.24E-305,Yes,6.24E-305,AT4G04340,"1, 2, 3, 4, 5, 14"
225,5.50E-308,1.456819202,0.606,0.459,1.13E-303,Yes,1.13E-303,AT5G11500,"9, 11, 12, 13, 18"
226,6.01E-308,1.682576081,0.544,0.361,1.24E-303,Yes,1.24E-303,AT3G01280,"8, 9, 10, 11, 12, 13"
227,1.05E-307,2.859476252,0.251,0.062,2.17E-303,Yes,2.17E-303,AT3G16990,"9, 11, 12, 13"
228,2.05E-307,1.444271324,0.539,0.348,4.21E-303,Yes,4.21E-303,AT3G56310,"6, 9, 10, 11, 12, 13, 18"
229,5.55E-306,0.645411795,0.9,0.829,1.14E-301,Yes,1.14E-301,AT5G42300,"7, 9, 10, 12, 13, 15, 16, 18"
230,8.38E-304,2.24707244,0.285,0.082,1.72E-299,Yes,1.72E-299,AT2G29470,"0, 9, 10"
231,2.23E-301,1.052055387,0.725,0.591,4.58E-297,Yes,4.58E-297,AT1G65820,"6, 9, 10, 13"
232,4.10E-301,-1.386899271,0.218,0.458,8.43E-297,Yes,8.43E-297,AT3G29320,"0, 1, 2, 3, 4, 5, 7, 15"
233,3.90E-300,2.374841816,0.34,0.135,8.01E-296,Yes,8.01E-296,AT1G31550,"6, 8, 9, 11, 12, 13"
234,1.09E-299,0.828276966,0.665,0.387,2.24E-295,Yes,2.24E-295,AT3G49120,"3, 6, 9, 10, 14, 18"
235,2.65E-299,1.734117035,0.435,0.218,5.45E-295,Yes,5.45E-295,AT3G07700,"6, 9, 10, 11, 12, 13, 17"
236,6.53E-299,-1.17153001,0.259,0.509,1.34E-294,Yes,1.34E-294,AT1G12090,"1, 3, 4, 5, 7"
237,9.06E-298,-1.267517309,0.344,0.565,1.86E-293,Yes,1.86E-293,AT1G53170,"2, 4, 5, 7, 16"
238,1.06E-297,-1.749427309,0.155,0.376,2.17E-293,Yes,2.17E-293,AT4G23400,"1, 4, 5"
239,4.63E-297,1.485268596,0.632,0.446,9.51E-293,Yes,9.51E-293,AT1G54130,"0, 6, 9, 10, 12, 13"
240,2.24E-296,0.814783331,0.827,0.683,4.61E-292,Yes,4.61E-292,AT2G32150,"7, 8, 9, 11, 12, 13"
241,7.38E-296,2.408491477,0.285,0.088,1.52E-291,Yes,1.52E-291,AT4G15765,"7, 8, 11, 12, 13"
242,9.28E-296,1.849935312,0.413,0.194,1.91E-291,Yes,1.91E-291,AT2G43820,"0, 6, 8, 10, 11, 12"
243,1.10E-294,0.907802097,0.781,0.649,2.26E-290,Yes,2.26E-290,AT5G02500,"8, 9, 11, 13, 17, 18"
244,1.24E-294,2.036908723,0.319,0.115,2.54E-290,Yes,2.54E-290,AT1G54030,"8, 10, 11, 12, 13, 18"
245,2.61E-294,1.413546498,0.573,0.395,5.36E-290,Yes,5.36E-290,AT3G27890,"6, 9, 10, 11, 12, 13"
246,1.11E-293,-1.025109069,0.567,0.735,2.28E-289,Yes,2.28E-289,AT1G20620,"1, 4, 5, 7, 18"
247,2.14E-293,1.526993808,0.587,0.435,4.40E-289,Yes,4.40E-289,AT5G58110,"9, 11, 12, 13"
248,4.73E-293,1.630630017,0.485,0.292,9.72E-289,Yes,9.72E-289,AT2G01100,"6, 9, 10, 11, 12, 13"
249,1.22E-292,-0.708667215,0.897,0.921,2.51E-288,Yes,2.51E-288,ATCG00630,"1, 3, 6, 14"
250,1.97E-291,3.61030097,0.273,0.084,4.04E-287,Yes,4.04E-287,AT4G34200,"7, 9, 10, 13, 16"
251,9.91E-291,-1.597766475,0.17,0.386,2.04E-286,Yes,2.04E-286,AT3G07460,"1, 3, 4, 5, 14, 18"
252,1.84E-290,1.109301029,0.648,0.499,3.78E-286,Yes,3.78E-286,AT3G01540,"6, 8, 9, 10, 12, 13, 17"
253,6.16E-290,1.030047235,0.748,0.573,1.27E-285,Yes,1.27E-285,AT4G36950,"6, 7, 8, 9, 12, 13, 15, 17"
254,7.18E-290,-1.390131246,0.421,0.637,1.47E-285,Yes,1.47E-285,AT1G19770,"2, 7, 14, 16"
255,3.49E-288,1.965652878,0.317,0.11,7.17E-284,Yes,7.17E-284,AT5G52760,"7, 9, 13, 17"
256,4.05E-288,1.243640211,0.662,0.542,8.33E-284,Yes,8.33E-284,AT3G09735,"9, 10, 11, 12, 13"
257,5.79E-288,1.735236938,0.501,0.323,1.19E-283,Yes,1.19E-283,AT5G58220,"9, 10, 11, 12, 13"
258,8.90E-287,0.782324596,0.792,0.668,1.83E-282,Yes,1.83E-282,AT3G17800,"9, 10, 11, 12, 17"
259,4.41E-286,1.027979004,0.708,0.585,9.07E-282,Yes,9.07E-282,AT4G23470,"0, 9, 10, 12, 13"
260,1.66E-285,-1.092247938,0.5,0.683,3.41E-281,Yes,3.41E-281,AT5G38420,"1, 4, 5"
261,1.85E-285,2.576713839,0.287,0.094,3.81E-281,Yes,3.81E-281,AT4G23885,"9, 10, 13, 17"
262,2.83E-285,-1.200434438,0.4,0.606,5.82E-281,Yes,5.82E-281,AT5G66210,"0, 2, 3, 4, 5, 7, 16"
263,6.72E-285,1.804193198,0.465,0.272,1.38E-280,Yes,1.38E-280,AT2G37340,"6, 7, 9, 11, 12, 13, 18"
264,1.13E-283,-0.89740134,0.615,0.763,2.31E-279,Yes,2.31E-279,AT1G13930,"1, 4, 5, 11"
265,1.53E-282,-1.598340996,0.142,0.357,3.15E-278,Yes,3.15E-278,AT3G10520,"1, 2, 3, 4, 5"
266,7.37E-281,-0.843434595,0.723,0.831,1.51E-276,Yes,1.51E-276,AT2G22500,"0, 2, 3, 7, 15, 17"
267,2.56E-279,1.134319117,0.671,0.544,5.26E-275,Yes,5.26E-275,AT5G20500,"9, 10, 11, 12, 13, 14"
268,2.76E-279,1.155425345,0.386,0.154,5.67E-275,Yes,5.67E-275,AT5G03610,"6, 9, 10, 14, 16"
269,1.03E-276,1.72893069,0.344,0.137,2.13E-272,Yes,2.13E-272,AT3G25882,"6, 7, 8, 9, 12, 13, 16, 17"
270,4.14E-275,-1.517775852,0.174,0.39,8.51E-271,Yes,8.51E-271,AT3G16770,"1, 2, 4, 5"
271,3.65E-274,0.959617558,0.512,0.268,7.49E-270,Yes,7.49E-270,AT5G25250,"0, 9, 10, 13"
272,8.87E-274,0.990513242,0.71,0.602,1.82E-269,Yes,1.82E-269,AT1G14320,"9, 10, 11, 12, 13"
273,1.02E-273,-1.322681296,0.212,0.437,2.10E-269,Yes,2.10E-269,AT5G23240,"1, 3, 4, 5"
274,1.82E-273,-0.930801349,0.485,0.675,3.74E-269,Yes,3.74E-269,AT1G67700,"1, 3, 4, 5"
275,5.93E-273,-1.535656948,0.153,0.367,1.22E-268,Yes,1.22E-268,AT3G16250,"1, 2, 4, 5"
276,6.56E-273,-0.752307163,0.897,0.941,1.35E-268,Yes,1.35E-268,AT5G38410,"1, 4, 5, 11"
277,7.81E-273,1.667122243,0.286,0.089,1.60E-268,Yes,1.60E-268,AT1G68620,"9, 10, 13, 17"
278,2.32E-272,1.629489286,0.476,0.271,4.78E-268,Yes,4.78E-268,AT5G17380,"0, 6, 8, 9, 10, 12, 13"
279,9.27E-272,2.580776382,0.332,0.139,1.90E-267,Yes,1.90E-267,AT3G28930,"9, 10, 13, 17"
280,1.16E-269,2.335950218,0.29,0.102,2.39E-265,Yes,2.39E-265,AT1G21400,"7, 9, 10, 11, 12, 13, 18"
281,4.18E-269,-1.676258799,0.129,0.335,8.60E-265,Yes,8.60E-265,AT3G18050,"1, 4, 5"
282,1.96E-268,-1.213760596,0.39,0.599,4.02E-264,Yes,4.02E-264,AT4G17090,"1, 2, 4, 17"
283,2.04E-268,0.727006085,0.708,0.49,4.19E-264,Yes,4.19E-264,AT3G50480,"0, 6, 9, 10, 13, 17"
284,4.68E-266,1.386630863,0.492,0.3,9.61E-262,Yes,9.61E-262,AT1G70810,"6, 9, 10, 11, 12, 13"
285,3.10E-265,1.997663742,0.32,0.119,6.36E-261,Yes,6.36E-261,AT2G45760,"9, 10, 15, 17"
286,8.71E-265,1.230265259,0.669,0.554,1.79E-260,Yes,1.79E-260,AT3G61200,"9, 10, 11, 12, 13"
287,1.91E-264,2.028092204,0.316,0.123,3.93E-260,Yes,3.93E-260,AT1G03290,"9, 10, 11, 12, 13, 18"
288,1.32E-263,-1.161995275,0.393,0.591,2.72E-259,Yes,2.72E-259,AT4G17490,"1, 2, 4, 5, 17"
289,1.73E-263,1.410632484,0.57,0.425,3.56E-259,Yes,3.56E-259,AT2G36900,"8, 9, 10, 11, 12, 13, 18"
290,6.65E-263,1.918118698,0.279,0.091,1.37E-258,Yes,1.37E-258,AT2G32160,"9, 10, 11, 12, 13, 17"
291,8.85E-263,-1.492093353,0.231,0.46,1.82E-258,Yes,1.82E-258,AT3G13750,"1, 3, 15"
292,1.03E-262,-1.049360093,0.535,0.688,2.11E-258,Yes,2.11E-258,AT5G58430,"0, 2, 3, 4, 5, 14, 17"
293,1.60E-262,1.582702777,0.48,0.3,3.29E-258,Yes,3.29E-258,AT3G63080,"8, 9, 10, 11, 12, 13"
294,4.15E-262,0.679648935,0.857,0.774,8.53E-258,Yes,8.53E-258,AT5G40370,"0, 7, 9, 10, 12, 13, 15, 16"
295,6.44E-262,-0.87432693,0.587,0.711,1.32E-257,Yes,1.32E-257,AT1G05190,"1, 4, 5"
296,4.44E-261,1.469209001,0.423,0.211,9.12E-257,Yes,9.12E-257,AT1G24147,"6, 8, 9, 11, 12, 13"
297,1.07E-260,2.610685175,0.271,0.092,2.20E-256,Yes,2.20E-256,AT2G35940,"11, 12, 13, 17, 18"
298,1.20E-260,2.059282785,0.462,0.282,2.47E-256,Yes,2.47E-256,AT5G18130,"8, 9, 11, 12, 13"
299,3.11E-260,-1.617570037,0.13,0.33,6.40E-256,Yes,6.40E-256,AT2G29290,"1, 2, 4, 5"
300,4.10E-260,1.046835984,0.691,0.58,8.43E-256,Yes,8.43E-256,AT5G16470,"8, 9, 10, 11, 12, 13, 18"
301,5.98E-260,-1.319981335,0.205,0.426,1.23E-255,Yes,1.23E-255,AT1G79440,"1, 2, 3, 4, 5"
302,1.88E-259,1.885621791,0.371,0.177,3.86E-255,Yes,3.86E-255,AT3G46510,"6, 9, 11, 12, 13"
303,1.26E-258,1.682596254,0.45,0.262,2.58E-254,Yes,2.58E-254,AT2G02390,"8, 9, 10, 11, 12, 13, 17, 18"
304,3.62E-258,1.996919117,0.538,0.374,7.44E-254,Yes,7.44E-254,AT4G00430,"6, 8, 11, 12, 13, 18"
305,5.66E-257,-1.585225029,0.177,0.392,1.16E-252,Yes,1.16E-252,AT4G23180,"2, 3, 14"
306,8.64E-257,-0.913398355,0.583,0.767,1.77E-252,Yes,1.77E-252,AT5G17000,"0, 2, 3, 7, 16"
307,2.29E-256,-1.481808828,0.315,0.528,4.70E-252,Yes,4.70E-252,AT1G75750,"1, 3, 14, 15, 16, 18"
308,4.24E-255,1.012857781,0.686,0.585,8.72E-251,Yes,8.72E-251,AT1G10590,"0, 9, 10, 11, 12, 13, 18"
309,1.29E-254,2.014611164,0.283,0.101,2.65E-250,Yes,2.65E-250,AT1G03400,"9, 10, 11, 12, 13"
310,1.53E-254,1.133273916,0.686,0.576,3.14E-250,Yes,3.14E-250,AT1G02500,"9, 10, 11, 13"
311,1.56E-254,-1.679786823,0.156,0.366,3.20E-250,Yes,3.20E-250,AT1G78830,"7, 14, 15, 16"
312,2.21E-254,0.692120362,0.767,0.684,4.54E-250,Yes,4.54E-250,AT4G22220,"9, 10, 11, 12, 13, 18"
313,3.10E-254,1.207567041,0.567,0.396,6.36E-250,Yes,6.36E-250,AT3G17410,"0, 9, 10, 12, 13"
314,5.40E-254,0.987614103,0.629,0.421,1.11E-249,Yes,1.11E-249,AT5G48180,"6, 7, 9, 10, 12, 16, 18"
315,6.04E-254,1.672154903,0.434,0.23,1.24E-249,Yes,1.24E-249,AT5G22630,"7, 9, 13, 16, 17, 18"
316,8.26E-254,1.1095377,0.573,0.415,1.70E-249,Yes,1.70E-249,AT5G01800,"6, 8, 9, 10, 11, 12, 13, 14, 16"
317,1.93E-253,2.023575473,0.347,0.159,3.97E-249,Yes,3.97E-249,AT1G35580,"6, 9, 10, 11, 12, 13"
318,3.05E-253,-1.515493248,0.356,0.574,6.26E-249,Yes,6.26E-249,AT3G22060,"0, 2, 3, 14"
319,5.35E-252,1.033386315,0.718,0.597,1.10E-247,Yes,1.10E-247,AT3G10985,"8, 9, 10, 11, 12, 13"
320,2.96E-251,1.095490304,0.59,0.416,6.08E-247,Yes,6.08E-247,AT3G23570,"7, 9, 10, 11, 12, 13, 16"
321,1.87E-250,-1.286361181,0.209,0.423,3.85E-246,Yes,3.85E-246,AT5G08330,"1, 4, 5"
322,3.46E-250,-1.126217131,0.293,0.511,7.10E-246,Yes,7.10E-246,AT2G47060,"0, 2, 3, 4, 5, 7"
323,5.47E-250,1.771368179,0.344,0.154,1.12E-245,Yes,1.12E-245,AT1G77420,"9, 10, 11, 12, 13"
324,8.75E-250,-0.681831238,0.75,0.828,1.80E-245,Yes,1.80E-245,AT4G34150,"0, 2, 5, 7"
325,1.11E-249,1.828280027,0.407,0.223,2.29E-245,Yes,2.29E-245,AT3G61860,"8, 9, 10, 11, 12, 13, 17"
326,1.20E-249,1.745175738,0.487,0.318,2.46E-245,Yes,2.46E-245,AT4G15780,"9, 11, 12, 13, 18"
327,1.49E-249,-1.609378013,0.115,0.308,3.06E-245,Yes,3.06E-245,AT2G29310,"1, 2, 4, 5, 7"
328,5.19E-248,0.749019372,0.752,0.667,1.07E-243,Yes,1.07E-243,AT5G01350,"7, 9, 10, 11, 12, 13, 17, 18"
329,5.56E-248,-0.801795828,0.677,0.818,1.14E-243,Yes,1.14E-243,AT2G23120,"0, 2, 7, 15, 16, 18"
330,1.13E-247,2.146791347,0.275,0.096,2.32E-243,Yes,2.32E-243,AT2G01540,"9, 10, 11, 12, 13, 18"
331,5.23E-246,-1.454782969,0.136,0.333,1.07E-241,Yes,1.07E-241,AT1G12845,"1, 2, 4, 5"
332,3.01E-245,2.05545771,0.343,0.157,6.19E-241,Yes,6.19E-241,AT3G47250,"6, 9, 11, 12, 13, 17"
333,4.83E-244,1.844285331,0.39,0.206,9.93E-240,Yes,9.93E-240,AT4G31170,"6, 9, 10, 11, 12, 13, 17, 18"
334,1.02E-243,-0.988439032,0.468,0.679,2.10E-239,Yes,2.10E-239,AT3G02840,"0, 2, 7, 17"
335,2.39E-243,-1.165452284,0.548,0.743,4.92E-239,Yes,4.92E-239,AT1G57990,"0, 2, 3, 6, 14"
336,2.58E-242,1.213861394,0.595,0.43,5.30E-238,Yes,5.30E-238,AT3G28940,"9, 10, 11, 12, 13, 17, 18"
337,1.47E-241,1.53130483,0.456,0.276,3.02E-237,Yes,3.02E-237,AT3G17810,"6, 9, 10, 11, 12, 13"
338,4.69E-241,0.64666762,0.914,0.849,9.64E-237,Yes,9.64E-237,AT4G39090,"6, 8, 11, 12, 16, 18"
339,1.27E-240,0.941906424,0.735,0.61,2.62E-236,Yes,2.62E-236,AT3G44310,"7, 8, 10, 11, 12, 13"
340,2.17E-240,-0.73103793,0.739,0.833,4.47E-236,Yes,4.47E-236,FED A,"1, 4, 5"
341,9.56E-240,2.01733442,0.307,0.127,1.96E-235,Yes,1.96E-235,AT3G12760,"9, 10, 11, 12, 13"
342,2.67E-239,0.868674323,0.383,0.167,5.48E-235,Yes,5.48E-235,AT1G65690,"6, 9, 10, 14"
343,3.94E-239,1.265005069,0.461,0.26,8.10E-235,Yes,8.10E-235,AT4G32870,"0, 9, 10, 12, 13"
344,9.51E-239,-0.816879278,0.703,0.83,1.95E-234,Yes,1.95E-234,AT3G44190,"0, 2, 3, 7, 17"
345,1.56E-238,0.736256847,0.77,0.682,3.21E-234,Yes,3.21E-234,AT3G08610,"8, 9, 10, 11, 12, 13"
346,2.92E-238,0.890257291,0.703,0.585,6.01E-234,Yes,6.01E-234,AT3G12630,"0, 9, 10, 12, 13, 16, 18"
347,3.46E-238,-1.571954909,0.203,0.408,7.11E-234,Yes,7.11E-234,AT5G36925,"0, 2, 3, 14"
348,3.44E-237,-0.758188559,0.773,0.877,7.06E-233,Yes,7.06E-233,AT4G18950,"0, 2, 3, 7, 16, 17"
349,3.85E-237,1.770818452,0.347,0.163,7.91E-233,Yes,7.91E-233,AT2G17130,"8, 9, 10, 11, 12, 13"
350,1.69E-236,3.2288968,0.28,0.111,3.48E-232,Yes,3.48E-232,AT3G04000,"8, 11, 12, 13"
351,2.20E-236,0.821516134,0.708,0.579,4.52E-232,Yes,4.52E-232,AT1G61250,"0, 9, 10, 13, 14"
352,1.63E-235,1.503663482,0.467,0.289,3.35E-231,Yes,3.35E-231,AT3G17240,"6, 8, 9, 10, 11, 12, 13, 16"
353,1.11E-234,-1.323854875,0.254,0.464,2.27E-230,Yes,2.27E-230,AT5G51970,"0, 1, 2, 3"
354,1.22E-234,1.640739859,0.464,0.289,2.51E-230,Yes,2.51E-230,AT5G02502,"9, 10, 11, 12, 13"
355,1.44E-234,0.554991726,0.823,0.747,2.96E-230,Yes,2.96E-230,AT1G56280,"7, 9, 11, 12, 13, 16, 18"
356,2.28E-234,1.132306011,0.487,0.29,4.69E-230,Yes,4.69E-230,AT5G25440,"0, 6, 7, 8, 9, 10, 12, 13"
357,5.20E-234,1.615609517,0.543,0.396,1.07E-229,Yes,1.07E-229,AT4G10100,"9, 10, 11, 12, 13, 18"
358,5.61E-234,0.951547372,0.696,0.594,1.15E-229,Yes,1.15E-229,AT5G04750,"8, 9, 10, 11, 12, 13, 18"
359,4.03E-233,2.263907235,0.298,0.124,8.29E-229,Yes,8.29E-229,AT1G06570,"11, 12, 13, 18"
360,9.90E-233,1.593258343,0.442,0.263,2.03E-228,Yes,2.03E-228,AT2G07180,"6, 7, 9, 11, 12, 13"
361,2.30E-232,-1.006652401,0.506,0.661,4.73E-228,Yes,4.73E-228,AT5G44070,"0, 2, 3, 5, 7"
362,2.54E-231,-1.410088277,0.145,0.34,5.23E-227,Yes,5.23E-227,AT5G62350,"1, 4, 7, 17, 18"
363,1.66E-230,-1.052908052,0.402,0.591,3.41E-226,Yes,3.41E-226,AT5G05690,"1, 2, 3, 4, 5"
364,4.36E-230,1.650660104,0.363,0.171,8.96E-226,Yes,8.96E-226,AT1G14200,"9, 11, 12, 16, 17, 18"
365,4.52E-230,-0.726138325,0.919,0.968,9.29E-226,Yes,9.29E-226,AT5G42650,"0, 2, 3, 14"
366,7.55E-230,1.119310211,0.516,0.329,1.55E-225,Yes,1.55E-225,AT1G10140,"6, 9, 10, 12, 13, 17, 18"
367,1.01E-229,1.434741695,0.466,0.275,2.07E-225,Yes,2.07E-225,AT5G46780,"0, 7, 9, 10, 12, 16, 17"
368,6.48E-229,2.116923237,0.288,0.115,1.33E-224,Yes,1.33E-224,AT4G03420,"9, 11, 12, 13, 17, 18"
369,8.12E-229,-0.465584226,0.993,0.998,1.67E-224,No,1.67E-224,AT3G61470,"1, 4, 5, 11"
370,8.85E-229,1.837153872,0.343,0.153,1.82E-224,Yes,1.82E-224,AT3G46080,"9, 12, 13, 16, 17"
371,9.15E-229,1.176124464,0.458,0.275,1.88E-224,Yes,1.88E-224,AT1G66970,"6, 9, 11, 12, 13, 14"
372,1.13E-228,-1.44368317,0.224,0.423,2.33E-224,Yes,2.33E-224,AT5G17460,"2, 5, 7, 16, 17, 18"
373,1.15E-228,1.377326516,0.538,0.395,2.37E-224,Yes,2.37E-224,AT5G59140,"8, 9, 10, 11, 12, 13"
374,6.83E-228,-1.059779121,0.31,0.517,1.40E-223,Yes,1.40E-223,AT5G62720,"1, 4, 5"
375,1.39E-227,-1.238410413,0.59,0.747,2.86E-223,Yes,2.86E-223,AT2G42540,"1, 2, 4, 5, 7"
376,1.63E-227,-0.943357395,0.528,0.673,3.36E-223,Yes,3.36E-223,AT3G47070,"1, 3, 4, 5, 11"
377,2.97E-227,-0.922310658,0.636,0.81,6.09E-223,Yes,6.09E-223,AT3G15353,"7, 15, 16"
378,4.34E-227,-1.819593435,0.109,0.286,8.92E-223,Yes,8.92E-223,AT2G10940,"4, 5"
379,8.66E-227,1.07515975,0.673,0.552,1.78E-222,Yes,1.78E-222,AT4G34350,"8, 11, 12, 13"
380,2.92E-226,-1.478158548,0.102,0.28,5.99E-222,Yes,5.99E-222,AT3G45970,7
381,3.26E-226,-1.727966214,0.099,0.272,6.70E-222,Yes,6.70E-222,AT1G35140,"1, 4"
382,1.13E-225,-1.07700725,0.34,0.529,2.32E-221,Yes,2.32E-221,AT4G30690,"1, 2, 4, 5"
383,1.20E-225,-0.523604845,0.985,0.992,2.47E-221,Yes,2.47E-221,AT1G61520,"1, 4, 5, 11"
384,2.86E-225,1.61314794,0.534,0.389,5.87E-221,Yes,5.87E-221,AT5G45490,"6, 8, 9, 11, 12, 13"
385,6.49E-225,-0.909740206,0.485,0.66,1.33E-220,Yes,1.33E-220,AT4G21960,"1, 4, 5, 7, 16"
386,2.02E-224,1.665647335,0.434,0.258,4.15E-220,Yes,4.15E-220,AT1G54100,"6, 8, 10, 11, 12, 13, 18"
387,2.13E-223,-0.827656905,0.57,0.684,4.38E-219,Yes,4.38E-219,AT5G65220,"1, 2, 4, 5"
388,2.77E-223,-0.620800691,0.929,0.947,5.69E-219,Yes,5.69E-219,AT1G06680,"1, 4, 5, 11"
389,6.57E-223,-0.798179666,0.256,0.476,1.35E-218,Yes,1.35E-218,AT3G27690,"1, 4, 5"
390,1.00E-222,-0.902514045,0.463,0.628,2.06E-218,Yes,2.06E-218,AT2G37220,"1, 2, 4, 5"
391,4.36E-222,1.258258045,0.412,0.214,8.95E-218,Yes,8.95E-218,AT3G01290,"0, 6, 9, 10, 13, 16"
392,4.68E-222,-0.930182207,0.457,0.627,9.62E-218,Yes,9.62E-218,AT3G15190,"1, 4, 5"
393,5.60E-222,2.852508551,0.327,0.154,1.15E-217,Yes,1.15E-217,AT3G54640,"6, 9, 10, 13"
394,1.49E-221,-0.760204756,0.595,0.725,3.06E-217,Yes,3.06E-217,AT3G14415,"1, 3, 4, 5"
395,2.41E-221,1.465488506,0.584,0.438,4.94E-217,Yes,4.94E-217,AT2G29670,"6, 8, 11, 12, 13"
396,3.83E-221,1.193653599,0.515,0.337,7.88E-217,Yes,7.88E-217,AT3G19960,"7, 8, 9, 10, 11, 12, 13, 16, 18"
397,4.54E-221,1.74413761,0.315,0.133,9.33E-217,Yes,9.33E-217,AT1G53625,"9, 10, 17"
398,7.34E-221,-1.333150391,0.178,0.374,1.51E-216,Yes,1.51E-216,AT2G17880,"2, 3, 4, 5, 7, 17"
399,9.01E-221,-1.275128115,0.26,0.467,1.85E-216,Yes,1.85E-216,AT1G07160,"0, 2, 3, 14, 17"
400,1.05E-220,-0.926630439,0.558,0.683,2.16E-216,Yes,2.16E-216,AT3G15210,"2, 3, 4, 5, 7, 16"
401,1.07E-220,1.010053131,0.703,0.584,2.21E-216,Yes,2.21E-216,AT3G44720,"0, 6, 9, 10, 13"
402,1.80E-220,0.944892556,0.669,0.56,3.69E-216,Yes,3.69E-216,AT2G03680,"9, 10, 11, 13, 18"
403,1.98E-220,1.219237659,0.559,0.416,4.07E-216,Yes,4.07E-216,AT2G16710,"6, 9, 10, 11, 12, 13, 16"
404,9.38E-220,-0.449450342,0.995,0.998,1.93E-215,No,1.93E-215,AT2G41430,"0, 2, 7, 16"
405,1.19E-219,-1.324544395,0.223,0.424,2.45E-215,Yes,2.45E-215,AT3G08030,"1, 3, 4, 5, 14"
406,1.93E-219,0.747711948,0.705,0.622,3.96E-215,Yes,3.96E-215,AT5G11770,"7, 9, 10, 11, 12, 13"
407,7.55E-219,1.251680846,0.582,0.432,1.55E-214,Yes,1.55E-214,AT1G70700,"7, 8, 11, 12, 13, 16, 18"
408,1.14E-218,1.800620481,0.462,0.294,2.33E-214,Yes,2.33E-214,AT3G07720,"9, 10, 12, 13, 17"
409,1.66E-218,-0.835477467,0.486,0.652,3.41E-214,Yes,3.41E-214,AT4G20260,"1, 4, 5, 18"
410,1.87E-218,1.834760032,0.36,0.187,3.84E-214,Yes,3.84E-214,AT2G47640,"6, 8, 9, 10, 11, 12, 13, 17"
411,4.98E-218,-0.646170825,0.713,0.78,1.02E-213,Yes,1.02E-213,AT4G24770,"1, 2, 4, 5"
412,5.99E-218,1.905839848,0.302,0.128,1.23E-213,Yes,1.23E-213,AT4G04620,"9, 10, 12, 13, 15, 16, 18"
413,4.01E-217,-1.067233368,0.483,0.632,8.23E-213,Yes,8.23E-213,AT1G56220,"1, 4, 5, 17, 18"
414,6.15E-217,-1.052691663,0.368,0.551,1.26E-212,Yes,1.26E-212,AT1G06460,"1, 2, 4, 5"
415,1.87E-216,2.132469187,0.348,0.18,3.85E-212,Yes,3.85E-212,AT5G57630,"6, 8, 11, 12, 13, 17, 18"
416,5.43E-216,-0.881039368,0.373,0.579,1.12E-211,Yes,1.12E-211,AT3G05880,"7, 16, 18"
417,7.13E-216,-0.738311632,0.884,0.928,1.46E-211,Yes,1.46E-211,AT5G54270,"1, 4, 5, 11"
418,2.03E-215,1.186515463,0.581,0.454,4.16E-211,Yes,4.16E-211,AT2G04900,"9, 10, 11, 12, 13, 18"
419,2.66E-215,1.14671546,0.581,0.44,5.46E-211,Yes,5.46E-211,AT3G06050,"6, 7, 8, 9, 10, 11, 12, 13"
420,1.59E-214,-0.460629433,0.977,0.984,3.27E-210,No,3.27E-210,AT5G01530,"1, 4, 5"
421,4.26E-214,-0.872689281,0.5,0.661,8.76E-210,Yes,8.76E-210,AT1G12900,"1, 4, 5"
422,5.56E-214,1.741154726,0.356,0.184,1.14E-209,Yes,1.14E-209,AT5G67510,"8, 9, 10, 11, 12, 13"
423,2.84E-213,-1.625629326,0.099,0.267,5.84E-209,Yes,5.84E-209,AT1G07050,"1, 4, 5"
424,2.88E-213,-0.821235235,0.532,0.677,5.91E-209,Yes,5.91E-209,AT3G25920,"1, 4, 5"
425,3.56E-213,-0.803833169,0.569,0.692,7.31E-209,Yes,7.31E-209,AT2G38140,"1, 2, 4, 5"
426,5.89E-213,-0.910397746,0.415,0.603,1.21E-208,Yes,1.21E-208,AT1G64510,"0, 1, 2, 4, 5"
427,6.22E-213,-0.973827401,0.39,0.595,1.28E-208,Yes,1.28E-208,AT1G47130,"0, 2, 3, 14"
428,1.06E-212,-1.055974427,0.358,0.557,2.18E-208,Yes,2.18E-208,AT1G51090,"0, 2, 5, 7, 17"
429,1.65E-212,1.543566562,0.428,0.251,3.39E-208,Yes,3.39E-208,AT1G08830,"9, 10, 12, 13, 18"
430,5.44E-212,2.094182276,0.344,0.174,1.12E-207,Yes,1.12E-207,AT3G23000,"9, 11, 12, 13, 17"
431,3.06E-211,-0.793366828,0.757,0.839,6.28E-207,Yes,6.28E-207,AT2G40000,"0, 2, 3, 16, 17"
432,3.74E-211,-0.954093848,0.288,0.497,7.69E-207,Yes,7.69E-207,AT5G42900,"0, 2, 3, 5, 7"
433,6.17E-211,1.330286726,0.606,0.473,1.27E-206,Yes,1.27E-206,AT5G44580,"8, 9, 11, 12, 13"
434,8.64E-211,-1.575488578,0.113,0.288,1.78E-206,Yes,1.78E-206,AT4G27720,"4, 5, 7, 16"
435,9.44E-211,1.683676406,0.373,0.189,1.94E-206,Yes,1.94E-206,AT3G24500,"9, 12, 15, 16, 17, 18"
436,1.36E-210,-0.724185637,0.616,0.72,2.79E-206,Yes,2.79E-206,AT5G14320,"1, 2, 4, 5"
437,1.64E-210,2.012378762,0.257,0.094,3.36E-206,Yes,3.36E-206,AT3G25597,"0, 9, 10, 12, 18"
438,9.46E-210,-1.345437949,0.145,0.327,1.94E-205,Yes,1.94E-205,AT3G04550,"1, 4, 5"
439,1.46E-209,1.052318297,0.612,0.483,3.00E-205,Yes,3.00E-205,AT2G19760,"9, 10, 11, 12, 13, 18"
440,1.80E-209,1.68579239,0.419,0.254,3.70E-205,Yes,3.70E-205,AT4G17840,"9, 11, 12, 13, 18"
441,2.23E-209,-0.562922924,0.881,0.912,4.57E-205,Yes,4.57E-205,AT4G05180,"1, 4, 5, 11"
442,3.13E-209,-1.295821798,0.236,0.439,6.43E-205,Yes,6.43E-205,AT1G30360,"2, 3, 7, 15, 18"
443,3.16E-209,-0.73830312,0.51,0.696,6.49E-205,Yes,6.49E-205,AT4G01250,"2, 4, 5, 7"
444,4.10E-209,1.416308643,0.436,0.269,8.42E-205,Yes,8.42E-205,AT2G31350,"6, 8, 9, 10, 11, 12, 13"
445,5.73E-209,1.54935978,0.396,0.217,1.18E-204,Yes,1.18E-204,AT2G31570,"0, 6, 9, 10, 12, 18"
446,1.25E-208,-0.619162736,0.836,0.893,2.56E-204,Yes,2.56E-204,AT1G76650,"2, 3, 7, 17"
447,1.28E-208,1.093837153,0.483,0.282,2.63E-204,Yes,2.63E-204,AT1G62300,"0, 6, 9, 10, 12, 18"
448,1.95E-208,1.653112092,0.403,0.237,4.01E-204,Yes,4.01E-204,AT5G57900,"9, 11, 12, 13, 18"
449,2.84E-208,0.746950662,0.432,0.243,5.82E-204,Yes,5.82E-204,AT4G38740,"8, 11, 13, 15, 16, 18"
450,2.95E-208,1.593643995,0.285,0.115,6.05E-204,Yes,6.05E-204,AT1G78570,"0, 9, 10, 12, 13"
451,1.17E-207,2.038500896,0.264,0.104,2.40E-203,Yes,2.40E-203,AT5G19930,"9, 11, 12, 13"
452,1.30E-207,-1.086551429,0.507,0.661,2.68E-203,Yes,2.68E-203,AT2G42530,"1, 2, 4, 5, 11"
453,2.40E-207,0.87885722,0.718,0.574,4.92E-203,Yes,4.92E-203,AT4G36990,"0, 6, 9, 10, 12, 17"
454,5.21E-207,-0.571081255,0.832,0.856,1.07E-202,Yes,1.07E-202,AT1G30380,"1, 4, 5, 11"
455,8.68E-207,1.164955925,0.522,0.342,1.78E-202,Yes,1.78E-202,AT4G19700,"2, 9, 10, 12"
456,1.91E-206,-1.653860676,0.172,0.36,3.92E-202,Yes,3.92E-202,AT5G55180,"0, 2, 14"
457,2.87E-206,1.558266733,0.359,0.186,5.89E-202,Yes,5.89E-202,AT5G19440,"7, 8, 9, 10, 11, 12, 13, 16"
458,3.03E-206,1.603566296,0.399,0.236,6.23E-202,Yes,6.23E-202,AT2G45330,"6, 8, 9, 10, 11, 12, 13"
459,1.33E-205,-1.423743587,0.179,0.369,2.73E-201,Yes,2.73E-201,AT4G35985,"2, 3, 4, 5, 7, 17"
460,2.68E-205,-1.348461113,0.202,0.398,5.50E-201,Yes,5.50E-201,AT1G51805,"0, 2, 3, 6, 14"
461,6.00E-205,1.630636193,0.372,0.201,1.23E-200,Yes,1.23E-200,AT1G15950,"8, 9, 10, 11, 12, 13, 17"
462,2.76E-204,0.86952638,0.673,0.58,5.66E-200,Yes,5.66E-200,AT4G34881,"9, 11, 12, 13, 18"
463,3.34E-204,-0.689277319,0.843,0.933,6.86E-200,Yes,6.86E-200,AT5G16970,"0, 2, 3, 7, 10"
464,4.93E-204,-0.868444647,0.434,0.61,1.01E-199,Yes,1.01E-199,AT1G32990,"1, 4, 5"
465,2.46E-203,-0.988298906,0.316,0.511,5.05E-199,Yes,5.05E-199,AT2G44920,"0, 1, 2, 3, 4, 5"
466,2.89E-203,0.535170884,0.958,0.903,5.94E-199,Yes,5.94E-199,AT5G54940,"6, 7, 9, 10, 12, 15, 16, 17"
467,1.13E-202,1.163602768,0.575,0.462,2.33E-198,Yes,2.33E-198,AT4G21450,"8, 9, 10, 11, 12, 13"
468,1.96E-202,1.288459907,0.521,0.377,4.02E-198,Yes,4.02E-198,AT5G23540,"8, 9, 10, 11, 12, 13, 17, 18"
469,2.81E-202,1.683929245,0.323,0.156,5.78E-198,Yes,5.78E-198,AT4G29810,"6, 8, 9, 10, 11, 12, 13"
470,3.60E-202,1.513218329,0.409,0.236,7.39E-198,Yes,7.39E-198,AT2G37970,"6, 8, 9, 10, 12, 13, 17"
471,1.40E-201,1.468320742,0.423,0.26,2.88E-197,Yes,2.88E-197,AT4G21580,"6, 8, 9, 10, 11, 12, 13"
472,1.68E-201,1.784351835,0.335,0.164,3.46E-197,Yes,3.46E-197,AT5G02020,"9, 10, 11, 12, 13"
473,2.09E-201,0.73150673,0.764,0.692,4.30E-197,Yes,4.30E-197,AT4G27130,"8, 9, 10, 11, 12, 13, 18"
474,3.36E-201,-0.697487796,0.598,0.767,6.90E-197,Yes,6.90E-197,AT3G59350,"0, 2, 3, 7, 16"
475,6.97E-201,-1.192908615,0.393,0.56,1.43E-196,Yes,1.43E-196,AT4G27280,"1, 2, 4, 5, 7, 16, 17"
476,8.09E-201,-1.369996691,0.148,0.329,1.66E-196,Yes,1.66E-196,AT5G26570,"0, 1, 2"
477,1.79E-200,0.93603417,0.695,0.606,3.68E-196,Yes,3.68E-196,AT5G03455,"8, 9, 10, 11, 12, 13, 18"
478,1.99E-200,1.392368404,0.31,0.137,4.08E-196,Yes,4.08E-196,AT1G78210,"0, 9, 10, 12"
479,5.41E-200,0.982461281,0.621,0.489,1.11E-195,Yes,1.11E-195,AT1G27970,"0, 9, 10, 12, 13, 16"
480,5.76E-200,1.16833827,0.51,0.352,1.18E-195,Yes,1.18E-195,AT5G05100,"6, 7, 8, 9, 10, 11, 12, 13, 16, 18"
481,4.04E-199,-0.851105563,0.476,0.628,8.29E-195,Yes,8.29E-195,AT1G32470,"1, 2, 4, 5"
482,2.03E-198,1.917837089,0.308,0.146,4.18E-194,Yes,4.18E-194,AT1G27300,"10, 11, 12, 13"
483,1.60E-197,-1.452658915,0.133,0.31,3.29E-193,Yes,3.29E-193,AT5G63800,"0, 1"
484,2.13E-197,0.564695924,0.798,0.716,4.38E-193,Yes,4.38E-193,AT1G64230,"8, 9, 10, 11, 12, 13, 18"
485,3.35E-197,-0.715007529,0.937,0.971,6.88E-193,Yes,6.88E-193,AT5G35735,"0, 3, 6, 7, 14, 16"
486,4.46E-197,-1.222744737,0.265,0.445,9.15E-193,Yes,9.15E-193,AT3G22210,"1, 2, 4, 5"
487,4.69E-197,1.268115807,0.557,0.424,9.64E-193,Yes,9.64E-193,AT5G53650,"9, 10, 11, 12, 13"
488,2.18E-196,-1.166213088,0.207,0.399,4.48E-192,Yes,4.48E-192,AT1G51700,"2, 3, 4, 5, 7, 17"
489,3.19E-195,1.250049633,0.53,0.391,6.55E-191,Yes,6.55E-191,AT2G26240,"9, 10, 11, 12, 13"
490,3.81E-195,-0.868214196,0.655,0.734,7.82E-191,Yes,7.82E-191,ATCG00590,"1, 4, 14"
491,5.54E-195,0.776910015,0.668,0.512,1.14E-190,Yes,1.14E-190,AT2G07671,"3, 6, 9, 14"
492,8.31E-195,-0.887681572,0.284,0.492,1.71E-190,Yes,1.71E-190,AT4G19410,"1, 3, 4, 7, 14, 16, 18"
493,9.55E-195,1.347822596,0.447,0.288,1.96E-190,Yes,1.96E-190,AT3G25910,"6, 8, 9, 10, 11, 12, 13, 16, 17, 18"
494,4.06E-194,1.373813579,0.282,0.116,8.35E-190,Yes,8.35E-190,AT1G76960,"9, 10, 12, 13, 17"
495,6.50E-194,1.181264698,0.523,0.371,1.34E-189,Yes,1.34E-189,AT5G17280,"0, 8, 9, 10, 11, 12, 13"
496,1.15E-193,1.208644045,0.37,0.189,2.36E-189,Yes,2.36E-189,AT1G12320,"0, 6, 9, 10, 12, 17, 18"
497,1.31E-193,0.889346606,0.648,0.556,2.69E-189,Yes,2.69E-189,AT5G08060,"8, 9, 10, 11, 12, 13"
498,1.99E-193,1.098894438,0.522,0.368,4.10E-189,Yes,4.10E-189,AT5G54110,"0, 9, 10, 12, 13"
499,2.35E-193,-1.117213411,0.345,0.544,4.83E-189,Yes,4.83E-189,AT4G20780,"0, 2"
500,3.64E-193,-0.899401255,0.424,0.596,7.48E-189,Yes,7.48E-189,AT1G32060,"1, 4, 5"
501,3.89E-193,1.238368421,0.603,0.481,8.00E-189,Yes,8.00E-189,AT4G22240,"8, 10, 11, 12, 13"
502,5.57E-193,-0.694305107,0.643,0.727,1.14E-188,Yes,1.14E-188,AT1G03680,"0, 1, 2, 4, 5"
503,8.24E-193,-1.105770801,0.55,0.685,1.69E-188,Yes,1.69E-188,AT1G61890,"0, 2, 3, 6"
504,1.24E-192,-0.490287304,0.945,0.95,2.55E-188,No,2.55E-188,AT1G20340,"1, 4, 5, 11"
505,2.00E-192,0.586275463,0.771,0.698,4.11E-188,Yes,4.11E-188,AT1G65720,"3, 6, 9, 10, 12, 13, 14, 18"
506,1.32E-191,1.773573256,0.254,0.1,2.71E-187,Yes,2.71E-187,AT5G16450,"11, 12, 13, 18"
507,1.85E-191,-0.969101212,0.455,0.646,3.81E-187,Yes,3.81E-187,AT2G22470,"0, 2, 3, 6, 7, 14"
508,5.82E-191,0.740064097,0.737,0.596,1.20E-186,Yes,1.20E-186,AT4G17500,"7, 9, 10, 12, 16, 17"
509,7.34E-191,-1.550893604,0.115,0.278,1.51E-186,Yes,1.51E-186,AT5G52310,"1, 7, 16, 18"
510,2.15E-190,1.277448621,0.483,0.322,4.41E-186,Yes,4.41E-186,AT4G36900,"6, 8, 11, 12, 13, 16, 18"
511,6.25E-190,0.945016085,0.658,0.551,1.28E-185,Yes,1.28E-185,AT3G07480,"7, 8, 9, 10, 12, 13"
512,7.68E-190,-1.169534182,0.188,0.368,1.58E-185,Yes,1.58E-185,AT1G14150,"1, 2, 4, 5"
513,2.33E-189,1.382174411,0.356,0.178,4.79E-185,Yes,4.79E-185,AT1G14870,"6, 7, 9, 10, 14"
514,2.23E-188,1.12428575,0.414,0.238,4.59E-184,Yes,4.59E-184,AT5G35200,"0, 6, 8, 9, 10, 12, 13, 18"
515,4.26E-188,1.710390681,0.311,0.151,8.74E-184,Yes,8.74E-184,AT4G14110,"9, 10, 11, 12, 13, 18"
516,4.69E-188,-0.501304593,0.841,0.874,9.64E-184,Yes,9.64E-184,AT1G32920,"2, 5, 7, 9, 16, 17"
517,6.21E-188,0.66460266,0.743,0.638,1.28E-183,Yes,1.28E-183,AT5G21090,"3, 6, 9, 13, 14, 15, 16, 18"
518,6.72E-188,-0.511330946,0.807,0.858,1.38E-183,Yes,1.38E-183,AT4G21280,"1, 4, 5, 11"
519,1.59E-187,-0.964201546,0.321,0.504,3.26E-183,Yes,3.26E-183,AT2G31040,"1, 2, 4, 5"
520,1.67E-187,1.823436421,0.292,0.137,3.42E-183,Yes,3.42E-183,AT2G44180,"9, 11, 12, 13, 17"
521,2.41E-187,1.102585361,0.6,0.483,4.96E-183,Yes,4.96E-183,AT4G28060,"8, 9, 10, 11, 12, 13"
522,6.16E-187,1.734579233,0.399,0.242,1.27E-182,Yes,1.27E-182,AT5G17990,"6, 7, 8, 9, 10, 11, 13"
523,1.10E-186,-1.1480372,0.181,0.36,2.26E-182,Yes,2.26E-182,AT1G50732,"1, 2, 4, 5"
524,3.83E-186,1.320315338,0.543,0.412,7.86E-182,Yes,7.86E-182,AT1G76860,"9, 10, 11, 12, 13"
525,4.28E-186,-0.773871757,0.54,0.669,8.80E-182,Yes,8.80E-182,AT5G46110,"1, 2, 4, 5"
526,5.29E-186,-1.313446761,0.107,0.265,1.09E-181,Yes,1.09E-181,AT4G09020,"2, 4, 5"
527,5.98E-186,-0.430113364,0.971,0.972,1.23E-181,No,1.23E-181,AT2G30570,"1, 4, 5, 8, 11"
528,1.92E-185,0.561595041,0.799,0.721,3.94E-181,Yes,3.94E-181,AT3G02470,"9, 10, 11, 12, 13, 15"
529,1.98E-185,0.865026436,0.693,0.611,4.07E-181,Yes,4.07E-181,AT5G59880,"9, 10, 11, 12, 13, 18"
530,2.54E-185,-1.383004064,0.151,0.322,5.21E-181,Yes,5.21E-181,AT3G50060,"1, 4, 5, 17"
531,1.25E-184,-0.763913427,0.695,0.791,2.57E-180,Yes,2.57E-180,AT3G08940,"1, 4, 5, 11"
532,1.58E-184,-1.130250516,0.257,0.448,3.25E-180,Yes,3.25E-180,AT3G18080,"1, 3, 4, 7, 14"
533,4.76E-184,1.554272483,0.291,0.131,9.78E-180,Yes,9.78E-180,AT1G80300,"9, 10, 13, 15"
534,6.09E-184,-0.842948815,0.445,0.604,1.25E-179,Yes,1.25E-179,AT1G03600,"1, 4, 5"
535,6.62E-184,-1.063750207,0.249,0.433,1.36E-179,Yes,1.36E-179,AT5G53490,"1, 4, 5"
536,1.35E-183,1.094973782,0.455,0.291,2.77E-179,Yes,2.77E-179,AT1G75220,"3, 6, 8, 10, 11, 12, 13, 14"
537,1.58E-183,-0.816844497,0.457,0.622,3.24E-179,Yes,3.24E-179,AT3G54050,"1, 4, 5"
538,1.84E-183,-0.77940241,0.558,0.675,3.78E-179,Yes,3.78E-179,AT3G46780,"1, 4, 5"
539,1.95E-183,0.70034785,0.691,0.572,4.02E-179,Yes,4.02E-179,AT5G20190,"7, 8, 11, 12, 13, 15, 16"
540,2.57E-183,-0.745712272,0.554,0.693,5.29E-179,Yes,5.29E-179,AT3G01500,"1, 4, 5, 11"
541,1.28E-182,-0.821109724,0.498,0.647,2.62E-178,Yes,2.62E-178,AT1G79850,"1, 4, 5"
542,1.60E-182,-0.792954478,0.46,0.619,3.29E-178,Yes,3.29E-178,AT3G53460,"1, 4, 5"
543,1.71E-182,-1.191166664,0.213,0.398,3.51E-178,Yes,3.51E-178,AT2G32200,"0, 2, 3, 7, 14, 15"
544,2.17E-182,-0.779736861,0.484,0.663,4.46E-178,Yes,4.46E-178,AT4G31550,"0, 2, 3, 7"
545,1.03E-181,-0.870574505,0.375,0.554,2.11E-177,Yes,2.11E-177,AT3G26060,"1, 4, 5"
546,2.54E-181,-0.956530065,0.29,0.476,5.23E-177,Yes,5.23E-177,AT3G22960,"1, 2, 4, 5, 7"
547,4.80E-181,-1.161694773,0.168,0.345,9.86E-177,Yes,9.86E-177,AT3G53800,"1, 2, 4, 5"
548,2.78E-180,-0.686931422,0.636,0.721,5.70E-176,Yes,5.70E-176,AT3G61260,"1, 4, 5, 7, 18"
549,4.15E-180,0.780682237,0.667,0.587,8.53E-176,Yes,8.53E-176,AT3G55770,"9, 10, 11, 12, 13, 18"
550,2.15E-179,0.706318073,0.774,0.679,4.42E-175,Yes,4.42E-175,AT5G20020,"0, 2, 9, 10, 12, 16"
551,2.74E-179,1.208984509,0.39,0.217,5.62E-175,Yes,5.62E-175,AT5G19230,"3, 6, 9, 10, 13, 14"
552,1.25E-178,-1.119927031,0.362,0.524,2.56E-174,Yes,2.56E-174,AT5G65207,"2, 4, 5, 7, 16, 17, 18"
553,7.94E-178,-1.006099605,0.283,0.462,1.63E-173,Yes,1.63E-173,AT2G22670,"1, 4, 5, 7"
554,8.13E-178,0.987693937,0.419,0.241,1.67E-173,Yes,1.67E-173,AT1G30135,"6, 7, 9, 10, 12, 16, 17, 18"
555,1.56E-177,1.261937433,0.476,0.333,3.20E-173,Yes,3.20E-173,AT2G39270,"8, 9, 10, 11, 12, 13, 17"
556,1.85E-177,0.750085355,0.728,0.651,3.81E-173,Yes,3.81E-173,AT4G21105,"7, 9, 10, 13"
557,2.65E-177,1.054391685,0.554,0.425,5.45E-173,Yes,5.45E-173,AT5G43260,"9, 10, 11, 12, 13"
558,1.29E-176,1.093239819,0.58,0.457,2.65E-172,Yes,2.65E-172,AT1G15400,"0, 8, 9, 10, 11, 12, 13, 18"
559,1.41E-176,-0.753727213,0.589,0.74,2.90E-172,Yes,2.90E-172,AT2G40880,"0, 2, 7, 15, 17"
560,2.54E-176,0.711373893,0.573,0.398,5.21E-172,Yes,5.21E-172,AT4G16760,"0, 6, 9, 10"
561,6.19E-176,2.010526639,0.444,0.298,1.27E-171,Yes,1.27E-171,AT5G67480,"6, 8, 11, 13"
562,9.94E-176,0.876984379,0.676,0.585,2.04E-171,Yes,2.04E-171,AT1G51650,"9, 10, 11, 12, 13"
563,3.28E-175,0.899971824,0.631,0.532,6.75E-171,Yes,6.75E-171,AT1G66410,"8, 9, 10, 11, 13, 16, 18"
564,3.57E-175,1.673065822,0.304,0.15,7.34E-171,Yes,7.34E-171,AT5G57660,"7, 9, 11, 12, 13, 17"
565,4.69E-175,-1.114510492,0.24,0.425,9.63E-171,Yes,9.63E-171,ATCG00650,"1, 3, 6, 7, 15"
566,1.21E-174,-0.704885057,0.702,0.781,2.49E-170,Yes,2.49E-170,AT1G51400,"1, 4, 5, 8, 11"
567,2.06E-174,1.270923593,0.47,0.314,4.24E-170,Yes,4.24E-170,AT2G24200,"6, 7, 9, 10, 13, 16, 18"
568,6.80E-174,-0.942087331,0.213,0.396,1.40E-169,Yes,1.40E-169,AT2G24060,"1, 2, 4, 5"
569,7.21E-174,-1.216200984,0.215,0.387,1.48E-169,Yes,1.48E-169,AT5G11070,"1, 4, 7, 16, 17, 18"
570,1.69E-173,1.159415872,0.503,0.372,3.46E-169,Yes,3.46E-169,AT5G27720,"8, 9, 10, 11, 12, 13, 18"
571,6.20E-173,0.964737065,0.705,0.602,1.27E-168,Yes,1.27E-168,AT1G19570,"7, 8, 11, 12, 13, 18"
572,6.22E-173,-1.11967973,0.263,0.447,1.28E-168,Yes,1.28E-168,AT1G53840,"2, 3, 6"
573,6.57E-173,1.091821368,0.554,0.445,1.35E-168,Yes,1.35E-168,AT5G32440,"9, 10, 11, 12, 13, 18"
574,1.17E-172,-0.82807485,0.39,0.564,2.40E-168,Yes,2.40E-168,AT1G08980,"1, 2, 4, 5, 7"
575,1.24E-172,-0.885560901,0.577,0.683,2.55E-168,Yes,2.55E-168,AT3G55980,"2, 4, 5, 7, 16, 17"
576,1.44E-172,2.081188777,0.256,0.114,2.97E-168,Yes,2.97E-168,AT4G15520,"9, 11, 12, 13"
577,1.52E-172,1.107066883,0.331,0.164,3.11E-168,Yes,3.11E-168,AT5G47730,"0, 6, 9, 10, 16"
578,4.78E-172,2.064871101,0.264,0.121,9.83E-168,Yes,9.83E-168,AT1G19680,"11, 12, 13"
579,7.78E-172,-0.43364402,0.906,0.903,1.60E-167,No,1.60E-167,AT2G20260,"1, 4, 5, 11"
580,7.98E-172,0.936777319,0.611,0.512,1.64E-167,Yes,1.64E-167,AT5G20090,"8, 9, 10, 11, 12, 13"
581,1.90E-171,-1.019068085,0.248,0.432,3.91E-167,Yes,3.91E-167,AT4G29060,"1, 3, 4, 5, 14"
582,1.99E-171,1.027923701,0.57,0.456,4.10E-167,Yes,4.10E-167,AT2G22425,"9, 10, 11, 12, 13, 14, 18"
583,6.53E-171,0.654940918,0.726,0.57,1.34E-166,Yes,1.34E-166,AT1G63840,"0, 6, 10, 12, 14"
584,8.19E-171,1.643772471,0.271,0.124,1.68E-166,Yes,1.68E-166,AT5G11600,"9, 10, 11, 12, 13, 18"
585,9.69E-171,1.222156847,0.436,0.29,1.99E-166,Yes,1.99E-166,AT1G16700,"7, 8, 9, 10, 11, 12, 13"
586,3.83E-170,0.768650492,0.662,0.571,7.88E-166,Yes,7.88E-166,AT3G52300,"7, 8, 9, 10, 11, 12, 13, 15, 16"
587,3.87E-170,0.675600581,0.724,0.65,7.94E-166,Yes,7.94E-166,AT1G15270,"9, 10, 11, 12, 13, 15, 16"
588,8.28E-170,1.164467363,0.336,0.174,1.70E-165,Yes,1.70E-165,AT5G57910,"0, 6, 8, 9, 10, 11, 12, 13, 16, 18"
589,8.36E-170,1.193937076,0.559,0.444,1.72E-165,Yes,1.72E-165,AT3G01130,"9, 10, 11, 12, 13"
590,1.69E-169,1.578514996,0.383,0.238,3.47E-165,Yes,3.47E-165,AT5G12470,"9, 10, 11, 12, 13"
591,3.80E-169,0.96242319,0.56,0.442,7.81E-165,Yes,7.81E-165,AT4G02370,"6, 8, 9, 10, 11, 12, 13, 14"
592,5.83E-169,1.481597167,0.399,0.244,1.20E-164,Yes,1.20E-164,AT2G17220,"6, 9, 10, 13, 17"
593,9.58E-169,1.137029893,0.581,0.469,1.97E-164,Yes,1.97E-164,AT1G52870,"8, 11, 12, 13"
594,1.73E-168,-0.768969359,0.374,0.565,3.56E-164,Yes,3.56E-164,AT5G47230,"0, 2, 7, 17"
595,3.90E-168,0.704865409,0.753,0.678,8.02E-164,Yes,8.02E-164,SEC61 BETA,"0, 9, 10, 12, 13"
596,4.06E-168,-0.481924458,0.883,0.911,8.33E-164,No,8.33E-164,AT5G59820,"2, 4, 5, 7, 15, 16, 17"
597,1.32E-167,1.547180835,0.342,0.19,2.72E-163,Yes,2.72E-163,AT3G02520,"6, 8, 9, 10, 13, 17, 18"
598,1.39E-167,1.036286075,0.268,0.112,2.86E-163,Yes,2.86E-163,AT4G21120,"0, 6, 10, 14"
599,4.39E-167,1.230403929,0.355,0.203,9.01E-163,Yes,9.01E-163,AT1G50430,"6, 8, 9, 11, 12, 13, 14"
600,4.82E-167,1.537500479,0.378,0.233,9.90E-163,Yes,9.90E-163,AT2G01060,"8, 9, 10, 11, 12, 13"
601,5.44E-167,2.738325016,0.264,0.126,1.12E-162,Yes,1.12E-162,AT3G55290,"8, 11, 12, 13"
602,6.41E-167,-1.124867675,0.246,0.42,1.32E-162,Yes,1.32E-162,AT5G66650,"2, 3, 4, 7, 17"
603,8.78E-167,2.10842571,0.331,0.184,1.80E-162,Yes,1.80E-162,AT3G28220,"8, 11, 12"
604,1.82E-166,-1.179966907,0.318,0.482,3.75E-162,Yes,3.75E-162,AT3G56880,"4, 5, 7, 16, 17"
605,1.99E-166,1.01276067,0.561,0.442,4.08E-162,Yes,4.08E-162,AT3G44110,"8, 9, 10, 11, 12, 13, 16, 17, 18"
606,2.61E-166,0.613875696,0.753,0.666,5.36E-162,Yes,5.36E-162,AT5G61210,"0, 9, 10, 13, 18"
607,5.04E-166,-0.394632863,0.982,0.984,1.04E-161,No,1.04E-161,AT5G66570,"1, 4, 5, 11"
608,5.84E-166,1.054269033,0.366,0.2,1.20E-161,Yes,1.20E-161,AT2G04400,"0, 6, 9, 10, 13"
609,9.08E-166,1.257631316,0.522,0.403,1.87E-161,Yes,1.87E-161,AT5G02840,"9, 11, 12, 13, 18"
610,1.75E-165,0.881924988,0.627,0.534,3.59E-161,Yes,3.59E-161,AT5G01650,"9, 10, 11, 12, 13"
611,4.15E-165,1.088842295,0.397,0.246,8.52E-161,Yes,8.52E-161,AT3G55830,"6, 8, 9, 10, 11, 12, 13, 14"
612,5.78E-165,1.995014761,0.337,0.195,1.19E-160,Yes,1.19E-160,AT5G05590,"8, 11, 12, 13"
613,1.59E-164,1.624487338,0.295,0.146,3.27E-160,Yes,3.27E-160,AT3G24170,"9, 10, 11, 12, 13"
614,2.29E-164,1.051525254,0.53,0.4,4.70E-160,Yes,4.70E-160,AT3G63310,"6, 9, 10, 12, 13, 14, 17, 18"
615,2.63E-164,1.240185533,0.304,0.146,5.41E-160,Yes,5.41E-160,AT5G67080,"9, 10, 11, 12, 16, 17"
616,7.28E-164,-0.530216096,0.838,0.93,1.49E-159,Yes,1.49E-159,AT5G16010,"0, 2, 3, 7, 14"
617,1.02E-163,-1.295955876,0.167,0.327,2.09E-159,Yes,2.09E-159,AT1G68520,"1, 4, 5, 17"
618,1.26E-163,-0.567301375,0.687,0.784,2.58E-159,Yes,2.58E-159,AT1G73540,"2, 4, 7, 9, 17"
619,1.55E-163,1.131181553,0.467,0.323,3.19E-159,Yes,3.19E-159,AT1G68300,"9, 10, 11, 12, 13, 18"
620,2.22E-163,1.697331554,0.254,0.113,4.57E-159,Yes,4.57E-159,AT1G64970,"11, 12, 13, 18"
621,2.55E-163,-0.614888253,0.702,0.803,5.23E-159,Yes,5.23E-159,AT5G15650,"0, 2, 5"
622,9.20E-163,1.353349555,0.345,0.193,1.89E-158,Yes,1.89E-158,AT5G03560,"6, 8, 9, 11, 12, 13, 18"
623,2.64E-162,1.219119416,0.413,0.263,5.42E-158,Yes,5.42E-158,AT4G26910,"0, 6, 9, 10, 12, 13"
624,2.64E-162,0.433436831,0.865,0.814,5.42E-158,No,5.42E-158,AT5G60360,"3, 6, 8, 11, 13, 14, 18"
625,5.25E-162,0.420552479,0.9,0.844,1.08E-157,No,1.08E-157,AT5G64400,"0, 2, 9, 10, 12, 17"
626,2.02E-161,1.215053438,0.462,0.327,4.15E-157,Yes,4.15E-157,AT5G13430,"7, 8, 9, 10, 11, 12, 13"
627,4.78E-161,1.155827971,0.44,0.296,9.81E-157,Yes,9.81E-157,AT5G37070,"6, 8, 9, 10, 11, 12, 13"
628,8.78E-161,-1.196070985,0.125,0.279,1.80E-156,Yes,1.80E-156,AT2G05990,"4, 5"
629,8.82E-161,-0.999139064,0.184,0.354,1.81E-156,Yes,1.81E-156,AT4G26670,"1, 4, 5"
630,1.14E-160,0.941969911,0.375,0.207,2.33E-156,Yes,2.33E-156,AT3G55470,"0, 6, 9, 10, 12"
631,2.51E-160,1.137377441,0.521,0.397,5.16E-156,Yes,5.16E-156,AT4G00355,"8, 9, 10, 11, 12, 13, 18"
632,2.61E-160,1.284132974,0.476,0.347,5.36E-156,Yes,5.36E-156,AT2G37200,"10, 11, 12, 13, 18"
633,3.51E-160,1.339981296,0.472,0.344,7.22E-156,Yes,7.22E-156,AT3G02770,"7, 8, 9, 11, 12, 13, 16, 18"
634,4.60E-160,0.847457509,0.669,0.585,9.45E-156,Yes,9.45E-156,AT2G31490,"9, 10, 11, 12, 13"
635,5.81E-160,-0.652075058,0.645,0.721,1.19E-155,Yes,1.19E-155,AT3G56910,"1, 2, 4, 5"
636,1.09E-159,0.810513883,0.614,0.516,2.24E-155,Yes,2.24E-155,AT3G13200,"8, 9, 10, 11, 12, 13, 16, 18"
637,1.93E-159,-1.483174742,0.114,0.26,3.97E-155,Yes,3.97E-155,AT1G15980,"2, 5"
638,2.40E-159,1.153162512,0.366,0.208,4.93E-155,Yes,4.93E-155,AT2G14750,"0, 7, 8, 9, 10, 11, 12, 13, 16"
639,2.73E-159,1.166633822,0.532,0.417,5.62E-155,Yes,5.62E-155,AT2G47380,"7, 8, 9, 10, 11, 12, 13, 18"
640,4.22E-159,0.844044583,0.643,0.543,8.68E-155,Yes,8.68E-155,AT2G45170,"7, 9, 10, 11, 12, 13, 16"
641,4.47E-159,0.944055248,0.264,0.115,9.18E-155,Yes,9.18E-155,AT1G66880,"0, 9, 10, 13"
642,5.48E-159,-0.796308052,0.498,0.631,1.13E-154,Yes,1.13E-154,AT1G73655,"1, 4, 5"
643,9.70E-159,0.921478785,0.557,0.441,1.99E-154,Yes,1.99E-154,AT4G24990,"0, 9, 10, 11, 12, 13, 18"
644,1.04E-158,-1.497011397,0.137,0.289,2.14E-154,Yes,2.14E-154,AT3G04620,"0, 2, 5"
645,2.11E-158,0.754072179,0.713,0.616,4.33E-154,Yes,4.33E-154,AT3G53740,"5, 9, 10, 11, 12, 13"
646,2.26E-158,-0.523300448,0.687,0.766,4.65E-154,Yes,4.65E-154,AT1G21500,"1, 2, 4, 5, 11"
647,3.31E-158,1.830163241,0.27,0.127,6.80E-154,Yes,6.80E-154,AT4G09460,"7, 9, 11, 12, 13, 17, 18"
648,4.40E-158,0.987675135,0.572,0.446,9.03E-154,Yes,9.03E-154,AT3G48890,"6, 9, 10, 13"
649,9.57E-158,1.094841779,0.295,0.144,1.97E-153,Yes,1.97E-153,AT2G23450,"9, 10, 11"
650,1.19E-157,-1.593066385,0.14,0.288,2.45E-153,Yes,2.45E-153,AT3G10930,"4, 7, 16, 17"
651,2.17E-157,1.808714526,0.359,0.214,4.46E-153,Yes,4.46E-153,AT3G10420,"6, 8, 9, 10, 13"
652,2.40E-157,0.758211381,0.643,0.544,4.92E-153,Yes,4.92E-153,AT2G42680,"7, 9, 10, 12, 15, 16, 18"
653,3.34E-157,0.382314982,0.945,0.877,6.86E-153,No,6.86E-153,AT5G03240,"7, 9, 12, 16, 17, 18"
654,3.42E-157,-0.715702353,0.569,0.716,7.02E-153,Yes,7.02E-153,AT1G75860,"2, 3, 5, 7, 16, 17"
655,4.38E-157,1.359310399,0.254,0.108,8.99E-153,Yes,8.99E-153,AT1G55210,"7, 9, 10, 14, 16, 18"
656,7.19E-157,0.751823155,0.298,0.138,1.48E-152,Yes,1.48E-152,AT3G63380,"0, 6, 9, 10, 14"
657,8.33E-157,1.253579565,0.328,0.178,1.71E-152,Yes,1.71E-152,AT4G15420,"9, 10, 12, 17"
658,1.19E-156,0.572344828,0.76,0.687,2.44E-152,Yes,2.44E-152,AT2G47710,"0, 9, 10, 11, 12, 13, 15"
659,2.49E-156,0.773771863,0.642,0.559,5.12E-152,Yes,5.12E-152,AT5G37780,"9, 10, 11, 12, 13, 18"
660,4.67E-156,0.936579337,0.601,0.501,9.60E-152,Yes,9.60E-152,AT4G08280,"9, 10, 11, 12, 13"
661,1.32E-155,-1.024409007,0.188,0.35,2.71E-151,Yes,2.71E-151,AT4G17600,"1, 4, 5"
662,1.35E-155,-0.755189374,0.4,0.594,2.78E-151,Yes,2.78E-151,AT1G33590,"0, 6, 10, 14"
663,1.44E-155,-0.678180004,0.599,0.704,2.95E-151,Yes,2.95E-151,AT5G09660,"1, 4, 5"
664,2.16E-155,-0.843522387,0.545,0.685,4.43E-151,Yes,4.43E-151,AT4G24160,"0, 2, 3, 7, 16, 17"
665,2.41E-155,0.887417551,0.66,0.557,4.94E-151,Yes,4.94E-151,AT3G18740,"9, 10, 11, 12, 13"
666,2.49E-155,0.949536337,0.46,0.313,5.12E-151,Yes,5.12E-151,AT4G01370,"0, 8, 9, 10, 12, 13, 18"
667,3.85E-155,1.059515867,0.548,0.434,7.91E-151,Yes,7.91E-151,AT2G24860,"0, 8, 9, 10, 11, 12, 13"
668,4.68E-155,0.914780044,0.308,0.148,9.61E-151,Yes,9.61E-151,AT1G08050,"0, 9, 10, 12, 13, 16"
669,9.10E-155,-0.721484102,0.511,0.644,1.87E-150,Yes,1.87E-150,AT1G11860,"1, 2, 4, 5"
670,1.30E-154,1.494199887,0.323,0.176,2.67E-150,Yes,2.67E-150,AT1G76590,"7, 8, 9, 10, 11, 12, 16, 18"
671,1.70E-154,-1.306077865,0.148,0.305,3.49E-150,Yes,3.49E-150,AT3G49720,"0, 2, 16"
672,7.68E-154,1.330054479,0.422,0.284,1.58E-149,Yes,1.58E-149,AT3G22630,"8, 9, 10, 11, 12, 13"
673,1.01E-153,1.076355321,0.27,0.121,2.08E-149,Yes,2.08E-149,AT1G72060,"7, 9, 10, 12, 13, 17"
674,1.74E-153,1.52683073,0.361,0.22,3.58E-149,Yes,3.58E-149,AT3G15770,"8, 9, 10, 11, 12, 13, 17"
675,3.16E-153,-1.028763005,0.18,0.338,6.48E-149,Yes,6.48E-149,AT1G19350,"1, 2, 4, 5"
676,3.44E-153,1.235631059,0.57,0.463,7.06E-149,Yes,7.06E-149,AT5G59890,"9, 13, 15, 16"
677,5.55E-153,-0.919582744,0.402,0.561,1.14E-148,Yes,1.14E-148,ATCG01130,"1, 3, 4, 6"
678,6.74E-153,0.746062962,0.678,0.591,1.38E-148,Yes,1.38E-148,AT5G19760,"7, 8, 11, 12, 13"
679,7.10E-153,-1.300639474,0.127,0.276,1.46E-148,Yes,1.46E-148,AT5G64860,"4, 5, 7"
680,1.33E-152,-0.670981784,0.557,0.669,2.73E-148,Yes,2.73E-148,AT1G48350,"1, 2, 4, 5"
681,1.88E-152,1.220839338,0.479,0.352,3.85E-148,Yes,3.85E-148,AT5G07960,"8, 9, 10, 11, 12, 13"
682,3.32E-152,0.720574523,0.646,0.568,6.83E-148,Yes,6.83E-148,AT3G60300,"9, 11, 12, 13, 18"
683,4.31E-152,-0.884697307,0.243,0.415,8.86E-148,Yes,8.86E-148,AT5G18100,"1, 2, 4, 5"
684,8.75E-152,1.514961148,0.315,0.175,1.80E-147,Yes,1.80E-147,AT5G11340,"8, 9, 10, 11, 12, 13"
685,1.49E-151,-0.808452463,0.469,0.611,3.07E-147,Yes,3.07E-147,AT1G78070,"2, 4, 5, 7, 17, 18"
686,2.15E-151,-0.939775587,0.285,0.454,4.41E-147,Yes,4.41E-147,AT2G38040,"1, 2, 3, 5"
687,1.27E-150,-0.694578647,0.523,0.659,2.61E-146,Yes,2.61E-146,AT3G61640,"0, 2, 4, 5, 7, 9, 16, 17"
688,2.11E-150,1.804650782,0.28,0.144,4.34E-146,Yes,4.34E-146,AT3G60180,"11, 12, 13"
689,2.64E-149,1.427867706,0.257,0.12,5.43E-145,Yes,5.43E-145,AT5G37480,"9, 10, 11, 12, 13"
690,3.20E-149,0.956694428,0.52,0.398,6.58E-145,Yes,6.58E-145,AT5G03290,"6, 9, 10, 11, 12, 13, 15, 17"
691,4.05E-149,0.900519994,0.441,0.293,8.33E-145,Yes,8.33E-145,AT4G04800,"0, 8, 9, 10, 12, 13, 18"
692,4.29E-149,1.374109566,0.335,0.188,8.82E-145,Yes,8.82E-145,AT4G30490,"0, 6, 8, 9, 10, 12, 18"
693,5.37E-149,0.921862047,0.57,0.466,1.10E-144,Yes,1.10E-144,AT5G18110,"0, 9, 10, 11, 12, 13, 18"
694,7.53E-149,0.906081092,0.592,0.504,1.55E-144,Yes,1.55E-144,AT5G42850,"7, 8, 9, 10, 11, 12, 13"
695,7.83E-149,-1.299930679,0.135,0.281,1.61E-144,Yes,1.61E-144,AT2G03550,"1, 4, 5"
696,2.23E-148,0.860560465,0.545,0.403,4.57E-144,Yes,4.57E-144,AT3G06420,"0, 2, 9, 10, 12, 13, 17"
697,4.22E-148,1.530537051,0.287,0.149,8.66E-144,Yes,8.66E-144,AT1G48170,"9, 10, 11, 12, 13"
698,6.62E-148,0.970914461,0.593,0.494,1.36E-143,Yes,1.36E-143,AT4G00860,"7, 9, 10, 13"
699,8.64E-148,-0.904655426,0.247,0.414,1.77E-143,Yes,1.77E-143,AT4G17560,"1, 2, 4, 5"
700,1.60E-147,1.216900377,0.389,0.247,3.30E-143,Yes,3.30E-143,AT5G11170,"6, 7, 8, 9, 11, 13, 16"
701,1.76E-147,0.771693983,0.335,0.169,3.62E-143,Yes,3.62E-143,AT2G35980,"6, 9, 10, 14"
702,1.86E-147,1.517900472,0.318,0.178,3.82E-143,Yes,3.82E-143,AT3G53630,"8, 9, 10, 11, 12, 13, 18"
703,2.28E-147,0.851745881,0.598,0.52,4.68E-143,Yes,4.68E-143,AT3G60600,"8, 9, 10, 11, 12, 13, 18"
704,2.34E-147,0.954953283,0.568,0.465,4.81E-143,Yes,4.81E-143,AT5G63030,"8, 9, 10, 11, 12, 13, 18"
705,2.57E-147,-0.791550643,0.42,0.577,5.28E-143,Yes,5.28E-143,AT2G45680,"2, 5, 7, 16"
706,2.63E-147,-0.439483131,0.884,0.903,5.41E-143,No,5.41E-143,AT2G06520,"1, 4, 5, 8, 11"
707,2.84E-147,0.758684092,0.641,0.559,5.83E-143,Yes,5.83E-143,AT5G07470,"9, 10, 11, 12, 13, 18"
708,4.25E-147,-0.851127962,0.35,0.526,8.73E-143,Yes,8.73E-143,AT3G10410,"3, 6, 15, 16, 18"
709,6.29E-147,0.786244161,0.639,0.558,1.29E-142,Yes,1.29E-142,AT5G16110,"7, 9, 10, 12, 16, 18"
710,7.90E-147,-0.750749774,0.431,0.572,1.62E-142,Yes,1.62E-142,AT5G14910,"1, 2, 4, 5"
711,9.79E-147,1.153883591,0.444,0.311,2.01E-142,Yes,2.01E-142,AT1G76150,"6, 9, 10, 11, 12, 13"
712,1.43E-146,1.0390503,0.555,0.457,2.93E-142,Yes,2.93E-142,AT2G34470,"7, 11, 12, 13"
713,5.23E-146,1.177448656,0.255,0.115,1.07E-141,Yes,1.07E-141,AT4G11850,"0, 9, 10, 13"
714,1.26E-145,1.584128082,0.328,0.19,2.59E-141,Yes,2.59E-141,AT5G20180,"9, 10, 11, 12, 13"
715,1.39E-145,0.702628844,0.669,0.591,2.85E-141,Yes,2.85E-141,AT5G47030,"9, 11, 12, 13"
716,2.04E-145,1.578188183,0.375,0.243,4.19E-141,Yes,4.19E-141,AT5G06870,"6, 7, 8, 11, 12, 13"
717,2.35E-145,-0.706848591,0.468,0.63,4.82E-141,Yes,4.82E-141,AT4G27520,"2, 3, 7, 15, 16, 18"
718,3.75E-145,0.918175936,0.567,0.461,7.71E-141,Yes,7.71E-141,AT4G21110,"8, 9, 10, 11, 12, 13, 18"
719,4.03E-145,-0.740989816,0.482,0.609,8.28E-141,Yes,8.28E-141,AT3G27850,"1, 4, 5, 11"
720,4.16E-145,-0.522853049,0.801,0.861,8.54E-141,Yes,8.54E-141,AT3G05500,"0, 2, 7, 9, 16, 17"
721,5.34E-145,-0.458539373,0.783,0.88,1.10E-140,No,1.10E-140,AT5G42380,"2, 3, 7, 9, 17"
722,1.13E-144,-0.858063209,0.302,0.479,2.32E-140,Yes,2.32E-140,AT5G48150,"0, 2, 3"
723,2.39E-144,1.275561756,0.429,0.301,4.91E-140,Yes,4.91E-140,AT5G04910,"8, 9, 10, 11, 12, 13"
724,2.68E-144,1.465598176,0.305,0.167,5.51E-140,Yes,5.51E-140,AT5G35320,"9, 10, 11, 12, 13, 16, 17, 18"
725,3.63E-144,0.715672074,0.672,0.587,7.46E-140,Yes,7.46E-140,AT4G29350,"9, 10, 11, 13, 15, 18"
726,7.77E-144,-1.158512108,0.237,0.402,1.60E-139,Yes,1.60E-139,AT1G56140,"0, 2, 6, 14"
727,1.48E-143,1.69617769,0.328,0.193,3.04E-139,Yes,3.04E-139,AT4G16860,"6, 9, 11, 12, 13, 17"
728,3.44E-143,0.85118425,0.429,0.281,7.07E-139,Yes,7.07E-139,AT5G19250,"3, 9, 13"
729,6.93E-143,0.611397874,0.737,0.668,1.42E-138,Yes,1.42E-138,AT5G59613,"8, 9, 10, 11, 12, 13"
730,8.04E-143,0.875591303,0.576,0.484,1.65E-138,Yes,1.65E-138,AT1G13060,"8, 9, 11, 12, 13, 18"
731,8.60E-143,1.253187797,0.331,0.184,1.77E-138,Yes,1.77E-138,AT3G55880,"9, 10, 12, 14, 17, 18"
732,1.33E-142,-0.811563239,0.442,0.575,2.74E-138,Yes,2.74E-138,AT3G63140,"1, 4, 5"
733,2.27E-142,0.99623611,0.532,0.41,4.67E-138,Yes,4.67E-138,AT1G28190,"0, 6, 8, 9, 10, 12"
734,2.35E-142,-0.759775072,0.388,0.54,4.84E-138,Yes,4.84E-138,AT5G24314,"1, 2, 4, 5"
735,3.34E-142,0.591151048,0.737,0.655,6.86E-138,Yes,6.86E-138,AT1G33140,"5, 9, 10, 11, 13"
736,4.52E-142,0.965762178,0.551,0.451,9.29E-138,Yes,9.29E-138,AT2G17380,"9, 10, 11, 12, 13, 18"
737,5.79E-142,0.972774402,0.468,0.335,1.19E-137,Yes,1.19E-137,AT3G62560,"6, 8, 9, 11, 12, 13, 14, 16, 18"
738,7.07E-142,1.493250459,0.456,0.328,1.45E-137,Yes,1.45E-137,AT2G39800,"8, 11, 12, 18"
739,8.43E-142,1.433334156,0.314,0.179,1.73E-137,Yes,1.73E-137,AT3G12300,"8, 9, 10, 11, 12, 13, 17"
740,9.51E-142,-0.838436566,0.228,0.395,1.95E-137,Yes,1.95E-137,AT5G44060,"2, 4, 5, 7, 9, 17"
741,1.53E-141,0.840657328,0.61,0.523,3.14E-137,Yes,3.14E-137,AT3G52730,"8, 9, 10, 11, 12, 13"
742,1.56E-141,-0.873957181,0.227,0.391,3.21E-137,Yes,3.21E-137,AT3G08920,"1, 2, 4, 5"
743,2.27E-141,1.427811817,0.405,0.274,4.67E-137,Yes,4.67E-137,AT2G44290,"6, 8, 9, 10, 11, 12, 13, 17"
744,2.31E-141,-0.973211077,0.176,0.332,4.75E-137,Yes,4.75E-137,AT3G01480,"1, 3, 4, 5"
745,2.36E-141,-1.027278775,0.156,0.303,4.86E-137,Yes,4.86E-137,AT5G39210,"1, 4, 5"
746,3.88E-141,0.548068749,0.67,0.576,7.97E-137,Yes,7.97E-137,AT4G15470,"3, 6, 9, 10, 13, 14, 15"
747,4.14E-141,1.196035316,0.411,0.278,8.51E-137,Yes,8.51E-137,AT1G15370,"8, 9, 11, 12, 13"
748,1.51E-140,-1.357928259,0.116,0.252,3.11E-136,Yes,3.11E-136,AT5G19190,"4, 5"
749,3.77E-140,1.048069544,0.519,0.41,7.75E-136,Yes,7.75E-136,AT1G21720,"8, 9, 11, 12, 13, 18"
750,5.48E-140,-1.369616515,0.136,0.277,1.13E-135,Yes,1.13E-135,AT5G16960,"2, 5, 7"
751,1.22E-139,1.459297664,0.264,0.13,2.50E-135,Yes,2.50E-135,AT5G53360,"9, 10, 12, 13"
752,2.33E-139,-1.148757843,0.196,0.35,4.79E-135,Yes,4.79E-135,AT2G24600,"1, 2, 3, 4, 5, 14"
753,3.51E-139,1.221219269,0.353,0.215,7.21E-135,Yes,7.21E-135,AT1G48140,"6, 8, 9, 10, 11, 12, 13, 18"
754,4.06E-139,1.072920541,0.462,0.333,8.35E-135,Yes,8.35E-135,AT5G13440,"8, 9, 10, 11, 12, 13"
755,4.60E-139,-0.792000133,0.492,0.631,9.44E-135,Yes,9.44E-135,AT5G13630,"0, 1, 2, 3, 5"
756,5.14E-139,-0.432055011,0.764,0.802,1.06E-134,No,1.06E-134,AT3G55440,"1, 2, 4, 5, 7, 15, 16"
757,1.07E-138,-1.261548486,0.118,0.255,2.20E-134,Yes,2.20E-134,AT5G25630,"2, 4, 5"
758,1.18E-138,1.094242685,0.341,0.19,2.42E-134,Yes,2.42E-134,AT2G17500,"0, 6, 9, 10, 18"
759,1.28E-138,-0.527887091,0.791,0.862,2.64E-134,Yes,2.64E-134,AT1G07890,"0, 2, 3, 7, 10, 16"
760,2.72E-138,-0.723966349,0.475,0.61,5.58E-134,Yes,5.58E-134,AT1G75350,"1, 3, 4, 5"
761,2.75E-138,-1.047581709,0.19,0.345,5.65E-134,Yes,5.65E-134,AT2G47940,"1, 2, 3, 4, 5"
762,3.07E-138,-1.220373313,0.16,0.309,6.31E-134,Yes,6.31E-134,AT1G11960,"2, 15, 16"
763,4.18E-138,-0.617906738,0.642,0.719,8.58E-134,Yes,8.58E-134,AT3G54210,"1, 4, 5"
764,1.07E-137,-1.119899847,0.189,0.34,2.20E-133,Yes,2.20E-133,AT2G20880,"2, 3, 5, 7, 16"
765,2.20E-137,-0.890220446,0.283,0.44,4.53E-133,Yes,4.53E-133,AT1G08550,"1, 2, 3, 4, 5"
766,2.81E-137,-0.661156361,0.732,0.787,5.77E-133,Yes,5.77E-133,ATCG00820,"1, 3, 4, 6, 14"
767,5.51E-137,1.141104527,0.471,0.355,1.13E-132,Yes,1.13E-132,AT2G32520,"7, 8, 9, 11, 12, 13"
768,7.74E-137,1.614927356,0.255,0.123,1.59E-132,Yes,1.59E-132,AT3G15352,"0, 9, 10, 12, 13"
769,2.05E-136,-1.155843026,0.157,0.299,4.21E-132,Yes,4.21E-132,AT1G78995,"1, 4, 5"
770,4.71E-136,1.969029424,0.26,0.135,9.67E-132,Yes,9.67E-132,AT3G56290,"11, 12, 13"
771,4.71E-136,0.932174398,0.536,0.432,9.67E-132,Yes,9.67E-132,AT4G01000,"6, 7, 8, 9, 11, 12, 13, 16, 18"
772,6.37E-136,0.951549595,0.513,0.403,1.31E-131,Yes,1.31E-131,AT5G22000,"8, 9, 11, 12, 13, 18"
773,7.19E-136,1.433634884,0.32,0.187,1.48E-131,Yes,1.48E-131,AT4G32040,"6, 8, 9, 10, 11, 12, 13, 18"
774,1.13E-135,-1.071416313,0.159,0.306,2.32E-131,Yes,2.32E-131,AT5G58140,"2, 5"
775,1.50E-135,-0.330017245,0.89,0.925,3.08E-131,No,3.08E-131,AT5G13190,"0, 2, 9, 10"
776,2.36E-135,-0.569481454,0.648,0.739,4.85E-131,Yes,4.85E-131,AT2G13360,"1, 4, 5, 11"
777,2.48E-135,-1.141295388,0.127,0.265,5.10E-131,Yes,5.10E-131,AT5G45630,"2, 4, 5, 17"
778,2.69E-135,-0.655647515,0.517,0.641,5.52E-131,Yes,5.52E-131,AT1G35680,"1, 4, 5"
779,4.18E-135,0.843328374,0.585,0.496,8.58E-131,Yes,8.58E-131,AT5G58060,"9, 10, 12, 13, 18"
780,1.02E-134,0.830915098,0.433,0.278,2.09E-130,Yes,2.09E-130,AT4G31500,"3, 6, 7, 8, 9, 11, 13, 14, 16"
781,1.27E-134,-0.481953211,0.863,0.912,2.60E-130,No,2.60E-130,AT3G04640,"2, 3, 6, 7, 14, 17"
782,1.38E-134,1.076718272,0.38,0.246,2.84E-130,Yes,2.84E-130,AT4G31080,"6, 8, 9, 11, 12, 13, 18"
783,1.43E-134,-0.8371662,0.273,0.431,2.94E-130,Yes,2.94E-130,AT5G45680,"1, 2, 4, 5"
784,1.52E-134,0.691602778,0.64,0.561,3.12E-130,Yes,3.12E-130,AT4G30010,"7, 9, 10, 11, 12, 13"
785,2.02E-134,0.953075512,0.316,0.17,4.15E-130,Yes,4.15E-130,AT5G10300,"7, 9, 10, 11, 12, 15, 16, 17"
786,2.38E-134,-0.481492658,0.895,0.906,4.89E-130,No,4.89E-130,AT1G15820,"1, 4, 5, 8, 11"
787,3.48E-134,1.070507657,0.495,0.386,7.15E-130,Yes,7.15E-130,GAMMA CAL2,"8, 9, 10, 11, 12, 13, 18"
788,4.70E-134,-1.025506783,0.133,0.272,9.66E-130,Yes,9.66E-130,AT1G64770,"4, 5"
789,1.28E-133,1.471495102,0.319,0.188,2.64E-129,Yes,2.64E-129,AT3G57230,"6, 8, 9, 10, 11, 12, 13, 17"
790,2.18E-133,1.05022726,0.394,0.263,4.49E-129,Yes,4.49E-129,AT4G32130,"6, 8, 9, 10, 11, 12, 13, 14, 18"
791,4.76E-133,1.525726464,0.321,0.187,9.77E-129,Yes,9.77E-129,AT4G33300,"6, 7, 9, 10, 11, 12, 13, 16, 17"
792,7.27E-133,0.910846486,0.554,0.46,1.49E-128,Yes,1.49E-128,AT1G47420,"7, 8, 9, 11, 12, 13"
793,1.06E-132,1.485690101,0.309,0.179,2.19E-128,Yes,2.19E-128,AT4G15940,"6, 10, 11, 12, 13"
794,1.22E-132,-0.901588623,0.514,0.656,2.50E-128,Yes,2.50E-128,AT1G21670,"0, 2, 3, 14, 15"
795,1.31E-132,0.548920684,0.762,0.615,2.69E-128,Yes,2.69E-128,AT2G38240,"0, 2, 7, 10, 12, 17"
796,1.45E-132,1.335674532,0.257,0.125,2.97E-128,Yes,2.97E-128,AT1G60730,"0, 7, 9, 10, 12, 13"
797,1.60E-132,1.53347062,0.252,0.126,3.28E-128,Yes,3.28E-128,AT5G54900,"9, 11, 12, 13"
798,2.13E-132,0.586320301,0.706,0.629,4.37E-128,Yes,4.37E-128,AT5G03460,"9, 10, 13, 14, 16, 18"
799,2.92E-132,0.876342512,0.427,0.271,6.00E-128,Yes,6.00E-128,AT1G62840,"0, 6, 7, 9, 10, 12"
800,4.20E-132,0.610611027,0.677,0.605,8.64E-128,Yes,8.64E-128,AT5G43940,"7, 8, 9, 11, 13, 16, 18"
801,4.25E-132,1.013532357,0.509,0.404,8.74E-128,Yes,8.74E-128,AT1G20580,"8, 9, 10, 11, 12, 13"
802,6.92E-132,-0.581125438,0.751,0.805,1.42E-127,Yes,1.42E-127,AT3G23920,"0, 2, 5, 7, 16, 17"
803,1.21E-131,1.314625701,0.313,0.182,2.49E-127,Yes,2.49E-127,AT1G47640,"6, 8, 9, 10, 11, 12, 13, 14"
804,4.53E-131,0.931401734,0.494,0.368,9.31E-127,Yes,9.31E-127,AT4G17720,"0, 6, 9, 10, 12"
805,5.02E-131,1.095961629,0.484,0.375,1.03E-126,Yes,1.03E-126,AT2G26210,"8, 9, 10, 11, 12, 13, 18"
806,6.10E-131,0.791644884,0.587,0.502,1.25E-126,Yes,1.25E-126,AT3G27090,"9, 11, 12, 13, 18"
807,6.79E-131,-0.744602587,0.51,0.618,1.40E-126,Yes,1.40E-126,AT3G27160,"1, 4, 5"
808,1.21E-130,1.13609458,0.416,0.286,2.49E-126,Yes,2.49E-126,AT3G51500,"9, 10, 11, 12, 16, 18"
809,1.71E-130,1.034435662,0.479,0.368,3.51E-126,Yes,3.51E-126,AT4G19390,"8, 11, 12, 13"
810,1.71E-130,1.574415477,0.293,0.165,3.51E-126,Yes,3.51E-126,AT1G02680,"9, 11, 12, 13"
811,1.76E-130,1.384614229,0.298,0.165,3.61E-126,Yes,3.61E-126,AT2G05710,"9, 10, 11, 12, 13"
812,2.69E-130,0.858639936,0.525,0.381,5.52E-126,Yes,5.52E-126,AT3G15500,"2, 6, 7, 9, 10, 12, 17"
813,2.79E-130,2.176631896,0.265,0.143,5.74E-126,Yes,5.74E-126,AT4G14930,"10, 11, 12, 13, 18"
814,3.58E-130,1.032315877,0.476,0.36,7.35E-126,Yes,7.35E-126,AT1G64090,"6, 8, 9, 11, 13, 14"
815,4.80E-130,0.769659617,0.347,0.206,9.85E-126,Yes,9.85E-126,AT1G26690,"3, 9, 10, 13"
816,5.60E-130,-1.149064949,0.162,0.305,1.15E-125,Yes,1.15E-125,AT3G57930,"2, 4, 5, 7, 17, 18"
817,5.66E-130,-1.030431259,0.152,0.294,1.16E-125,Yes,1.16E-125,AT5G28020,"1, 2, 4, 7"
818,8.69E-130,-1.08061081,0.318,0.475,1.79E-125,Yes,1.79E-125,AT1G27770,"0, 2, 3, 6"
819,9.43E-130,-1.0663182,0.177,0.323,1.94E-125,Yes,1.94E-125,AT2G26540,"0, 2, 5"
820,1.02E-129,1.34648297,0.315,0.185,2.11E-125,Yes,2.11E-125,AT5G37720,"8, 9, 11, 12, 13, 18"
821,1.27E-129,-0.694843809,0.457,0.591,2.61E-125,Yes,2.61E-125,AT4G01310,"1, 4, 5"
822,2.04E-129,1.063026823,0.346,0.215,4.20E-125,Yes,4.20E-125,AT3G58490,"6, 8, 9, 11, 12, 13, 14"
823,3.33E-129,1.016942723,0.444,0.305,6.85E-125,Yes,6.85E-125,AT1G27760,"0, 6, 8, 9, 10, 12, 17"
824,7.38E-129,-0.427383185,0.806,0.83,1.52E-124,No,1.52E-124,AT2G26500,"1, 4, 5, 8, 11"
825,1.68E-128,1.005056165,0.403,0.274,3.45E-124,Yes,3.45E-124,AT1G54320,"6, 8, 9, 10, 11, 12, 13, 14, 18"
826,1.69E-128,-0.748262197,0.294,0.453,3.47E-124,Yes,3.47E-124,AT1G68590,"1, 4, 5"
827,1.72E-128,1.35451765,0.278,0.151,3.53E-124,Yes,3.53E-124,AT5G38630,"9, 10, 11, 12, 13"
828,1.76E-128,-0.654227632,0.616,0.708,3.62E-124,Yes,3.62E-124,AT3G53990,"1, 4, 7, 16"
829,2.65E-128,1.035784551,0.508,0.4,5.44E-124,Yes,5.44E-124,AT3G19910,"0, 9, 10, 12, 13, 18"
830,2.93E-128,0.650336596,0.664,0.596,6.02E-124,Yes,6.02E-124,AT3G18780,"9, 10, 11, 12, 13, 18"
831,3.40E-128,-0.828163911,0.268,0.418,6.99E-124,Yes,6.99E-124,AT1G50900,"1, 4, 5"
832,4.44E-128,0.967680699,0.388,0.254,9.12E-124,Yes,9.12E-124,AT1G13190,"0, 8, 9, 10, 11, 12, 13"
833,7.29E-128,0.663226185,0.749,0.686,1.50E-123,Yes,1.50E-123,AT4G26710,"0, 9, 10, 11, 12, 13"
834,1.20E-127,1.186972764,0.363,0.232,2.46E-123,Yes,2.46E-123,AT4G22670,"6, 8, 9, 10, 13, 17, 18"
835,3.92E-127,0.665815029,0.634,0.561,8.05E-123,Yes,8.05E-123,AT3G12290,"7, 9, 11, 12, 13"
836,5.33E-127,0.927130748,0.541,0.445,1.09E-122,Yes,1.09E-122,AT4G02580,"8, 9, 10, 11, 12, 13"
837,1.53E-126,1.162195531,0.399,0.272,3.15E-122,Yes,3.15E-122,AT2G17200,"6, 8, 9, 10, 12, 13, 17, 18"
838,2.16E-126,-1.050051549,0.136,0.272,4.44E-122,Yes,4.44E-122,AT3G56130,"2, 4, 5"
839,2.18E-126,0.961800736,0.542,0.445,4.49E-122,Yes,4.49E-122,AT2G44620,"8, 9, 10, 11, 12, 13"
840,3.65E-126,-0.544957445,0.752,0.856,7.49E-122,Yes,7.49E-122,AT5G11670,"0, 2, 7, 10, 16"
841,4.52E-126,1.211097792,0.353,0.223,9.28E-122,Yes,9.28E-122,AT3G54300,"8, 9, 10, 11, 12, 13, 18"
842,5.40E-126,1.056003925,0.47,0.36,1.11E-121,Yes,1.11E-121,AT2G27600,"8, 9, 10, 11, 12, 13, 18"
843,6.95E-126,-0.840083062,0.274,0.431,1.43E-121,Yes,1.43E-121,AT2G32090,"1, 2, 4, 5, 18"
844,7.00E-126,1.390812643,0.325,0.196,1.44E-121,Yes,1.44E-121,AT5G24980,"8, 9, 10, 11, 12, 13, 18"
845,8.67E-126,0.852857693,0.572,0.462,1.78E-121,Yes,1.78E-121,AT4G30390,"0, 9, 10, 12, 17"
846,9.23E-126,0.781807581,0.58,0.488,1.90E-121,Yes,1.90E-121,AT5G13450,"7, 8, 9, 10, 11, 12, 13"
847,9.76E-126,1.377264707,0.27,0.145,2.01E-121,Yes,2.01E-121,AT1G04260,"9, 10, 11, 12, 13"
848,1.52E-125,1.297077887,0.315,0.186,3.12E-121,Yes,3.12E-121,AT4G23570,"7, 8, 9, 10, 12, 13, 17"
849,2.10E-125,0.797777363,0.634,0.553,4.32E-121,Yes,4.32E-121,AT3G15810,"9, 10, 12, 13, 17"
850,3.37E-125,-0.990036205,0.176,0.318,6.92E-121,Yes,6.92E-121,AT1G65230,"1, 3, 4, 5"
851,3.52E-125,1.223975957,0.379,0.252,7.24E-121,Yes,7.24E-121,AT4G36720,"8, 9, 10, 11, 12, 13"
852,3.57E-125,-0.604822565,0.575,0.66,7.34E-121,Yes,7.34E-121,AT1G73885,"1, 2, 4, 5, 11"
853,3.78E-125,0.813497373,0.489,0.365,7.76E-121,Yes,7.76E-121,AT1G32130,"0, 6, 8, 9, 10, 11, 12, 13, 18"
854,3.90E-125,1.222778992,0.374,0.246,8.00E-121,Yes,8.00E-121,AT3G63420,"8, 9, 10, 12, 13, 17"
855,4.57E-125,1.222060675,0.4,0.281,9.40E-121,Yes,9.40E-121,AT1G27650,"8, 9, 11, 12, 13, 18"
856,8.64E-125,0.741503433,0.654,0.585,1.77E-120,Yes,1.77E-120,AT5G43460,"9, 10, 11, 12, 13, 18"
857,1.07E-124,-1.093952995,0.418,0.571,2.19E-120,Yes,2.19E-120,AT5G48540,"0, 3, 6, 14"
858,1.20E-124,1.181660657,0.377,0.25,2.46E-120,Yes,2.46E-120,AT5G10960,"6, 9, 11, 13, 18"
859,1.56E-124,1.832246469,0.289,0.167,3.19E-120,Yes,3.19E-120,AT4G11360,"9, 10, 11, 12, 13"
860,1.78E-124,-1.226717733,0.123,0.253,3.65E-120,Yes,3.65E-120,AT2G21530,"1, 4, 5"
861,2.10E-124,-0.800431457,0.24,0.394,4.32E-120,Yes,4.32E-120,AT2G01590,"1, 2, 4, 5"
862,2.15E-124,0.766316529,0.627,0.535,4.41E-120,Yes,4.41E-120,AT1G04480,"5, 8, 9, 10, 11, 12, 13"
863,2.60E-124,-0.988648367,0.398,0.562,5.35E-120,Yes,5.35E-120,AT1G33600,"0, 3, 6, 14"
864,3.15E-124,0.681696612,0.576,0.43,6.48E-120,Yes,6.48E-120,AT1G13245,"0, 7, 10, 12, 16"
865,4.38E-124,0.928825189,0.5,0.398,8.99E-120,Yes,8.99E-120,AT5G22080,"8, 9, 11, 12, 13, 18"
866,4.56E-124,-0.728261155,0.351,0.502,9.37E-120,Yes,9.37E-120,AT5G52970,"1, 4, 5"
867,7.72E-124,0.816205949,0.573,0.484,1.59E-119,Yes,1.59E-119,AT3G56190,"6, 8, 9, 10, 11, 13, 18"
868,8.67E-124,-0.630830183,0.521,0.638,1.78E-119,Yes,1.78E-119,AT1G75690,"1, 2, 4, 5"
869,9.32E-124,-0.784114304,0.27,0.421,1.92E-119,Yes,1.92E-119,AT1G56060,"0, 2, 9, 17"
870,2.00E-123,1.023158443,0.453,0.332,4.10E-119,Yes,4.10E-119,AT3G12800,"8, 9, 10, 11, 12, 13"
871,2.12E-123,1.004729588,0.317,0.176,4.35E-119,Yes,4.35E-119,AT2G31390,"0, 6, 9, 10, 12"
872,2.17E-123,1.2326094,0.378,0.251,4.46E-119,Yes,4.46E-119,AT4G35260,"8, 9, 10, 11, 12, 13"
873,2.33E-123,-0.894899631,0.35,0.509,4.78E-119,Yes,4.78E-119,AT1G32860,"0, 2, 3, 6, 15"
874,2.33E-123,-1.102141624,0.124,0.256,4.80E-119,Yes,4.80E-119,AT2G40840,2
875,2.54E-123,0.952771686,0.522,0.414,5.22E-119,Yes,5.22E-119,AT5G58290,"8, 9, 10, 13, 16, 17, 18"
876,2.92E-123,-0.729210681,0.408,0.545,5.99E-119,Yes,5.99E-119,AT2G20890,"1, 4, 5"
877,3.78E-123,0.591733318,0.708,0.632,7.76E-119,Yes,7.76E-119,AT4G34120,"0, 9, 10, 12, 13"
878,6.48E-123,1.069674504,0.393,0.25,1.33E-118,Yes,1.33E-118,AT3G06490,"0, 6, 7, 9, 10, 12, 16"
879,9.44E-123,-0.87092271,0.225,0.374,1.94E-118,Yes,1.94E-118,AT5G21920,"0, 1, 2, 4, 5"
880,1.38E-122,0.782112109,0.535,0.421,2.84E-118,Yes,2.84E-118,AT5G52240,"6, 9, 10, 11, 13, 14, 16, 18"
881,2.89E-122,0.561654756,0.493,0.327,5.95E-118,Yes,5.95E-118,AT3G49580,"0, 7, 9, 10, 16"
882,4.60E-122,-0.971556495,0.177,0.318,9.45E-118,Yes,9.45E-118,AT4G10030,"1, 2, 4, 5, 7"
883,5.69E-122,-0.843436113,0.292,0.443,1.17E-117,Yes,1.17E-117,AT5G24165,"1, 3, 4, 5, 14"
884,8.32E-122,1.081042899,0.355,0.226,1.71E-117,Yes,1.71E-117,AT3G12360,"6, 9, 11, 12, 13"
885,9.93E-122,0.827692118,0.494,0.385,2.04E-117,Yes,2.04E-117,AT2G23310,"6, 9, 11, 12, 13, 18"
886,2.93E-121,1.067246609,0.442,0.328,6.02E-117,Yes,6.02E-117,AT1G45976,"8, 9, 10, 11, 12, 13, 18"
887,3.04E-121,-0.889019302,0.253,0.404,6.25E-117,Yes,6.25E-117,AT3G52180,"1, 3, 4, 5"
888,4.29E-121,-0.528056556,0.615,0.724,8.81E-117,Yes,8.81E-117,AT2G05070,"1, 4, 5, 11"
889,7.22E-121,-1.103648161,0.164,0.3,1.48E-116,Yes,1.48E-116,AT1G28370,"2, 4, 5, 7, 17"
890,9.53E-121,-1.170508152,0.127,0.255,1.96E-116,Yes,1.96E-116,AT5G57170,"1, 2, 4, 5"
891,1.92E-120,-0.814599618,0.241,0.387,3.95E-116,Yes,3.95E-116,AT2G40205,"4, 5, 7, 18"
892,2.18E-120,-0.88600867,0.24,0.388,4.48E-116,Yes,4.48E-116,AT5G38520,"1, 4, 5"
893,2.50E-120,-0.678830607,0.468,0.585,5.13E-116,Yes,5.13E-116,AT3G13120,"1, 4, 5"
894,2.51E-120,-0.807547086,0.359,0.505,5.16E-116,Yes,5.16E-116,AT3G45640,"2, 4, 5, 9, 17"
895,3.05E-120,-0.956146309,0.179,0.321,6.27E-116,Yes,6.27E-116,AT5G52920,"1, 4, 5, 7"
896,5.54E-120,-1.035159731,0.278,0.429,1.14E-115,Yes,1.14E-115,AT5G65630,"2, 3, 5, 7, 14, 15, 16, 17"
897,7.10E-120,0.707176041,0.586,0.493,1.46E-115,Yes,1.46E-115,AT1G29970,"0, 2, 9, 10, 12, 13, 18"
898,9.76E-120,1.544682467,0.285,0.164,2.00E-115,Yes,2.00E-115,AT5G57370,"9, 10, 11, 12, 13"
899,2.73E-119,0.637538015,0.722,0.654,5.61E-115,Yes,5.61E-115,AT1G77710,"0, 9, 10, 11, 12, 13, 15, 18"
900,3.46E-119,-1.144709735,0.141,0.273,7.10E-115,Yes,7.10E-115,AT5G58090,"4, 5, 18"
901,4.31E-119,1.456350837,0.426,0.318,8.85E-115,Yes,8.85E-115,AT3G62650,"6, 8, 11, 12, 13"
902,4.97E-119,-0.969570855,0.199,0.346,1.02E-114,Yes,1.02E-114,AT3G23700,"1, 3, 4, 5"
903,5.18E-119,1.766705353,0.305,0.186,1.06E-114,Yes,1.06E-114,AT1G68490,"6, 10, 11, 12, 18"
904,5.89E-119,0.865269277,0.498,0.377,1.21E-114,Yes,1.21E-114,AT2G31090,"0, 9, 10, 12, 13"
905,8.69E-119,-1.157899197,0.144,0.275,1.79E-114,Yes,1.79E-114,AT5G19780,"2, 4, 5"
906,1.06E-118,-1.205077314,0.126,0.252,2.18E-114,Yes,2.18E-114,AT1G11210,"4, 5, 7, 18"
907,1.11E-118,-0.670610189,0.463,0.589,2.28E-114,Yes,2.28E-114,AT4G09010,"1, 4, 5"
908,1.78E-118,0.732546771,0.617,0.547,3.67E-114,Yes,3.67E-114,AT4G11150,"9, 10, 11, 12, 13"
909,2.36E-118,0.498876959,0.983,0.959,4.84E-114,No,4.84E-114,AT1G66580,"0, 2, 7, 9, 10, 12, 17"
910,2.80E-118,-1.102397759,0.178,0.316,5.75E-114,Yes,5.75E-114,AT5G46295,"0, 2, 3, 7"
911,2.98E-118,0.988875098,0.469,0.356,6.12E-114,Yes,6.12E-114,AT2G03870,"8, 9, 10, 11, 12, 13"
912,3.07E-118,-0.809944335,0.177,0.322,6.31E-114,Yes,6.31E-114,AT2G21130,"2, 4, 5, 7, 17"
913,3.72E-118,1.349926196,0.414,0.303,7.65E-114,Yes,7.65E-114,AT2G34460,"6, 8, 11, 12, 13"
914,4.98E-118,-0.755651021,0.226,0.375,1.02E-113,Yes,1.02E-113,AT3G24430,"1, 2, 4, 5"
915,5.61E-118,1.049698391,0.389,0.262,1.15E-113,Yes,1.15E-113,AT1G50640,"6, 7, 8, 9, 11, 12, 13, 16"
916,6.51E-118,0.566021504,0.692,0.625,1.34E-113,Yes,1.34E-113,AT3G03070,"8, 9, 10, 11, 12, 13"
917,7.13E-118,1.395388563,0.253,0.133,1.47E-113,Yes,1.47E-113,AT1G13950,"9, 10, 11, 12, 13"
918,8.24E-118,-0.647625881,0.675,0.735,1.69E-113,Yes,1.69E-113,ATCG00080,"1, 14"
919,8.39E-118,1.363657541,0.304,0.182,1.72E-113,Yes,1.72E-113,AT5G17290,"8, 9, 11, 12, 13, 18"
920,8.62E-118,-0.641290106,0.755,0.831,1.77E-113,Yes,1.77E-113,AT1G17420,"0, 2, 3, 14"
921,1.16E-117,1.075286214,0.457,0.348,2.38E-113,Yes,2.38E-113,AT2G20930,"8, 9, 10, 11, 12, 13"
922,1.24E-117,-0.772056634,0.233,0.382,2.55E-113,Yes,2.55E-113,AT2G29180,"1, 2, 4, 5"
923,1.26E-117,0.283980651,0.991,0.982,2.58E-113,No,2.58E-113,AT4G05320,"0, 7, 9, 10, 16, 17, 18"
924,1.62E-117,-0.713414103,0.356,0.5,3.33E-113,Yes,3.33E-113,AT3G44890,"1, 4, 5"
925,1.69E-117,-0.802253945,0.468,0.605,3.47E-113,Yes,3.47E-113,AT2G15890,"1, 4, 7, 11, 16, 18"
926,1.73E-117,0.861811829,0.559,0.469,3.56E-113,Yes,3.56E-113,AT2G37410,"7, 8, 9, 11, 12, 13, 18"
927,1.85E-117,-0.643286831,0.452,0.584,3.79E-113,Yes,3.79E-113,AT2G33800,"1, 4, 5"
928,2.39E-117,0.859968411,0.567,0.48,4.91E-113,Yes,4.91E-113,AT4G31720,"9, 10, 11, 12, 13"
929,5.27E-117,-0.943471739,0.324,0.475,1.08E-112,Yes,1.08E-112,AT2G46370,"0, 2, 3, 16"
930,5.51E-117,-1.07269871,0.126,0.253,1.13E-112,Yes,1.13E-112,AT1G04620,"2, 4, 5"
931,6.49E-117,0.997080016,0.48,0.383,1.33E-112,Yes,1.33E-112,AT5G01010,"8, 9, 11, 12, 13, 18"
932,7.25E-117,-0.785053712,0.276,0.425,1.49E-112,Yes,1.49E-112,AT5G12250,"1, 4, 5, 7, 16, 18"
933,7.27E-117,0.603989291,0.63,0.538,1.49E-112,Yes,1.49E-112,AT3G11170,"0, 6, 11, 12, 13"
934,7.93E-117,-0.860692198,0.294,0.435,1.63E-112,Yes,1.63E-112,AT3G14110,"1, 4, 5"
935,1.12E-116,-0.719535038,0.378,0.523,2.30E-112,Yes,2.30E-112,AT1G16880,"1, 2, 4, 5"
936,2.02E-116,-0.755398436,0.287,0.438,4.15E-112,Yes,4.15E-112,AT1G32550,"1, 2, 4, 5"
937,3.94E-116,-0.576984454,0.408,0.55,8.10E-112,Yes,8.10E-112,AT4G31290,"0, 2, 4, 5"
938,4.15E-116,-1.143303905,0.2,0.337,8.52E-112,Yes,8.52E-112,AT3G45730,"2, 4, 9, 17"
939,5.29E-116,1.364716163,0.302,0.179,1.09E-111,Yes,1.09E-111,AT4G16950,"6, 9, 10, 11, 12, 13, 17"
940,6.57E-116,0.513293499,0.728,0.666,1.35E-111,Yes,1.35E-111,AT1G36980,"9, 10, 11, 12, 13, 18"
941,7.13E-116,-0.323799329,1,1,1.47E-111,No,1.47E-111,AT1G79040,"1, 4, 5, 11, 13"
942,1.05E-115,0.879011644,0.548,0.449,2.15E-111,Yes,2.15E-111,AT3G56490,"7, 8, 9, 10, 11, 13"
943,1.51E-115,1.186378006,0.341,0.21,3.11E-111,Yes,3.11E-111,AT4G33467,"2, 8, 10, 11, 12, 17"
944,2.08E-115,-0.373754864,0.792,0.821,4.28E-111,No,4.28E-111,AT3G16140,"1, 4, 5, 8, 11"
945,3.15E-115,-0.655801255,0.487,0.602,6.46E-111,Yes,6.46E-111,AT2G25080,"1, 4, 5"
946,3.22E-115,-0.693648463,0.431,0.574,6.62E-111,Yes,6.62E-111,AT3G10300,"0, 2, 3, 7, 16, 18"
947,3.28E-115,1.160721214,0.403,0.287,6.75E-111,Yes,6.75E-111,AT1G63460,"8, 9, 10, 12, 13"
948,3.77E-115,0.830277171,0.489,0.381,7.75E-111,Yes,7.75E-111,AT2G27030,"9, 10, 12, 13"
949,5.47E-115,0.816244437,0.326,0.188,1.12E-110,Yes,1.12E-110,AT5G57150,"0, 9, 10, 14"
950,9.38E-115,1.073836133,0.412,0.296,1.93E-110,Yes,1.93E-110,AT5G04830,"6, 9, 11, 12, 13, 18"
951,1.09E-114,0.940845888,0.523,0.429,2.24E-110,Yes,2.24E-110,AT2G45640,"8, 9, 10, 11, 12, 13, 18"
952,1.23E-114,-1.224725021,0.126,0.251,2.53E-110,Yes,2.53E-110,AT2G35500,"4, 5"
953,1.62E-114,-0.752590726,0.261,0.408,3.32E-110,Yes,3.32E-110,AT3G49470,"1, 4, 5"
954,3.50E-114,-0.862021917,0.421,0.551,7.19E-110,Yes,7.19E-110,AT1G69890,"2, 3, 5, 7, 17"
955,3.73E-114,-0.872968562,0.471,0.603,7.65E-110,Yes,7.65E-110,AT1G53210,"2, 3, 6, 7, 16, 18"
956,3.87E-114,0.941194208,0.499,0.399,7.96E-110,Yes,7.96E-110,AT3G62400,"7, 8, 9, 10, 11, 12, 13"
957,4.47E-114,1.009727535,0.462,0.354,9.17E-110,Yes,9.17E-110,AT2G29700,"8, 9, 10, 11, 12, 13, 18"
958,4.49E-114,0.678233053,0.622,0.554,9.22E-110,Yes,9.22E-110,AT5G20570,"9, 10, 11, 12, 13, 18"
959,4.90E-114,1.052266934,0.429,0.3,1.01E-109,Yes,1.01E-109,AT4G37980,"0, 8, 10, 11, 12, 13"
960,9.89E-114,0.690120656,0.675,0.582,2.03E-109,Yes,2.03E-109,AT4G13940,"4, 5, 8, 9, 11, 13, 18"
961,1.53E-113,1.022163456,0.477,0.369,3.13E-109,Yes,3.13E-109,AT4G14800,"8, 9, 10, 11, 12, 13"
962,1.62E-113,1.043709218,0.458,0.35,3.34E-109,Yes,3.34E-109,AT1G03330,"8, 9, 10, 11, 12, 13"
963,3.86E-113,-0.767931732,0.328,0.472,7.93E-109,Yes,7.93E-109,PDH-E1 ALPHA,"1, 4, 5"
964,5.17E-113,-0.72950542,0.37,0.51,1.06E-108,Yes,1.06E-108,AT1G11530,"1, 4, 5, 7, 18"
965,6.71E-113,0.421059215,0.759,0.646,1.38E-108,No,1.38E-108,AT5G05600,"0, 2, 7, 10, 11, 12"
966,9.26E-113,1.309882139,0.404,0.282,1.90E-108,Yes,1.90E-108,AT3G52870,"4, 7, 8, 9, 11, 13, 17"
967,1.10E-112,-0.376265429,0.863,0.863,2.27E-108,No,2.27E-108,AT4G03280,"1, 4, 5, 11"
968,1.20E-112,1.186003686,0.387,0.271,2.47E-108,Yes,2.47E-108,AT4G33780,"8, 9, 10, 11, 12, 13"
969,1.56E-112,-0.403050886,0.959,0.979,3.21E-108,No,3.21E-108,AT2G47730,"0, 2, 7, 10, 16, 17"
970,1.72E-112,-0.682427964,0.426,0.564,3.53E-108,Yes,3.53E-108,AT4G20360,"1, 4, 5"
971,3.05E-112,-0.741635609,0.381,0.514,6.27E-108,Yes,6.27E-108,AT5G51010,"1, 4, 5"
972,4.02E-112,-0.707598868,0.5,0.613,8.25E-108,Yes,8.25E-108,AT3G57530,"2, 3, 4, 5, 7, 17"
973,4.29E-112,-0.598251834,0.718,0.767,8.82E-108,Yes,8.82E-108,ATCG00790,"1, 3, 4, 6, 14, 15"
974,4.59E-112,-0.646352987,0.173,0.312,9.43E-108,Yes,9.43E-108,AT4G29905,"1, 4, 5, 11, 17"
975,5.75E-112,0.399148183,0.811,0.743,1.18E-107,No,1.18E-107,AT1G26630,"7, 9, 11, 13, 16, 18"
976,6.13E-112,-0.950933458,0.288,0.443,1.26E-107,Yes,1.26E-107,AT4G23190,"0, 2, 14"
977,1.02E-111,1.182160245,0.318,0.195,2.09E-107,Yes,2.09E-107,AT1G15860,"6, 8, 9, 10, 11, 12, 13, 17"
978,1.04E-111,0.493064956,0.731,0.674,2.13E-107,No,2.13E-107,AT2G23090,"0, 7, 9, 10, 12, 13, 16, 18"
979,1.45E-111,0.751601173,0.506,0.398,2.97E-107,Yes,2.97E-107,AT3G54620,"0, 9, 10, 12, 13, 17"
980,1.67E-111,-0.608659072,0.427,0.565,3.43E-107,Yes,3.43E-107,AT5G63310,"1, 2, 4, 5"
981,2.45E-111,0.636941069,0.585,0.506,5.02E-107,Yes,5.02E-107,AT1G69510,"8, 9, 11, 12, 13, 15, 16, 18"
982,2.52E-111,1.145798909,0.29,0.17,5.17E-107,Yes,5.17E-107,AT1G02120,"9, 10, 12, 13"
983,3.31E-111,-0.412330626,0.842,0.836,6.80E-107,No,6.80E-107,AT4G34620,"1, 2, 4, 5, 11"
984,3.76E-111,0.992115624,0.281,0.155,7.73E-107,Yes,7.73E-107,AT1G30400,"10, 12"
985,4.48E-111,-0.505882333,0.697,0.759,9.21E-107,Yes,9.21E-107,AT1G42970,"1, 4, 5"
986,7.91E-111,0.664960517,0.471,0.326,1.62E-106,Yes,1.62E-106,AT4G08555,"0, 7, 9, 10, 12, 17"
987,1.72E-110,-0.783134851,0.31,0.453,3.54E-106,Yes,3.54E-106,AT2G37660,"1, 4, 5, 14"
988,1.87E-110,-0.90996096,0.189,0.328,3.85E-106,Yes,3.85E-106,AT3G45780,"1, 2, 3, 4, 7"
989,2.25E-110,0.703992228,0.439,0.311,4.62E-106,Yes,4.62E-106,AT1G08450,"3, 6, 9, 13, 14"
990,3.57E-110,0.931726409,0.511,0.408,7.33E-106,Yes,7.33E-106,AT4G31300,"8, 9, 10, 11, 13, 18"
991,3.95E-110,-0.871090471,0.24,0.388,8.12E-106,Yes,8.12E-106,AT3G17390,"0, 3, 10"
992,4.48E-110,-0.647756579,0.735,0.845,9.20E-106,Yes,9.20E-106,AT2G32240,"0, 2, 3, 6, 10, 14, 16"
993,7.87E-110,-0.785276558,0.303,0.442,1.62E-105,Yes,1.62E-105,AT4G39710,"1, 2, 4, 5"
994,1.05E-109,0.940976714,0.373,0.251,2.16E-105,Yes,2.16E-105,AT3G62580,"9, 10, 11, 12, 13, 14, 18"
995,1.43E-109,0.904681994,0.573,0.473,2.93E-105,Yes,2.93E-105,AT2G42600,"8, 10, 11, 12, 13"
996,1.54E-109,-0.645672403,0.563,0.664,3.15E-105,Yes,3.15E-105,AT2G45820,"1, 7, 16, 18"
997,2.20E-109,0.845678789,0.503,0.4,4.51E-105,Yes,4.51E-105,AT2G19180,"9, 10, 11, 12, 13, 18"
998,2.47E-109,0.989913347,0.413,0.3,5.07E-105,Yes,5.07E-105,AT3G49800,"6, 8, 9, 10, 11, 12, 13, 18"
999,2.56E-109,0.316140579,0.765,0.604,5.25E-105,No,5.25E-105,AT2G05520,"3, 6, 7, 14, 16, 17"
1000,2.61E-109,1.370436215,0.286,0.169,5.37E-105,Yes,5.37E-105,AT2G38740,"9, 10, 11, 12, 13"
1001,4.56E-109,-1.129412659,0.189,0.323,9.37E-105,Yes,9.37E-105,AT5G01830,"0, 2, 3, 5, 14"
1002,5.32E-109,-0.946297219,0.199,0.335,1.09E-104,Yes,1.09E-104,AT5G58260,"1, 2, 3, 4, 5"
1003,5.34E-109,0.864596655,0.296,0.169,1.10E-104,Yes,1.10E-104,AT3G02150,"0, 7, 9, 10, 11, 12"
1004,7.19E-109,-1.051581647,0.128,0.251,1.48E-104,Yes,1.48E-104,AT1G69830,"2, 5"
1005,8.23E-109,-0.493168539,0.419,0.585,1.69E-104,No,1.69E-104,AT2G36830,"7, 11, 14, 18"
1006,8.41E-109,0.68687783,0.604,0.516,1.73E-104,Yes,1.73E-104,AT2G17450,"6, 11, 12, 16"
1007,8.95E-109,1.166377753,0.407,0.297,1.84E-104,Yes,1.84E-104,AT5G10810,"8, 9, 11, 12, 13"
1008,1.14E-108,0.911818152,0.51,0.422,2.35E-104,Yes,2.35E-104,AT5G51400,"8, 9, 10, 11, 12, 13, 18"
1009,1.15E-108,0.719739783,0.543,0.445,2.36E-104,Yes,2.36E-104,AT5G19855,"0, 6, 9, 10, 11, 12, 13, 18"
1010,1.19E-108,0.7555199,0.355,0.226,2.45E-104,Yes,2.45E-104,AT2G14720,"3, 6, 8, 9, 13, 15, 18"
1011,1.55E-108,1.278781247,0.372,0.26,3.19E-104,Yes,3.19E-104,AT5G36160,"10, 11, 12, 13"
1012,1.88E-108,-0.582722219,0.577,0.672,3.86E-104,Yes,3.86E-104,AT5G30510,"0, 1, 4, 5"
1013,2.54E-108,-0.668803869,0.437,0.557,5.22E-104,Yes,5.22E-104,AT1G07320,"1, 4, 5"
1014,2.63E-108,0.871808063,0.359,0.235,5.41E-104,Yes,5.41E-104,AT1G29330,"3, 6, 8, 11, 12, 14"
1015,6.67E-108,-0.768400525,0.275,0.421,1.37E-103,Yes,1.37E-103,AT4G24960,"2, 3, 7, 14, 15, 16, 18"
1016,7.65E-108,1.239269367,0.446,0.339,1.57E-103,Yes,1.57E-103,AT1G21930,"9, 10, 11, 12, 13"
1017,8.09E-108,0.766842438,0.409,0.269,1.66E-103,Yes,1.66E-103,AT2G38250,"0, 7, 9, 10, 12, 16, 17, 18"
1018,1.06E-107,-0.637605435,0.447,0.578,2.19E-103,Yes,2.19E-103,AT3G51510,"1, 4, 5, 11"
1019,1.21E-107,0.932676279,0.386,0.261,2.49E-103,Yes,2.49E-103,AT5G56350,"0, 6, 9, 10"
1020,1.88E-107,1.334994372,0.335,0.219,3.87E-103,Yes,3.87E-103,AT3G01770,"6, 8, 9, 11, 12, 13"
1021,2.05E-107,1.113853602,0.31,0.192,4.21E-103,Yes,4.21E-103,AT2G33630,"8, 9, 11, 12, 13, 18"
1022,2.37E-107,1.080985022,0.371,0.251,4.88E-103,Yes,4.88E-103,AT4G25640,"6, 8, 9, 11, 12, 13, 14, 17"
1023,2.93E-107,0.578509277,0.733,0.6,6.03E-103,Yes,6.03E-103,AT1G52200,"0, 6, 9, 10, 14"
1024,4.29E-107,1.752495056,0.293,0.178,8.80E-103,Yes,8.80E-103,AT3G14060,"9, 11, 12, 13, 17"
1025,5.68E-107,1.039572627,0.402,0.288,1.17E-102,Yes,1.17E-102,AT4G27000,"7, 8, 9, 11, 12, 13, 18"
1026,6.72E-107,-0.375016055,0.847,0.87,1.38E-102,No,1.38E-102,AT3G57450,"0, 2, 7, 10, 16"
1027,6.89E-107,-0.7068582,0.25,0.394,1.41E-102,Yes,1.41E-102,AT1G16720,"1, 2, 3, 4, 5"
1028,7.51E-107,-1.216352423,0.233,0.373,1.54E-102,Yes,1.54E-102,AT5G46330,"0, 3, 6, 14"
1029,1.12E-106,-0.772505195,0.31,0.45,2.31E-102,Yes,2.31E-102,AT5G09250,"0, 2, 5, 7, 15, 16"
1030,1.51E-106,-0.891130736,0.171,0.303,3.10E-102,Yes,3.10E-102,AT5G51545,"1, 3, 4, 5"
1031,1.55E-106,1.201073863,0.344,0.23,3.17E-102,Yes,3.17E-102,AT1G68140,"7, 8, 9, 11, 12, 13, 17, 18"
1032,2.33E-106,0.865398652,0.373,0.236,4.80E-102,Yes,4.80E-102,AT2G38800,"6, 7, 9, 13, 16, 18"
1033,3.47E-106,-0.857528829,0.236,0.373,7.13E-102,Yes,7.13E-102,AT5G66530,"0, 1, 4, 5"
1034,3.64E-106,0.540934862,0.601,0.477,7.48E-102,Yes,7.48E-102,AT2G27580,"0, 2, 9, 10, 12, 17"
1035,4.43E-106,0.866316154,0.435,0.32,9.10E-102,Yes,9.10E-102,AT5G12390,"0, 8, 9, 10, 11, 12, 13"
1036,4.95E-106,-0.81411593,0.186,0.321,1.02E-101,Yes,1.02E-101,AT1G33040,"1, 4, 5"
1037,6.86E-106,-0.800411303,0.258,0.394,1.41E-101,Yes,1.41E-101,AT1G54500,"1, 4, 5"
1038,9.39E-106,0.953443838,0.516,0.42,1.93E-101,Yes,1.93E-101,AT3G44010,"8, 9, 10, 11, 12, 13, 18"
1039,1.44E-105,-0.562847774,0.625,0.703,2.95E-101,Yes,2.95E-101,AT5G10860,"1, 2, 5, 7, 18"
1040,1.72E-105,-0.721818237,0.382,0.512,3.53E-101,Yes,3.53E-101,AT3G27830,"1, 4, 5, 11"
1041,1.73E-105,0.781355616,0.502,0.397,3.56E-101,Yes,3.56E-101,AT4G12790,"8, 9, 10, 11, 12, 13, 16"
1042,1.90E-105,-0.596766177,0.579,0.683,3.89E-101,Yes,3.89E-101,AT2G40140,"0, 2, 3, 7, 16"
1043,1.98E-105,0.863905298,0.476,0.363,4.06E-101,Yes,4.06E-101,AT4G26080,"0, 6, 8, 9, 10, 11, 12, 16"
1044,3.15E-105,0.758420647,0.586,0.494,6.46E-101,Yes,6.46E-101,AT3G09840,"0, 6, 9, 10, 17, 18"
1045,6.18E-105,-0.586919284,0.563,0.648,1.27E-100,Yes,1.27E-100,AT1G78630,"1, 2, 4, 5"
1046,6.38E-105,1.127100965,0.355,0.239,1.31E-100,Yes,1.31E-100,AT3G54110,"7, 8, 9, 10, 11, 12, 13"
1047,6.70E-105,0.942553264,0.288,0.169,1.38E-100,Yes,1.38E-100,AT4G38790,"9, 10, 13"
1048,9.66E-105,-0.675907399,0.532,0.645,1.98E-100,Yes,1.98E-100,AT1G78040,"3, 4, 7, 15, 16, 18"
1049,1.08E-104,0.806405489,0.464,0.352,2.21E-100,Yes,2.21E-100,AT2G04520,"8, 9, 10, 12, 13, 17, 18"
1050,1.21E-104,0.978596128,0.371,0.252,2.48E-100,Yes,2.48E-100,AT1G11480,"8, 9, 10, 11, 12, 13, 15, 18"
1051,1.35E-104,-0.971547418,0.353,0.494,2.76E-100,Yes,2.76E-100,AT3G02880,"0, 2, 6, 14"
1052,1.88E-104,-0.621519921,0.239,0.388,3.87E-100,Yes,3.87E-100,AT1G55490,"1, 4, 5"
1053,1.91E-104,0.979438817,0.448,0.345,3.93E-100,Yes,3.93E-100,AT4G11260,"8, 9, 10, 11, 12, 13"
1054,2.55E-104,-0.824154637,0.274,0.409,5.24E-100,Yes,5.24E-100,AT1G10960,"1, 4, 5, 11"
1055,2.55E-104,-0.819714136,0.217,0.354,5.24E-100,Yes,5.24E-100,AT4G02530,"1, 3, 4, 5"
1056,3.25E-104,1.219868781,0.386,0.28,6.68E-100,Yes,6.68E-100,AT5G53160,"11, 12, 13"
1057,3.26E-104,-0.603208268,0.464,0.613,6.71E-100,Yes,6.71E-100,AT2G32210,"2, 7, 9, 15, 16"
1058,4.10E-104,-0.581408582,0.55,0.638,8.42E-100,Yes,8.42E-100,AT1G74970,"1, 4, 5"
1059,5.14E-104,0.509821696,0.559,0.434,1.06E-99,Yes,1.06E-99,AT3G19010,"0, 6, 9, 10, 13"
1060,5.53E-104,-0.832323366,0.283,0.429,1.14E-99,Yes,1.14E-99,AT5G20250,"1, 2, 7, 16"
1061,7.72E-104,-0.737359344,0.247,0.385,1.59E-99,Yes,1.59E-99,AT4G14890,"1, 4, 5, 11"
1062,8.68E-104,-0.758389349,0.575,0.685,1.78E-99,Yes,1.78E-99,AT5G56980,"2, 3, 14"
1063,1.24E-103,1.139466558,0.262,0.146,2.54E-99,Yes,2.54E-99,AT5G28830,"7, 9, 10, 13, 16, 18"
1064,2.09E-103,-0.734813448,0.587,0.713,4.30E-99,Yes,4.30E-99,AT2G01180,"0, 2, 3, 6, 14"
1065,2.97E-103,0.485099073,0.695,0.637,6.10E-99,No,6.10E-99,AT1G76200,"7, 9, 10, 11, 13, 18"
1066,3.02E-103,-0.776572285,0.277,0.419,6.20E-99,Yes,6.20E-99,AT5G03940,"1, 3, 4, 5"
1067,4.10E-103,1.125348659,0.348,0.233,8.42E-99,Yes,8.42E-99,AT1G80230,"7, 8, 9, 10, 11, 12, 13, 18"
1068,4.89E-103,0.870642624,0.369,0.246,1.00E-98,Yes,1.00E-98,AT1G58030,"6, 8, 9, 10, 12, 13, 14, 18"
1069,6.96E-103,1.326839082,0.34,0.226,1.43E-98,Yes,1.43E-98,AT2G46510,"6, 7, 9, 11, 12, 13, 16, 18"
1070,1.28E-102,1.037742246,0.422,0.317,2.62E-98,Yes,2.62E-98,AT1G20050,"11, 12, 13"
1071,1.57E-102,0.511447466,0.509,0.346,3.23E-98,Yes,3.23E-98,AT4G15610,"0, 3, 6, 9, 10, 14"
1072,1.67E-102,-0.641370936,0.438,0.558,3.43E-98,Yes,3.43E-98,AT5G47190,"1, 4, 5"
1073,1.73E-102,1.221800939,0.344,0.232,3.56E-98,Yes,3.56E-98,AT1G66680,"8, 9, 10, 11, 12, 13, 18"
1074,2.78E-102,-0.673574748,0.282,0.421,5.71E-98,Yes,5.71E-98,AT4G24750,"1, 2, 4, 5"
1075,2.80E-102,-0.663250519,0.397,0.538,5.75E-98,Yes,5.75E-98,AT3G50820,"1, 3, 4, 5"
1076,3.62E-102,-0.723583652,0.266,0.407,7.44E-98,Yes,7.44E-98,AT4G39040,"1, 4, 5, 7"
1077,4.02E-102,0.892212656,0.511,0.421,8.26E-98,Yes,8.26E-98,AT1G02140,"9, 10, 11, 12, 13, 18"
1078,4.15E-102,-0.624140634,0.36,0.509,8.53E-98,Yes,8.53E-98,AT5G50950,"1, 3, 4, 8"
1079,4.94E-102,0.91748403,0.495,0.401,1.01E-97,Yes,1.01E-97,AT2G16930,"8, 9, 10, 11, 12, 13"
1080,6.18E-102,0.902565937,0.426,0.312,1.27E-97,Yes,1.27E-97,AT3G02090,"6, 8, 9, 10, 12, 13"
1081,1.14E-101,-0.76106089,0.306,0.443,2.35E-97,Yes,2.35E-97,AT1G18730,"1, 3, 4, 5, 11"
1082,1.43E-101,-0.880866679,0.271,0.408,2.94E-97,Yes,2.94E-97,AT1G48330,"0, 2, 3, 5, 7, 14"
1083,1.56E-101,-0.926280255,0.203,0.337,3.20E-97,Yes,3.20E-97,AT1G69900,"2, 3, 4, 7, 14, 17"
1084,1.57E-101,-1.173731744,0.158,0.279,3.22E-97,Yes,3.22E-97,AT2G30620,"1, 4, 5, 18"
1085,1.99E-101,-0.659664587,0.376,0.511,4.09E-97,Yes,4.09E-97,AT5G16400,"1, 4, 5"
1086,2.04E-101,1.037902525,0.415,0.306,4.19E-97,Yes,4.19E-97,AT1G10865,"7, 9, 10, 12, 13, 18"
1087,2.23E-101,1.145188643,0.29,0.174,4.58E-97,Yes,4.58E-97,AT5G12190,"9, 10, 11, 12, 13, 18"
1088,2.72E-101,-0.72286618,0.235,0.374,5.58E-97,Yes,5.58E-97,AT5G27560,"1, 2, 4, 5"
1089,3.24E-101,0.466217749,0.701,0.644,6.66E-97,No,6.66E-97,AT5G20900,"7, 9, 11, 12, 13, 18"
1090,3.31E-101,1.238317322,0.45,0.353,6.80E-97,Yes,6.80E-97,AT5G28050,"8, 9, 11, 12, 13"
1091,3.32E-101,0.653223492,0.574,0.485,6.82E-97,Yes,6.82E-97,AT2G35635,"7, 9, 10, 13, 15, 16, 18"
1092,8.33E-101,-0.460005055,0.839,0.862,1.71E-96,No,1.71E-96,AT4G02770,"1, 4, 5, 8, 11"
1093,9.10E-101,1.121235066,0.298,0.184,1.87E-96,Yes,1.87E-96,AT4G20330,"8, 9, 10, 11, 12, 13"
1094,9.12E-101,0.727727793,0.546,0.46,1.87E-96,Yes,1.87E-96,AT1G27530,"8, 9, 10, 11, 12, 13, 15"
1095,9.64E-101,1.056289931,0.316,0.201,1.98E-96,Yes,1.98E-96,AT3G25070,"8, 9, 10, 12, 13"
1096,1.12E-100,0.805005848,0.388,0.271,2.29E-96,Yes,2.29E-96,AT1G21900,"6, 9, 10, 13, 14, 18"
1097,1.43E-100,-0.717491419,0.232,0.368,2.95E-96,Yes,2.95E-96,AT5G35360,"4, 5, 7"
1098,1.69E-100,0.435479428,0.728,0.634,3.47E-96,No,3.47E-96,AT1G69410,"0, 2, 9, 10, 12, 13, 15, 16"
1099,1.73E-100,0.465857301,0.734,0.654,3.55E-96,No,3.55E-96,AT5G19510,"4, 5, 9, 11, 12, 13, 18"
1100,3.21E-100,1.324272723,0.295,0.184,6.59E-96,Yes,6.59E-96,AT2G42390,"9, 11, 12, 13"
1101,3.33E-100,1.412486349,0.258,0.149,6.85E-96,Yes,6.85E-96,AT2G47510,"9, 10, 11, 12, 13, 17"
1102,5.26E-100,-0.9353902,0.148,0.27,1.08E-95,Yes,1.08E-95,AT1G62780,"4, 5"
1103,7.51E-100,0.54908972,0.646,0.573,1.54E-95,Yes,1.54E-95,AT3G52880,"8, 9, 10, 13, 18"
1104,9.07E-100,1.115494769,0.381,0.272,1.86E-95,Yes,1.86E-95,AT4G03030,"6, 9, 11, 12, 13"
1105,1.04E-99,0.565349769,0.648,0.591,2.13E-95,Yes,2.13E-95,AT1G11650,"8, 9, 10, 11, 12, 13, 17, 18"
1106,1.08E-99,0.904594729,0.323,0.205,2.21E-95,Yes,2.21E-95,AT4G36210,"6, 8, 9, 10, 13, 18"
1107,1.26E-99,-0.720788208,0.375,0.508,2.59E-95,Yes,2.59E-95,AT1G48030,"0, 1, 3"
1108,1.80E-99,1.190812559,0.252,0.142,3.70E-95,Yes,3.70E-95,AT3G52240,"9, 11, 12, 13"
1109,2.13E-99,0.663033528,0.582,0.502,4.38E-95,Yes,4.38E-95,AT1G29850,"9, 10, 11, 12, 13, 15, 16, 18"
1110,2.75E-99,-0.93872058,0.306,0.429,5.64E-95,Yes,5.64E-95,AT1G74450,"4, 5, 15, 17"
1111,2.75E-99,0.922591078,0.468,0.369,5.66E-95,Yes,5.66E-95,AT5G13780,"8, 9, 11, 12, 13, 16, 18"
1112,3.40E-99,0.754681906,0.566,0.48,6.98E-95,Yes,6.98E-95,AT1G72020,"7, 8, 9, 10, 11, 13"
1113,4.54E-99,1.119204347,0.367,0.255,9.32E-95,Yes,9.32E-95,AT1G53030,"8, 9, 10, 11, 12, 13"
1114,6.29E-99,1.42522538,0.251,0.143,1.29E-94,Yes,1.29E-94,AT2G43680,"9, 10, 13, 16, 17, 18"
1115,7.98E-99,1.124142935,0.343,0.23,1.64E-94,Yes,1.64E-94,AT3G14430,"6, 7, 8, 9, 10, 11, 13, 18"
1116,1.03E-98,0.443188318,0.734,0.675,2.12E-94,No,2.12E-94,AT5G19860,"3, 6, 11, 13, 18"
1117,1.76E-98,0.555466807,0.654,0.596,3.61E-94,Yes,3.61E-94,AT1G14400,"8, 9, 10, 11, 12, 13, 18"
1118,2.11E-98,-0.792680927,0.159,0.285,4.34E-94,Yes,4.34E-94,AT5G55220,"1, 4, 5"
1119,2.56E-98,-0.759542831,0.282,0.42,5.25E-94,Yes,5.25E-94,AT2G26900,"1, 3, 4, 5"
1120,2.77E-98,0.782898426,0.404,0.289,5.69E-94,Yes,5.69E-94,AT2G04690,"6, 11, 12, 13, 18"
1121,2.77E-98,1.3161602,0.298,0.189,5.69E-94,Yes,5.69E-94,AT3G58600,"6, 8, 9, 11, 12, 13, 17, 18"
1122,3.36E-98,0.614274804,0.651,0.587,6.90E-94,Yes,6.90E-94,AT4G20150,"7, 8, 9, 10, 11, 12, 13"
1123,3.70E-98,1.434294929,0.286,0.177,7.60E-94,Yes,7.60E-94,AT3G54826,"9, 10, 11, 12, 13"
1124,5.13E-98,-0.564977989,0.54,0.652,1.05E-93,Yes,1.05E-93,AT4G04640,"1, 4, 5, 11"
1125,5.43E-98,0.841584994,0.25,0.135,1.12E-93,Yes,1.12E-93,AT3G56200,10
1126,9.25E-98,-0.747821869,0.293,0.434,1.90E-93,Yes,1.90E-93,AT4G34131,"2, 3, 7, 16, 17"
1127,1.41E-97,0.993140229,0.393,0.283,2.90E-93,Yes,2.90E-93,AT2G33470,"8, 9, 10, 11, 12, 13, 18"
1128,1.66E-97,0.559240003,0.663,0.585,3.41E-93,Yes,3.41E-93,AT1G33120,"4, 5, 9, 10, 11, 13"
1129,1.91E-97,-0.544240379,0.599,0.676,3.93E-93,Yes,3.93E-93,AT3G63490,"1, 4, 5"
1130,2.06E-97,1.21067259,0.327,0.217,4.22E-93,Yes,4.22E-93,AT5G66250,"8, 9, 10, 11, 12, 13"
1131,3.36E-97,0.832317322,0.397,0.283,6.91E-93,Yes,6.91E-93,AT5G46630,"8, 9, 10, 12, 13"
1132,4.77E-97,-0.618704762,0.376,0.504,9.80E-93,Yes,9.80E-93,AT3G50685,"1, 4, 5, 11"
1133,5.17E-97,1.120496135,0.367,0.258,1.06E-92,Yes,1.06E-92,AT5G40770,"9, 10, 11, 12, 13, 15, 17, 18"
1134,5.39E-97,0.508850094,0.672,0.596,1.11E-92,Yes,1.11E-92,AT4G27500,"0, 6, 9, 10, 13, 18"
1135,5.78E-97,-0.596752135,0.516,0.613,1.19E-92,Yes,1.19E-92,AT2G33450,"1, 4, 5"
1136,6.48E-97,1.282812391,0.306,0.197,1.33E-92,Yes,1.33E-92,AT2G37250,"7, 8, 9, 10, 11, 13"
1137,7.77E-97,-0.495605702,0.64,0.719,1.60E-92,No,1.60E-92,AT5G66190,"1, 3, 4, 5"
1138,8.94E-97,-0.501793698,0.932,0.938,1.84E-92,Yes,1.84E-92,ATCG00440,"1, 3, 6, 14"
1139,9.47E-97,1.178402248,0.302,0.192,1.94E-92,Yes,1.94E-92,AT1G15880,"6, 8, 9, 10, 11, 12, 13"
1140,9.56E-97,-0.923055007,0.139,0.256,1.96E-92,Yes,1.96E-92,AT3G30720,"2, 4, 5, 17"
1141,1.53E-96,-0.966831578,0.155,0.277,3.15E-92,Yes,3.15E-92,AT1G64980,"2, 4, 5, 7, 16"
1142,1.86E-96,0.724971006,0.536,0.423,3.83E-92,Yes,3.83E-92,AT2G43290,"3, 6, 9, 10, 14, 16, 17"
1143,1.99E-96,-0.851395967,0.207,0.336,4.08E-92,Yes,4.08E-92,AT5G57930,"1, 4, 5"
1144,2.72E-96,0.852344892,0.349,0.225,5.59E-92,Yes,5.59E-92,AT4G05020,"0, 6, 9, 10, 12, 15"
1145,3.51E-96,1.053333131,0.287,0.174,7.22E-92,Yes,7.22E-92,AT3G11900,"11, 12, 13"
1146,3.63E-96,-0.921299314,0.133,0.251,7.45E-92,Yes,7.45E-92,AT3G07650,"4, 5, 7"
1147,4.10E-96,0.383282366,0.766,0.641,8.43E-92,No,8.43E-92,AT1G22400,"0, 3, 6, 7, 9, 10, 12"
1148,4.63E-96,-0.568585549,0.566,0.672,9.51E-92,Yes,9.51E-92,AT2G22880,"0, 2, 5, 7, 10"
1149,5.50E-96,0.848355437,0.418,0.304,1.13E-91,Yes,1.13E-91,AT5G35680,"6, 9, 10, 12, 16, 17"
1150,7.77E-96,0.535821985,0.688,0.608,1.60E-91,Yes,1.60E-91,AT5G41520,"4, 5, 9, 11, 12, 13"
1151,9.60E-96,0.902872862,0.414,0.305,1.97E-91,Yes,1.97E-91,AT5G14040,"8, 9, 10, 11, 13"
1152,1.02E-95,1.064477577,0.399,0.288,2.09E-91,Yes,2.09E-91,AT1G07170,"9, 10, 11, 12, 13"
1153,1.04E-95,0.859166849,0.515,0.427,2.14E-91,Yes,2.14E-91,AT2G46280,"5, 8, 9, 11, 12, 13"
1154,1.13E-95,-0.530787867,0.415,0.549,2.33E-91,Yes,2.33E-91,AT4G18930,"0, 1, 2, 5, 7, 9, 18"
1155,1.28E-95,0.967240367,0.48,0.392,2.64E-91,Yes,2.64E-91,AT4G17730,"8, 9, 11, 12, 13, 18"
1156,2.60E-95,1.13055063,0.366,0.261,5.35E-91,Yes,5.35E-91,AT5G47320,"8, 9, 11, 12, 13"
1157,2.62E-95,0.760448175,0.455,0.337,5.39E-91,Yes,5.39E-91,AT1G13360,"7, 9, 10, 12, 16, 17"
1158,3.66E-95,-0.735452171,0.321,0.458,7.53E-91,Yes,7.53E-91,AT1G05850,"1, 3, 4, 14, 15, 18"
1159,6.58E-95,-0.644013838,0.37,0.503,1.35E-90,Yes,1.35E-90,AT3G52150,"1, 4, 5"
1160,9.79E-95,-0.59824455,0.488,0.592,2.01E-90,Yes,2.01E-90,AT2G43030,"1, 4, 5, 11"
1161,2.01E-94,1.187082737,0.281,0.169,4.12E-90,Yes,4.12E-90,AT2G24180,"9, 10, 14"
1162,2.08E-94,1.270162836,0.294,0.187,4.26E-90,Yes,4.26E-90,AT5G60160,"8, 9, 11, 12, 13"
1163,2.53E-94,-0.358945338,0.369,0.537,5.19E-90,No,5.19E-90,AT1G01620,"1, 3, 7, 11, 16, 18"
1164,3.55E-94,0.967794158,0.452,0.357,7.29E-90,Yes,7.29E-90,AT1G01490,"6, 7, 8, 11, 12, 13, 16"
1165,3.90E-94,-0.543961129,0.544,0.638,8.02E-90,Yes,8.02E-90,AT3G02730,"1, 4, 5, 11"
1166,8.08E-94,0.921309373,0.436,0.338,1.66E-89,Yes,1.66E-89,AT2G39770,"0, 7, 8, 10, 11, 12, 16, 18"
1167,1.08E-93,0.466848577,0.728,0.681,2.22E-89,No,2.22E-89,AT3G15580,"0, 9, 10, 11, 12, 13, 18"
1168,1.20E-93,-0.603217552,0.253,0.391,2.46E-89,Yes,2.46E-89,AT4G28660,"1, 2, 4, 5"
1169,1.29E-93,0.879941235,0.486,0.398,2.65E-89,Yes,2.65E-89,AT4G26400,"8, 9, 11, 12, 13, 17"
1170,1.69E-93,0.844669194,0.46,0.355,3.47E-89,Yes,3.47E-89,AT5G20700,"9, 11, 12, 13, 15, 16"
1171,1.71E-93,1.037837036,0.26,0.148,3.50E-89,Yes,3.50E-89,AT1G07630,"0, 7, 9, 10, 12"
1172,2.12E-93,0.475891316,0.709,0.641,4.36E-89,No,4.36E-89,AT1G04410,"9, 10, 13, 15"
1173,2.53E-93,1.097290183,0.348,0.244,5.20E-89,Yes,5.20E-89,AT3G57050,"7, 8, 9, 11, 12, 13"
1174,2.61E-93,-0.520895882,0.572,0.659,5.36E-89,Yes,5.36E-89,AT2G24090,"1, 2, 4, 5"
1175,2.91E-93,0.80075706,0.257,0.141,5.98E-89,Yes,5.98E-89,AT3G43250,"0, 9, 10, 12, 16, 17"
1176,2.94E-93,0.587154015,0.621,0.565,6.03E-89,Yes,6.03E-89,AT4G13010,"9, 11, 12, 13, 18"
1177,3.82E-93,-0.764018763,0.259,0.398,7.84E-89,Yes,7.84E-89,AT5G23060,"1, 3, 4, 5"
1178,4.33E-93,-0.623316925,0.311,0.444,8.90E-89,Yes,8.90E-89,AT4G16410,"1, 2, 4, 5, 8, 11"
1179,5.22E-93,0.885138125,0.298,0.182,1.07E-88,Yes,1.07E-88,AT3G46845,"0, 6, 7, 9, 10, 12, 18"
1180,7.44E-93,1.01176812,0.481,0.391,1.53E-88,Yes,1.53E-88,AT3G01740,"10, 11, 12, 13, 18"
1181,1.07E-92,1.124851486,0.369,0.263,2.20E-88,Yes,2.20E-88,AT1G29150,"8, 9, 10, 11, 12, 13, 17, 18"
1182,1.72E-92,0.63635028,0.562,0.475,3.54E-88,Yes,3.54E-88,AT1G17080,"6, 9, 10, 13, 18"
1183,1.75E-92,1.202582634,0.547,0.456,3.60E-88,Yes,3.60E-88,AT1G25220,"9, 10, 13, 17"
1184,2.04E-92,0.929721713,0.381,0.265,4.19E-88,Yes,4.19E-88,AT1G21000,"7, 8, 10, 11, 12, 16, 17, 18"
1185,3.03E-92,-0.442107261,0.732,0.817,6.23E-88,No,6.23E-88,AT1G10370,"0, 2, 7, 10"
1186,3.28E-92,1.225652516,0.278,0.171,6.73E-88,Yes,6.73E-88,AT2G24360,"9, 10, 11, 13, 18"
1187,5.10E-92,-0.532216451,0.568,0.652,1.05E-87,Yes,1.05E-87,AT1G71500,"1, 2, 4, 5"
1188,8.95E-92,1.177267427,0.294,0.188,1.84E-87,Yes,1.84E-87,AT2G19270,"9, 10, 11, 12, 13, 17, 18"
1189,1.02E-91,0.494524382,0.694,0.604,2.09E-87,No,2.09E-87,AT4G09320,"4, 9, 13, 16, 18"
1190,1.09E-91,0.953581309,0.331,0.223,2.24E-87,Yes,2.24E-87,AT3G18430,"9, 10, 11, 12, 13"
1191,1.20E-91,-0.844579622,0.167,0.288,2.46E-87,Yes,2.46E-87,AT3G29185,"4, 5"
1192,1.29E-91,0.807910933,0.495,0.405,2.65E-87,Yes,2.65E-87,AT1G64520,"8, 9, 10, 11, 12, 13, 18"
1193,2.52E-91,1.326008122,0.272,0.167,5.18E-87,Yes,5.18E-87,AT5G09620,"9, 10, 11, 12, 13"
1194,2.74E-91,-0.816251439,0.177,0.301,5.63E-87,Yes,5.63E-87,AT1G32200,"1, 4, 5"
1195,2.77E-91,-1.018042765,0.15,0.266,5.69E-87,Yes,5.69E-87,AT1G01790,"0, 2, 5"
1196,2.84E-91,0.797884599,0.377,0.271,5.84E-87,Yes,5.84E-87,AT1G43130,"6, 8, 9, 11, 12, 13, 14, 18"
1197,2.86E-91,-0.307638876,0.346,0.488,5.88E-87,No,5.88E-87,AT5G66052,"1, 4, 8, 11, 18"
1198,2.92E-91,0.707572755,0.535,0.454,5.99E-87,Yes,5.99E-87,AT5G10780,"8, 9, 10, 11, 12, 13, 15, 18"
1199,3.11E-91,1.206326512,0.308,0.201,6.40E-87,Yes,6.40E-87,AT1G54250,"8, 9, 10, 11, 12, 13"
1200,3.93E-91,0.609785703,0.584,0.514,8.07E-87,Yes,8.07E-87,AT2G47170,"0, 9, 10, 13"
1201,4.41E-91,0.854692454,0.387,0.279,9.05E-87,Yes,9.05E-87,AT4G28300,"0, 9, 10, 11, 12, 13, 16"
1202,5.39E-91,-0.593237557,0.257,0.394,1.11E-86,Yes,1.11E-86,AT1G22530,"2, 3, 15, 18"
1203,6.90E-91,0.575556051,0.662,0.549,1.42E-86,Yes,1.42E-86,AT4G04610,"0, 6, 9, 10, 12"
1204,1.04E-90,-0.568756214,0.537,0.632,2.14E-86,Yes,2.14E-86,AT1G09340,"1, 4, 5, 11"
1205,1.10E-90,0.572024689,0.627,0.561,2.26E-86,Yes,2.26E-86,AT1G07140,"0, 9, 10, 12, 13"
1206,1.14E-90,0.886026554,0.452,0.362,2.34E-86,Yes,2.34E-86,AT5G22360,"8, 9, 10, 11, 12, 13"
1207,1.15E-90,-0.565695101,0.398,0.528,2.37E-86,Yes,2.37E-86,AT1G64680,"1, 2, 4, 5, 11"
1208,1.23E-90,0.322587183,0.858,0.792,2.53E-86,No,2.53E-86,ATCG00540,"6, 8, 14"
1209,1.72E-90,-1.028621541,0.159,0.277,3.53E-86,Yes,3.53E-86,AT1G63930,"0, 2, 7"
1210,1.94E-90,-0.598834095,0.465,0.576,3.98E-86,Yes,3.98E-86,AT3G32930,"1, 2, 4, 5"
1211,2.01E-90,0.432937812,0.899,0.833,4.13E-86,No,4.13E-86,AT5G19140,"1, 8, 11, 12, 13"
1212,2.10E-90,0.985796777,0.358,0.247,4.31E-86,Yes,4.31E-86,AT4G35310,"6, 8, 9, 10, 12, 13"
1213,3.85E-90,1.092142707,0.379,0.279,7.91E-86,Yes,7.91E-86,AT5G40580,"8, 9, 11, 12, 13"
1214,3.92E-90,0.76662999,0.49,0.392,8.05E-86,Yes,8.05E-86,AT1G74340,"0, 6, 9, 10, 12"
1215,4.03E-90,-0.741360519,0.279,0.415,8.28E-86,Yes,8.28E-86,AT1G74910,"1, 3, 4"
1216,8.18E-90,0.842947723,0.357,0.238,1.68E-85,Yes,1.68E-85,AT1G80450,"0, 2, 7, 9, 10, 12, 16, 17"
1217,1.24E-89,-0.760076414,0.307,0.432,2.55E-85,Yes,2.55E-85,AT3G10060,"1, 4, 5"
1218,1.47E-89,0.631317845,0.535,0.41,3.03E-85,Yes,3.03E-85,AT3G50900,"0, 2, 9, 10, 12"
1219,1.94E-89,-0.920551896,0.155,0.272,3.98E-85,Yes,3.98E-85,AT5G16390,"2, 4, 5"
1220,1.99E-89,1.099444082,0.313,0.205,4.09E-85,Yes,4.09E-85,AT1G48850,"0, 6, 9, 10, 13"
1221,4.11E-89,0.841056551,0.499,0.41,8.45E-85,Yes,8.45E-85,AT5G59950,"6, 7, 8, 9, 11, 13, 16, 17, 18"
1222,4.14E-89,0.673178102,0.343,0.23,8.50E-85,Yes,8.50E-85,AT4G37760,"3, 6, 8, 11, 12, 14, 18"
1223,4.15E-89,0.380789799,0.418,0.296,8.53E-85,No,8.53E-85,AT4G31860,"0, 6, 9, 10"
1224,5.41E-89,-0.762883478,0.328,0.455,1.11E-84,Yes,1.11E-84,AT1G20510,"2, 3, 4, 5, 7, 16"
1225,5.74E-89,-0.762040825,0.28,0.411,1.18E-84,Yes,1.18E-84,AT1G07150,"2, 4, 7, 16"
1226,6.81E-89,0.984799698,0.308,0.199,1.40E-84,Yes,1.40E-84,AT2G45010,"0, 6, 9, 10, 12, 13"
1227,6.89E-89,-0.502002844,0.61,0.688,1.42E-84,Yes,1.42E-84,AT3G11630,"1, 4, 5"
1228,9.60E-89,0.419427475,0.286,0.168,1.97E-84,No,1.97E-84,AT4G25900,"6, 9, 10, 14"
1229,9.65E-89,0.776712746,0.545,0.471,1.98E-84,Yes,1.98E-84,AT1G27310,"8, 9, 10, 11, 12, 13, 18"
1230,9.80E-89,0.693699357,0.579,0.487,2.01E-84,Yes,2.01E-84,AT5G25280,"0, 2, 6, 9, 10, 11, 12, 17"
1231,1.00E-88,0.744820836,0.538,0.469,2.06E-84,Yes,2.06E-84,AT1G43890,"7, 9, 10, 11, 12, 13, 16, 18"
1232,1.42E-88,-0.599895103,0.379,0.504,2.92E-84,Yes,2.92E-84,AT3G55330,"1, 4, 5"
1233,2.13E-88,1.054219494,0.378,0.276,4.38E-84,Yes,4.38E-84,AT3G59810,"8, 9, 10, 11, 12, 13"
1234,2.17E-88,0.964912613,0.507,0.423,4.45E-84,Yes,4.45E-84,AT2G43540,"0, 9, 10, 11, 12, 13"
1235,3.13E-88,1.054499944,0.346,0.243,6.43E-84,Yes,6.43E-84,AT4G08460,"8, 9, 11, 13, 17"
1236,3.99E-88,0.980779648,0.3,0.192,8.19E-84,Yes,8.19E-84,AT1G09645,"6, 9, 10, 13, 14, 15, 18"
1237,4.66E-88,1.005257183,0.406,0.31,9.57E-84,Yes,9.57E-84,AT5G12210,"8, 9, 10, 11, 12, 13"
1238,5.48E-88,0.85283659,0.437,0.339,1.13E-83,Yes,1.13E-83,AT5G51040,"7, 8, 9, 10, 11, 12, 13, 15"
1239,6.45E-88,1.086921351,0.358,0.258,1.32E-83,Yes,1.32E-83,AT3G53610,"9, 11, 12, 13, 18"
1240,6.75E-88,0.590648731,0.544,0.44,1.39E-83,Yes,1.39E-83,AT5G13220,"7, 9, 11, 12"
1241,6.82E-88,0.697443996,0.593,0.523,1.40E-83,Yes,1.40E-83,AT1G27450,"8, 9, 10, 12, 13"
1242,7.40E-88,-0.625755186,0.535,0.609,1.52E-83,Yes,1.52E-83,AT4G40030,"1, 4, 5, 7, 15, 16, 18"
1243,8.71E-88,0.746066567,0.384,0.277,1.79E-83,Yes,1.79E-83,AT5G40670,"6, 8, 9, 10, 13, 14, 15"
1244,1.43E-87,0.638821497,0.577,0.503,2.95E-83,Yes,2.95E-83,AT2G21870,"7, 8, 9, 10, 11, 13"
1245,2.94E-87,-0.648942457,0.453,0.554,6.04E-83,Yes,6.04E-83,AT5G08410,"1, 4, 5"
1246,3.75E-87,0.986062527,0.386,0.281,7.70E-83,Yes,7.70E-83,AT5G42080,"6, 8, 9, 10, 13, 18"
1247,4.64E-87,-0.60026319,0.868,0.89,9.53E-83,Yes,9.53E-83,AT1G01470,"0, 2, 7, 15, 16, 18"
1248,6.46E-87,-0.676910721,0.35,0.479,1.33E-82,Yes,1.33E-82,AT5G14260,"1, 2, 3, 4, 5"
1249,7.59E-87,-0.437960444,0.729,0.755,1.56E-82,No,1.56E-82,AT1G29070,"0, 1, 2, 4, 5"
1250,1.05E-86,-0.357239781,0.801,0.854,2.15E-82,No,2.15E-82,AT1G18210,"0, 2, 7, 10"
1251,1.57E-86,0.29756468,0.684,0.615,3.22E-82,No,3.22E-82,AT1G16180,"3, 6, 9, 14, 15, 18"
1252,1.65E-86,0.905004645,0.269,0.16,3.38E-82,Yes,3.38E-82,AT1G08820,"9, 10, 11, 12, 13, 16, 18"
1253,1.96E-86,0.525589668,0.491,0.391,4.03E-82,Yes,4.03E-82,AT4G01610,"3, 6, 8, 9, 13, 14, 15, 16, 18"
1254,1.97E-86,0.973700759,0.455,0.365,4.04E-82,Yes,4.04E-82,AT4G23710,"8, 9, 10, 12, 13"
1255,2.31E-86,0.650340955,0.531,0.439,4.75E-82,Yes,4.75E-82,AT5G56760,"0, 7, 8, 10, 11, 12, 16, 18"
1256,2.48E-86,-0.498045236,0.729,0.787,5.09E-82,No,5.09E-82,AT5G58070,"0, 2, 7, 17, 18"
1257,2.91E-86,-0.801427271,0.179,0.298,5.98E-82,Yes,5.98E-82,AT4G11280,"4, 7, 9, 15, 16, 17"
1258,3.08E-86,1.054018137,0.315,0.211,6.33E-82,Yes,6.33E-82,AT1G02100,"8, 9, 10, 11, 12, 13, 17"
1259,3.09E-86,1.246299717,0.261,0.16,6.34E-82,Yes,6.34E-82,AT5G06110,"9, 10, 12, 13, 16, 18"
1260,3.40E-86,0.917917498,0.307,0.202,6.99E-82,Yes,6.99E-82,AT2G25520,"3, 6, 8, 9, 11, 13, 14"
1261,3.41E-86,1.102403787,0.381,0.281,7.00E-82,Yes,7.00E-82,AT5G55530,"10, 11, 12, 13, 16"
1262,5.00E-86,1.324553364,0.258,0.158,1.03E-81,Yes,1.03E-81,AT1G35516,"11, 12, 13, 18"
1263,5.79E-86,-0.641322134,0.298,0.43,1.19E-81,Yes,1.19E-81,AT1G07440,"1, 5, 7"
1264,6.35E-86,0.76860178,0.509,0.421,1.31E-81,Yes,1.31E-81,AT3G18410,"8, 9, 10, 11, 12, 13, 15"
1265,1.19E-85,0.784990454,0.476,0.387,2.44E-81,Yes,2.44E-81,AT3G05760,"8, 9, 11, 12, 13"
1266,1.21E-85,-0.963768544,0.173,0.284,2.48E-81,Yes,2.48E-81,AT3G45980,"1, 4, 5"
1267,1.26E-85,-1.10342872,0.309,0.434,2.60E-81,Yes,2.60E-81,AT4G39640,"0, 3, 6, 14"
1268,2.10E-85,0.515020134,0.649,0.586,4.32E-81,Yes,4.32E-81,AT5G02790,"9, 10, 11, 12, 13"
1269,2.23E-85,-0.935509077,0.149,0.26,4.58E-81,Yes,4.58E-81,AT1G32080,"1, 2, 4, 5"
1270,2.61E-85,0.540668159,0.632,0.563,5.36E-81,Yes,5.36E-81,AT4G34700,"8, 9, 10, 11, 12, 13"
1271,2.75E-85,0.975507088,0.354,0.25,5.66E-81,Yes,5.66E-81,AT4G24820,"6, 8, 9, 10, 11, 13"
1272,3.22E-85,0.973188797,0.262,0.153,6.62E-81,Yes,6.62E-81,AT1G05680,"0, 10, 11, 12"
1273,8.13E-85,-0.828283867,0.149,0.261,1.67E-80,Yes,1.67E-80,AT3G08510,"4, 18"
1274,9.19E-85,-0.686651771,0.269,0.395,1.89E-80,Yes,1.89E-80,AT4G13500,"1, 2, 4, 5"
1275,9.47E-85,0.949546546,0.293,0.182,1.95E-80,Yes,1.95E-80,AT1G14250,"4, 6, 8, 11, 12, 13"
1276,1.09E-84,0.750439409,0.45,0.354,2.23E-80,Yes,2.23E-80,AT1G58602,"0, 6, 8, 9, 10, 12, 13, 17"
1277,1.27E-84,1.037692886,0.35,0.25,2.61E-80,Yes,2.61E-80,AT1G01730,"8, 9, 10, 11, 12, 13, 18"
1278,1.31E-84,0.33673679,0.854,0.789,2.68E-80,No,2.68E-80,AT1G23310,"1, 8, 11, 12, 13"
1279,2.25E-84,1.128875396,0.274,0.171,4.63E-80,Yes,4.63E-80,AT3G17510,"11, 12, 13, 17, 18"
1280,3.58E-84,0.588620164,0.652,0.57,7.36E-80,Yes,7.36E-80,AT3G56360,"4, 8, 11, 12, 13"
1281,4.63E-84,-0.930253428,0.156,0.268,9.51E-80,Yes,9.51E-80,AT1G17220,2
1282,6.95E-84,0.758615532,0.498,0.413,1.43E-79,Yes,1.43E-79,AT5G52040,"9, 10, 11, 12, 13, 18"
1283,7.88E-84,1.133656962,0.363,0.264,1.62E-79,Yes,1.62E-79,AT1G19130,"9, 10, 12, 13"
1284,7.95E-84,-0.551802414,0.609,0.696,1.63E-79,Yes,1.63E-79,AT4G29780,"0, 2, 3, 7, 16, 17"
1285,8.71E-84,0.572290761,0.608,0.553,1.79E-79,Yes,1.79E-79,AT3G03100,"7, 9, 10, 11, 12, 13, 18"
1286,1.41E-83,-0.897529225,0.159,0.272,2.90E-79,Yes,2.90E-79,AT5G42030,"4, 5, 17"
1287,1.41E-83,0.532984164,0.647,0.593,2.90E-79,Yes,2.90E-79,AT5G47890,"7, 9, 10, 11, 12, 13, 18"
1288,2.32E-83,0.709043235,0.518,0.438,4.77E-79,Yes,4.77E-79,AT3G05530,"8, 9, 11, 13, 18"
1289,2.55E-83,-0.742659636,0.239,0.364,5.24E-79,Yes,5.24E-79,AT3G52380,"1, 3, 4, 5, 14"
1290,2.89E-83,-0.843622447,0.382,0.507,5.94E-79,Yes,5.94E-79,AT1G17860,"0, 3, 6, 7, 14"
1291,4.56E-83,0.647961896,0.543,0.468,9.37E-79,Yes,9.37E-79,AT1G16210,"8, 9, 10, 11, 12, 13, 18"
1292,6.48E-83,1.320885776,0.269,0.17,1.33E-78,Yes,1.33E-78,AT4G35020,"9, 11, 12, 13, 18"
1293,1.10E-82,-0.694785297,0.339,0.469,2.27E-78,Yes,2.27E-78,AT1G59910,"0, 2, 3, 6, 14"
1294,1.16E-82,0.513252447,0.34,0.217,2.39E-78,Yes,2.39E-78,AT5G48657,"0, 2, 9, 10, 12"
1295,1.77E-82,0.607647522,0.553,0.449,3.63E-78,Yes,3.63E-78,AT4G18440,"1, 4, 8, 11, 12, 13"
1296,1.82E-82,0.743608734,0.488,0.395,3.75E-78,Yes,3.75E-78,AT1G26670,"6, 7, 9, 11, 13, 18"
1297,2.51E-82,0.808301228,0.305,0.198,5.15E-78,Yes,5.15E-78,AT4G29900,"3, 6, 8, 9, 10, 12, 13, 14, 18"
1298,2.67E-82,0.996280688,0.316,0.212,5.49E-78,Yes,5.49E-78,AT2G36680,"8, 9, 10, 12, 13, 17, 18"
1299,3.48E-82,1.095010789,0.331,0.226,7.14E-78,Yes,7.14E-78,AT1G22410,"0, 6, 9, 10"
1300,3.54E-82,1.074554812,0.403,0.308,7.27E-78,Yes,7.27E-78,AT3G59060,"8, 11, 12, 13"
1301,9.64E-82,0.896818574,0.393,0.294,1.98E-77,Yes,1.98E-77,AT5G45410,"6, 7, 8, 9, 10, 11, 13, 18"
1302,9.96E-82,1.305478933,0.3,0.201,2.05E-77,Yes,2.05E-77,AT4G23760,"8, 9, 10, 11, 12, 13"
1303,1.32E-81,-0.848749454,0.21,0.329,2.71E-77,Yes,2.71E-77,AT1G80480,"1, 2, 3, 4, 5, 14"
1304,1.61E-81,0.804992289,0.433,0.331,3.30E-77,Yes,3.30E-77,AT1G09815,"0, 2, 7, 9, 10, 12, 13, 18"
1305,1.65E-81,-0.550708155,0.303,0.435,3.39E-77,Yes,3.39E-77,AT3G56090,"2, 4, 5, 7, 17, 18"
1306,2.30E-81,-0.701007467,0.289,0.416,4.72E-77,Yes,4.72E-77,AT1G22700,"0, 1, 4, 5"
1307,2.47E-81,1.278551108,0.288,0.191,5.07E-77,Yes,5.07E-77,AT1G06110,"6, 9, 11, 12, 13"
1308,2.61E-81,0.618785004,0.569,0.493,5.36E-77,Yes,5.36E-77,AT5G46250,"6, 7, 8, 9, 10, 13, 18"
1309,3.18E-81,0.638062306,0.575,0.51,6.54E-77,Yes,6.54E-77,AT2G42210,"8, 9, 11, 12, 13"
1310,4.39E-81,0.8601677,0.411,0.318,9.02E-77,Yes,9.02E-77,AT1G70590,"8, 9, 11, 12, 13"
1311,7.15E-81,0.728427696,0.523,0.446,1.47E-76,Yes,1.47E-76,AT2G33040,"7, 9, 10, 11, 13"
1312,7.20E-81,1.248582704,0.398,0.308,1.48E-76,Yes,1.48E-76,AT2G27830,"7, 11, 12, 13"
1313,1.00E-80,0.468152763,0.451,0.337,2.06E-76,No,2.06E-76,AT2G17720,"0, 3, 6, 9, 10, 14"
1314,1.25E-80,-0.535321618,0.854,0.899,2.56E-76,Yes,2.56E-76,AT5G06320,"3, 6, 9, 14, 16"
1315,1.34E-80,-0.576573563,0.267,0.391,2.75E-76,Yes,2.75E-76,AT2G23670,"1, 4, 5"
1316,2.23E-80,0.750024114,0.427,0.32,4.59E-76,Yes,4.59E-76,AT2G16720,"6, 7, 9, 10, 12, 16, 17, 18"
1317,2.38E-80,0.824552899,0.379,0.276,4.89E-76,Yes,4.89E-76,AT5G61530,"0, 6, 9, 10, 12, 13, 17"
1318,2.41E-80,1.103106799,0.263,0.165,4.95E-76,Yes,4.95E-76,AT1G07470,"9, 10, 11, 12, 13"
1319,2.81E-80,0.798974126,0.45,0.357,5.78E-76,Yes,5.78E-76,AT3G43520,"8, 9, 10, 13"
1320,3.20E-80,-0.419945836,0.791,0.828,6.57E-76,No,6.57E-76,AT1G18300,"2, 3, 7, 9, 17"
1321,3.29E-80,1.143387902,0.266,0.168,6.76E-76,Yes,6.76E-76,AT1G59580,"9, 11, 12, 13, 18"
1322,3.56E-80,-0.673905697,0.456,0.563,7.30E-76,Yes,7.30E-76,AT1G77450,"0, 2, 7, 16"
1323,4.86E-80,-0.421412826,0.854,0.858,9.98E-76,No,9.98E-76,ATCG00560,"1, 3, 4, 6, 14"
1324,5.75E-80,0.992080446,0.364,0.27,1.18E-75,Yes,1.18E-75,AT4G12340,"8, 9, 10, 11, 12, 13"
1325,6.51E-80,0.825693269,0.466,0.384,1.34E-75,Yes,1.34E-75,AT4G22310,"7, 8, 9, 11, 12, 13"
1326,7.43E-80,1.100704627,0.278,0.176,1.53E-75,Yes,1.53E-75,AT4G25690,"9, 10, 11, 12, 13, 18"
1327,1.02E-79,-0.789856353,0.185,0.3,2.10E-75,Yes,2.10E-75,AT5G53860,"4, 5"
1328,1.03E-79,0.863295388,0.428,0.337,2.12E-75,Yes,2.12E-75,AT1G04850,"7, 8, 9, 11, 12, 13, 18"
1329,1.55E-79,-0.539619323,0.583,0.657,3.18E-75,Yes,3.18E-75,AT3G15840,"1, 4, 5"
1330,1.68E-79,0.793315237,0.491,0.406,3.46E-75,Yes,3.46E-75,AT4G02450,"8, 9, 11, 13, 15, 16, 17, 18"
1331,1.92E-79,1.18292002,0.29,0.192,3.95E-75,Yes,3.95E-75,AT1G56460,"9, 11, 12, 13, 18"
1332,2.12E-79,0.929486515,0.419,0.32,4.36E-75,Yes,4.36E-75,AT5G52470,"4, 7, 8, 9, 11, 13, 16, 18"
1333,3.46E-79,0.407897569,0.557,0.463,7.11E-75,No,7.11E-75,AT3G02360,"0, 6, 9, 10"
1334,4.29E-79,-0.732752981,0.64,0.684,8.81E-75,Yes,8.81E-75,AT1G18740,"4, 7, 16, 17"
1335,4.53E-79,-0.575889146,0.47,0.587,9.30E-75,Yes,9.30E-75,AT3G48360,"0, 2, 3, 7"
1336,4.89E-79,0.534144349,0.62,0.555,1.00E-74,Yes,1.00E-74,AT2G23320,"0, 8, 9, 10, 12, 13"
1337,5.24E-79,1.155249035,0.267,0.169,1.08E-74,Yes,1.08E-74,AT1G03860,"9, 10, 11, 12, 13, 17"
1338,8.37E-79,0.572026201,0.508,0.406,1.72E-74,Yes,1.72E-74,AT1G72450,"0, 7, 8, 11, 12, 15, 16, 18"
1339,8.91E-79,1.01952214,0.266,0.168,1.83E-74,Yes,1.83E-74,AT1G68370,"0, 9, 10, 12, 13"
1340,9.30E-79,1.135346101,0.275,0.178,1.91E-74,Yes,1.91E-74,AT2G20280,"9, 11, 12, 13, 18"
1341,1.36E-78,1.076510963,0.344,0.25,2.80E-74,Yes,2.80E-74,AT4G31180,"7, 8, 9, 10, 11, 12, 13, 17"
1342,1.46E-78,-0.583640661,0.316,0.44,2.99E-74,Yes,2.99E-74,POR C,"1, 4, 5"
1343,2.02E-78,0.834405939,0.477,0.395,4.15E-74,Yes,4.15E-74,AT4G02840,"9, 10, 11, 12, 13, 18"
1344,2.40E-78,1.131911602,0.268,0.168,4.93E-74,Yes,4.93E-74,AT5G45510,"9, 10, 13, 17"
1345,3.05E-78,0.474068781,0.687,0.625,6.27E-74,No,6.27E-74,AT5G47200,"0, 2, 7, 9, 10, 12, 16"
1346,4.98E-78,0.986312273,0.343,0.245,1.02E-73,Yes,1.02E-73,AT2G29020,"6, 8, 9, 11, 13, 18"
1347,4.99E-78,0.770387883,0.499,0.418,1.03E-73,Yes,1.03E-73,AT5G48160,"9, 11, 12, 13, 18"
1348,5.99E-78,-0.672862923,0.295,0.415,1.23E-73,Yes,1.23E-73,AT1G35420,"1, 4, 5, 11"
1349,6.05E-78,-0.869620898,0.198,0.311,1.24E-73,Yes,1.24E-73,AT2G02010,"0, 2, 3"
1350,9.03E-78,-0.487672526,0.711,0.748,1.85E-73,No,1.85E-73,AT1G52230,"1, 4, 5, 11"
1351,1.57E-77,-0.619949031,0.445,0.554,3.23E-73,Yes,3.23E-73,AT1G49500,"1, 2, 4, 5, 11"
1352,1.96E-77,0.331616799,0.587,0.461,4.03E-73,No,4.03E-73,AT3G44860,"0, 3, 8, 11, 12, 13"
1353,2.46E-77,0.673395579,0.563,0.5,5.06E-73,Yes,5.06E-73,AT1G57720,"9, 11, 13, 18"
1354,2.86E-77,-0.652635225,0.286,0.412,5.88E-73,Yes,5.88E-73,AT2G27960,"1, 7, 15, 16, 18"
1355,3.98E-77,0.906481351,0.39,0.298,8.17E-73,Yes,8.17E-73,AT2G46230,"8, 9, 11, 12, 13, 15"
1356,4.27E-77,0.952173628,0.303,0.204,8.78E-73,Yes,8.78E-73,AT5G09680,"8, 9, 10, 11, 12, 13"
1357,4.27E-77,1.515298028,0.255,0.163,8.78E-73,Yes,8.78E-73,AT5G11060,"11, 12, 13, 17"
1358,4.92E-77,-0.956082576,0.152,0.26,1.01E-72,Yes,1.01E-72,AT5G66900,2
1359,5.06E-77,0.460580999,0.417,0.297,1.04E-72,No,1.04E-72,AT2G41835,"0, 9, 10, 12"
1360,6.62E-77,0.74718506,0.496,0.412,1.36E-72,Yes,1.36E-72,AT1G65290,"8, 9, 11, 12, 13, 15, 18"
1361,8.18E-77,0.814992637,0.375,0.278,1.68E-72,Yes,1.68E-72,AT5G12310,"8, 9, 10, 11, 12, 13"
1362,8.67E-77,0.507265136,0.531,0.42,1.78E-72,Yes,1.78E-72,AT5G57710,"0, 3, 6, 9, 10, 12, 16"
1363,1.00E-76,0.977089308,0.286,0.188,2.06E-72,Yes,2.06E-72,AT1G51980,"6, 7, 9, 10, 11, 13, 18"
1364,1.05E-76,-0.589560952,0.554,0.641,2.16E-72,Yes,2.16E-72,AT3G46620,"2, 3, 4, 7, 15, 16, 17"
1365,1.32E-76,0.93226878,0.429,0.342,2.70E-72,Yes,2.70E-72,AT4G38495,"8, 9, 10, 11, 12, 13"
1366,1.57E-76,-0.723988337,0.24,0.358,3.23E-72,Yes,3.23E-72,AT1G77490,"1, 4, 5"
1367,1.92E-76,0.763626137,0.829,0.764,3.95E-72,Yes,3.95E-72,AT2G30860,"7, 9, 10, 13, 16"
1368,2.05E-76,0.720356438,0.463,0.375,4.22E-72,Yes,4.22E-72,AT5G55160,"8, 9, 11, 12, 13, 15, 18"
1369,2.10E-76,0.695219737,0.395,0.285,4.32E-72,Yes,4.32E-72,AT4G37790,"0, 2, 6, 7, 9, 12, 16, 17, 18"
1370,2.15E-76,-0.740064475,0.365,0.504,4.41E-72,Yes,4.41E-72,AT2G22990,"0, 6, 8"
1371,2.16E-76,-0.510790422,0.589,0.683,4.44E-72,Yes,4.44E-72,AT1G52220,"0, 1, 3"
1372,2.45E-76,0.840866793,0.361,0.264,5.04E-72,Yes,5.04E-72,AT5G20350,"6, 8, 9, 11, 12, 13, 18"
1373,2.46E-76,0.494856387,0.647,0.596,5.06E-72,No,5.06E-72,AT5G46020,"9, 11, 12, 13, 18"
1374,2.51E-76,-0.887486177,0.418,0.53,5.15E-72,Yes,5.15E-72,AT1G73920,"0, 2, 3"
1375,2.66E-76,1.169983299,0.309,0.214,5.46E-72,Yes,5.46E-72,AT4G11240,"8, 9, 11, 12, 13, 17, 18"
1376,3.74E-76,0.378403224,0.388,0.261,7.69E-72,No,7.69E-72,AT5G39050,"0, 6, 10, 12"
1377,3.80E-76,0.648070608,0.483,0.401,7.81E-72,Yes,7.81E-72,AT4G26840,"8, 9, 11, 12, 13, 15"
1378,4.70E-76,-0.797122291,0.164,0.271,9.65E-72,Yes,9.65E-72,AT1G22190,"4, 5, 17, 18"
1379,6.75E-76,0.771186343,0.282,0.178,1.39E-71,Yes,1.39E-71,AT3G10500,"0, 9, 10, 17"
1380,7.27E-76,0.937144908,0.296,0.199,1.49E-71,Yes,1.49E-71,AT5G23590,"8, 9, 11, 12, 13, 15"
1381,1.17E-75,0.667925,0.539,0.469,2.41E-71,Yes,2.41E-71,AT3G20060,"9, 10, 11, 12, 13"
1382,1.48E-75,-0.451493594,0.611,0.677,3.05E-71,No,3.05E-71,AT5G54600,"1, 4, 5, 11"
1383,1.70E-75,0.924480107,0.421,0.335,3.49E-71,Yes,3.49E-71,AT5G64180,"8, 9, 11, 12, 13, 18"
1384,2.05E-75,1.156189027,0.26,0.167,4.21E-71,Yes,4.21E-71,AT1G45050,"9, 10, 11, 12, 13"
1385,4.85E-75,0.402128291,0.547,0.42,9.95E-71,No,9.95E-71,AT5G24660,"0, 2, 6, 7, 10, 12, 17"
1386,5.26E-75,-0.791749721,0.243,0.357,1.08E-70,Yes,1.08E-70,AT5G21430,"1, 3, 4, 5"
1387,5.73E-75,-0.85426752,0.156,0.261,1.18E-70,Yes,1.18E-70,AT2G43120,"0, 2, 7, 17, 18"
1388,6.22E-75,0.980390151,0.299,0.202,1.28E-70,Yes,1.28E-70,AT2G43790,"6, 8, 9, 10, 13, 15, 18"
1389,7.80E-75,1.020861609,0.315,0.219,1.60E-70,Yes,1.60E-70,AT1G68310,"6, 9, 10, 12, 13"
1390,8.04E-75,1.186662929,0.277,0.185,1.65E-70,Yes,1.65E-70,AT3G05250,"9, 11, 12, 13"
1391,8.41E-75,-0.642656458,0.278,0.397,1.73E-70,Yes,1.73E-70,AT1G44920,"1, 3, 4, 5, 11"
1392,8.65E-75,0.824602286,0.343,0.247,1.78E-70,Yes,1.78E-70,AT5G40650,"7, 9, 10, 11, 12, 13, 15"
1393,1.17E-74,1.022379486,0.331,0.236,2.41E-70,Yes,2.41E-70,AT2G29530,"7, 9, 10, 11, 12, 13"
1394,1.31E-74,0.832968565,0.327,0.226,2.70E-70,Yes,2.70E-70,AT1G77770,"0, 6, 9, 10, 12"
1395,1.32E-74,0.754906018,0.529,0.456,2.72E-70,Yes,2.72E-70,AT5G67590,"8, 9, 10, 11, 12, 13"
1396,1.84E-74,-0.654671848,0.506,0.62,3.78E-70,Yes,3.78E-70,AT2G44490,"0, 2, 3, 10, 14"
1397,2.06E-74,0.59961202,0.47,0.376,4.22E-70,Yes,4.22E-70,AT1G02170,"0, 6, 9, 10, 12, 13"
1398,3.34E-74,0.623477267,0.596,0.53,6.86E-70,Yes,6.86E-70,AT3G48000,"1, 6, 9, 10, 11, 12, 13"
1399,3.67E-74,1.076805133,0.271,0.177,7.53E-70,Yes,7.53E-70,AT1G61150,"9, 11, 12, 13"
1400,3.73E-74,0.950666578,0.376,0.285,7.66E-70,Yes,7.66E-70,AT2G04630,"8, 9, 11, 12, 13"
1401,3.80E-74,-0.544848406,0.255,0.376,7.81E-70,Yes,7.81E-70,AT1G22630,"1, 4, 5, 8, 11"
1402,4.50E-74,-0.48383228,0.517,0.613,9.24E-70,No,9.24E-70,AT3G47650,"1, 4, 5"
1403,4.97E-74,0.767350984,0.389,0.293,1.02E-69,Yes,1.02E-69,AT5G54310,"6, 8, 9, 10, 13"
1404,6.51E-74,1.072477044,0.281,0.184,1.34E-69,Yes,1.34E-69,AT2G26230,"7, 9, 10, 11, 12, 13, 17"
1405,6.73E-74,0.936333498,0.347,0.25,1.38E-69,Yes,1.38E-69,AT1G33980,"6, 8, 9, 10, 12, 13, 17"
1406,7.70E-74,0.882590224,0.384,0.293,1.58E-69,Yes,1.58E-69,AT2G20420,"8, 9, 10, 13, 18"
1407,9.88E-74,0.600695741,0.426,0.319,2.03E-69,Yes,2.03E-69,AT4G17530,"0, 9, 10, 18"
1408,1.14E-73,-0.827938014,0.534,0.63,2.33E-69,Yes,2.33E-69,AT4G30210,"0, 2, 3, 6, 14"
1409,1.21E-73,0.635703696,0.358,0.251,2.49E-69,Yes,2.49E-69,AT3G57550,"0, 3, 6, 9, 10"
1410,1.54E-73,0.718004093,0.438,0.354,3.17E-69,Yes,3.17E-69,AT4G25550,"8, 9, 10, 11, 12, 13"
1411,1.59E-73,-0.473447638,0.719,0.794,3.26E-69,No,3.26E-69,AT4G16500,"2, 3, 6, 7, 14, 16"
1412,2.10E-73,0.845524874,0.443,0.366,4.31E-69,Yes,4.31E-69,AT1G71080,"8, 9, 11, 12, 13, 18"
1413,2.26E-73,-0.644173884,0.299,0.416,4.64E-69,Yes,4.64E-69,AT3G48420,"1, 4, 5"
1414,2.47E-73,-0.874935716,0.311,0.427,5.08E-69,Yes,5.08E-69,AT2G28305,"0, 2, 3, 16"
1415,2.56E-73,0.780310473,0.492,0.417,5.27E-69,Yes,5.27E-69,AT1G58235,"8, 10, 11, 12, 13, 18"
1416,3.23E-73,0.600952632,0.667,0.602,6.63E-69,Yes,6.63E-69,AT1G15930,"4, 5, 8, 9, 10, 11, 13"
1417,3.58E-73,0.972005124,0.374,0.283,7.35E-69,Yes,7.35E-69,AT2G30270,"8, 9, 10, 11, 12, 13"
1418,4.09E-73,0.764712282,0.453,0.37,8.40E-69,Yes,8.40E-69,AT1G61780,"8, 9, 10, 11, 12, 13, 18"
1419,4.29E-73,0.778394615,0.475,0.402,8.81E-69,Yes,8.81E-69,AT3G09740,"8, 9, 11, 12, 13, 17, 18"
1420,7.51E-73,0.559861627,0.508,0.429,1.54E-68,Yes,1.54E-68,AT3G07680,"6, 9, 10, 13, 14"
1421,9.59E-73,-0.568625038,0.317,0.435,1.97E-68,Yes,1.97E-68,AT3G20230,"1, 4, 5, 11"
1422,1.09E-72,1.121520366,0.267,0.174,2.24E-68,Yes,2.24E-68,AT3G07370,"9, 10, 12, 13"
1423,1.27E-72,1.122428189,0.328,0.234,2.61E-68,Yes,2.61E-68,AT3G51010,"8, 9, 10, 11, 12, 13"
1424,1.66E-72,-0.634700347,0.228,0.344,3.42E-68,Yes,3.42E-68,AT5G64620,"3, 4, 6, 16, 17"
1425,2.14E-72,-0.626957431,0.405,0.523,4.39E-68,Yes,4.39E-68,AT5G42270,"0, 2, 3, 14"
1426,3.01E-72,0.31770936,0.768,0.674,6.19E-68,No,6.19E-68,AT1G37130,"0, 2, 10, 12"
1427,3.02E-72,0.639911423,0.546,0.482,6.21E-68,Yes,6.21E-68,AT5G46030,"8, 9, 10, 11, 12, 13, 18"
1428,3.35E-72,0.926044431,0.349,0.257,6.88E-68,Yes,6.88E-68,AT2G01140,"8, 9, 10, 11, 12, 13"
1429,3.36E-72,0.643309596,0.385,0.286,6.91E-68,Yes,6.91E-68,AT5G08300,"0, 6, 9, 10, 13"
1430,3.67E-72,0.508012354,0.659,0.601,7.55E-68,Yes,7.55E-68,AT1G56070,"8, 9, 10, 13, 16, 18"
1431,4.25E-72,0.532666197,0.469,0.373,8.74E-68,Yes,8.74E-68,AT2G43160,"0, 3, 6, 9, 10"
1432,5.43E-72,0.772660404,0.372,0.274,1.12E-67,Yes,1.12E-67,AT4G02570,"0, 6, 9, 10, 12, 13, 17, 18"
1433,5.99E-72,-0.603409984,0.535,0.61,1.23E-67,Yes,1.23E-67,AT1G32928,"2, 4, 5, 7, 16, 17"
1434,8.83E-72,-0.779340411,0.168,0.272,1.81E-67,Yes,1.81E-67,AT5G05220,"2, 5, 7, 16, 17, 18"
1435,9.29E-72,1.000705039,0.27,0.177,1.91E-67,Yes,1.91E-67,AT1G09140,"9, 10, 12, 16, 17"
1436,9.35E-72,-0.524753406,0.29,0.422,1.92E-67,Yes,1.92E-67,AT4G33980,"0, 2, 3, 7, 16, 17"
1437,9.43E-72,1.084123645,0.256,0.163,1.94E-67,Yes,1.94E-67,AT3G08590,"7, 9, 11, 12, 13, 17"
1438,9.95E-72,-0.502222986,0.454,0.563,2.04E-67,Yes,2.04E-67,AT1G34000,"1, 4, 5, 11"
1439,1.07E-71,-0.475543512,0.614,0.659,2.19E-67,No,2.19E-67,AT4G40040,"1, 2, 5, 18"
1440,1.11E-71,1.045367274,0.422,0.329,2.27E-67,Yes,2.27E-67,AT4G27657,"4, 8, 11, 12, 13, 16, 17"
1441,1.60E-71,-0.726012612,0.269,0.379,3.29E-67,Yes,3.29E-67,AT1G74520,"1, 3, 4, 5, 14"
1442,1.74E-71,0.92355632,0.255,0.158,3.56E-67,Yes,3.56E-67,AT2G34600,"4, 9, 11, 12, 13, 16, 17"
1443,1.79E-71,-0.444039848,0.457,0.565,3.67E-67,No,3.67E-67,AT2G05310,"0, 1, 2, 4, 5, 8, 11"
1444,1.83E-71,-0.864322043,0.168,0.273,3.76E-67,Yes,3.76E-67,AT1G12230,"4, 5, 7"
1445,2.20E-71,-0.65315763,0.233,0.347,4.51E-67,Yes,4.51E-67,AT4G24930,"1, 4, 5, 14"
1446,2.66E-71,-0.61952353,0.4,0.524,5.46E-67,Yes,5.46E-67,AT1G05340,"0, 2, 3, 7, 15, 16"
1447,3.08E-71,1.118982487,0.251,0.159,6.32E-67,Yes,6.32E-67,AT1G50370,"9, 10, 11, 12, 13, 17"
1448,3.52E-71,-0.778116144,0.16,0.262,7.24E-67,Yes,7.24E-67,AT3G15520,"4, 5"
1449,4.05E-71,-0.586264004,0.429,0.545,8.31E-67,Yes,8.31E-67,AT3G61190,"2, 3, 7, 9, 17"
1450,4.05E-71,0.713953972,0.454,0.368,8.32E-67,Yes,8.32E-67,AT2G45140,"0, 8, 9, 10, 11, 12, 13"
1451,4.86E-71,1.269195307,0.317,0.226,9.99E-67,Yes,9.99E-67,AT1G05010,"6, 8, 9, 10, 13, 17"
1452,5.58E-71,-0.398133205,0.865,0.868,1.15E-66,No,1.15E-66,ATCG00570,"1, 3, 4, 6, 14"
1453,8.63E-71,0.808988383,0.421,0.337,1.77E-66,Yes,1.77E-66,AT3G52560,"9, 10, 11, 12, 13, 18"
1454,8.86E-71,0.890347826,0.365,0.271,1.82E-66,Yes,1.82E-66,AT5G20000,"9, 10, 13"
1455,9.36E-71,-0.251096597,0.703,0.795,1.92E-66,No,1.92E-66,AT2G41100,"4, 7, 9, 13"
1456,1.15E-70,1.066977433,0.252,0.161,2.36E-66,Yes,2.36E-66,AT1G62820,"9, 10, 11, 13"
1457,1.29E-70,-0.697895292,0.548,0.641,2.64E-66,Yes,2.64E-66,AT4G21570,"0, 2, 6"
1458,1.39E-70,-0.557146119,0.542,0.635,2.86E-66,Yes,2.86E-66,AT2G38470,"0, 2, 3, 7"
1459,1.76E-70,-0.816378043,0.186,0.293,3.62E-66,Yes,3.62E-66,AT5G66675,"3, 4, 5"
1460,1.93E-70,0.380828953,0.707,0.666,3.96E-66,No,3.96E-66,AT2G28910,"9, 12, 13, 18"
1461,2.23E-70,-0.550602377,0.328,0.447,4.58E-66,Yes,4.58E-66,AT1G55675,"1, 5, 7, 18"
1462,2.34E-70,0.352488241,0.727,0.664,4.80E-66,No,4.80E-66,AT1G56200,"7, 11, 12, 13, 18"
1463,2.61E-70,1.358118846,0.303,0.218,5.35E-66,Yes,5.35E-66,AT4G36780,"11, 12, 13"
1464,2.92E-70,1.012780204,0.296,0.202,6.01E-66,Yes,6.01E-66,AT2G25970,"6, 8, 9, 10, 13, 18"
1465,3.60E-70,1.02958038,0.299,0.207,7.39E-66,Yes,7.39E-66,AT5G09310,"8, 9, 10, 11, 12, 13, 15"
1466,4.36E-70,0.767286642,0.404,0.314,8.96E-66,Yes,8.96E-66,AT2G19480,"6, 8, 9, 11, 13, 18"
1467,4.75E-70,-0.555088127,0.697,0.797,9.76E-66,Yes,9.76E-66,AT3G07390,"0, 3, 6, 7, 14"
1468,5.50E-70,0.869421535,0.391,0.3,1.13E-65,Yes,1.13E-65,AT3G62190,"8, 9, 10, 11, 12, 13"
1469,8.49E-70,-0.596048654,0.27,0.384,1.74E-65,Yes,1.74E-65,AT5G01920,"1, 4, 5, 11"
1470,8.54E-70,0.481766698,0.633,0.551,1.75E-65,No,1.75E-65,AT5G21020,"6, 7, 9, 16, 18"
1471,9.49E-70,-0.610115649,0.179,0.287,1.95E-65,Yes,1.95E-65,AT4G29840,"4, 7, 16, 18"
1472,9.63E-70,0.729816234,0.459,0.377,1.98E-65,Yes,1.98E-65,AT2G27020,"7, 8, 9, 11, 13, 18"
1473,1.14E-69,0.948118854,0.379,0.293,2.35E-65,Yes,2.35E-65,AT2G45380,"8, 9, 11, 12, 13, 17, 18"
1474,1.70E-69,0.777971373,0.513,0.444,3.50E-65,Yes,3.50E-65,AT2G36895,"11, 12, 13"
1475,1.81E-69,1.188020348,0.28,0.189,3.71E-65,Yes,3.71E-65,AT1G28580,"6, 7, 11, 12, 13, 16, 18"
1476,2.09E-69,-0.548713855,0.426,0.543,4.29E-65,Yes,4.29E-65,AT4G39730,"3, 6, 7, 14"
1477,2.13E-69,0.545405408,0.59,0.527,4.37E-65,Yes,4.37E-65,AT3G10860,"7, 9, 10, 11, 13, 15"
1478,2.61E-69,1.026093957,0.664,0.618,5.36E-65,Yes,5.36E-65,AT3G53420,"8, 11, 12, 18"
1479,3.11E-69,0.757571186,0.438,0.355,6.40E-65,Yes,6.40E-65,AT3G19760,"6, 7, 9, 10, 11, 13, 16, 18"
1480,3.17E-69,1.070032359,0.264,0.174,6.50E-65,Yes,6.50E-65,AT3G27240,"7, 9, 10, 11, 13, 15"
1481,5.26E-69,-0.339973193,0.726,0.773,1.08E-64,No,1.08E-64,AT5G19940,"1, 4, 5, 8, 11"
1482,5.73E-69,0.831427045,0.394,0.297,1.18E-64,Yes,1.18E-64,AT1G06640,"4, 11, 12, 13, 18"
1483,6.38E-69,-0.495808423,0.179,0.29,1.31E-64,No,1.31E-64,AT5G16990,"0, 2, 7, 16"
1484,6.61E-69,-0.521032649,0.264,0.381,1.36E-64,Yes,1.36E-64,AT1G56045,"4, 5, 7, 9, 18"
1485,6.79E-69,0.668272183,0.513,0.441,1.39E-64,Yes,1.39E-64,AT3G12260,"7, 8, 9, 10, 11, 12, 13"
1486,1.12E-68,1.022651065,0.282,0.191,2.30E-64,Yes,2.30E-64,AT4G10970,"9, 11, 12, 13, 17"
1487,1.34E-68,0.657853063,0.523,0.459,2.76E-64,Yes,2.76E-64,AT5G54680,"8, 9, 11, 12, 13, 15, 18"
1488,1.47E-68,-0.797940412,0.172,0.276,3.01E-64,Yes,3.01E-64,AT1G72160,1
1489,2.41E-68,0.808472635,0.395,0.302,4.96E-64,Yes,4.96E-64,AT1G32700,"7, 8, 9, 11, 16, 17, 18"
1490,2.75E-68,0.406010293,0.723,0.671,5.66E-64,No,5.66E-64,AT4G21860,"1, 8, 11, 12, 13"
1491,2.84E-68,-0.615169752,0.28,0.391,5.83E-64,Yes,5.83E-64,AT5G19770,"1, 4, 5"
1492,2.86E-68,0.437365938,0.7,0.652,5.87E-64,No,5.87E-64,AT1G75630,"1, 9, 10, 11, 12, 13"
1493,3.68E-68,0.946103514,0.345,0.256,7.57E-64,Yes,7.57E-64,AT4G00330,"0, 9, 10, 12, 13"
1494,4.74E-68,0.641514679,0.551,0.483,9.73E-64,Yes,9.73E-64,AT4G29735,"8, 9, 10, 11, 12, 13, 18"
1495,5.11E-68,0.728672601,0.408,0.32,1.05E-63,Yes,1.05E-63,AT5G67500,"8, 9, 10, 11, 12, 13"
1496,5.96E-68,1.037794206,0.273,0.182,1.23E-63,Yes,1.23E-63,AT5G62740,"9, 10, 13"
1497,6.65E-68,-0.576345973,0.307,0.418,1.37E-63,Yes,1.37E-63,AT2G33370,"1, 2, 4, 5"
1498,7.59E-68,0.838389448,0.393,0.313,1.56E-63,Yes,1.56E-63,AT2G41530,"8, 9, 10, 11, 12, 13, 18"
1499,7.68E-68,0.679455114,0.291,0.193,1.58E-63,Yes,1.58E-63,AT3G03490,"0, 8, 9, 10, 11, 12, 13"
1500,8.81E-68,0.964139783,0.312,0.22,1.81E-63,Yes,1.81E-63,AT3G49100,"8, 9, 10, 11, 12, 13"
1501,1.21E-67,0.74228404,0.312,0.212,2.49E-63,Yes,2.49E-63,AT1G76980,"0, 2, 6, 9, 10, 12, 17"
1502,1.90E-67,0.732379344,0.452,0.374,3.90E-63,Yes,3.90E-63,AT1G78870,"8, 9, 10, 11, 13"
1503,2.30E-67,0.821520864,0.25,0.157,4.73E-63,Yes,4.73E-63,AT5G22350,"0, 9, 10, 12, 13"
1504,2.33E-67,0.764058376,0.442,0.362,4.79E-63,Yes,4.79E-63,AT5G08690,"7, 8, 9, 11, 13"
1505,2.48E-67,0.757926211,0.487,0.414,5.10E-63,Yes,5.10E-63,AT4G00585,"8, 9, 11, 12, 13, 18"
1506,2.96E-67,0.989658258,0.309,0.221,6.08E-63,Yes,6.08E-63,AT4G17510,"8, 9, 11, 12, 13, 18"
1507,3.74E-67,-0.304782323,0.929,0.922,7.68E-63,No,7.68E-63,ATCG00220,"1, 3, 6, 14"
1508,3.82E-67,0.641017346,0.481,0.401,7.86E-63,Yes,7.86E-63,AT1G09430,"7, 8, 9, 11, 12, 13, 18"
1509,4.07E-67,0.330201406,0.783,0.734,8.35E-63,No,8.35E-63,ATCG01040,"3, 6, 8, 11, 13, 14, 15"
1510,4.21E-67,0.807193004,0.291,0.197,8.65E-63,Yes,8.65E-63,AT1G70160,"3, 6, 9, 10, 14"
1511,5.65E-67,-0.694938185,0.159,0.259,1.16E-62,Yes,1.16E-62,AT5G57850,"2, 4, 5"
1512,7.74E-67,0.661957991,0.501,0.431,1.59E-62,Yes,1.59E-62,AT2G17390,"8, 9, 10, 11, 12, 13"
1513,7.78E-67,-0.597969449,0.286,0.402,1.60E-62,Yes,1.60E-62,AT5G43830,"2, 7, 16, 18"
1514,9.47E-67,0.918642808,0.309,0.217,1.95E-62,Yes,1.95E-62,AT3G03870,"7, 8, 9, 11, 12, 13, 18"
1515,1.26E-66,0.349241176,0.765,0.723,2.59E-62,No,2.59E-62,ATCG01050,"3, 6, 11, 13"
1516,1.42E-66,-0.576419882,0.411,0.525,2.93E-62,Yes,2.93E-62,AT1G71520,"0, 2, 3, 10"
1517,1.50E-66,0.865987801,0.29,0.196,3.08E-62,Yes,3.08E-62,SK 11,"0, 6, 8, 9, 10, 13, 18"
1518,2.83E-66,-0.314994366,0.93,0.931,5.81E-62,No,5.81E-62,AT3G09390,"1, 3, 7, 15, 18"
1519,2.99E-66,0.713064492,0.366,0.266,6.15E-62,Yes,6.15E-62,GSR 1,"0, 6, 9, 10, 13, 15"
1520,3.31E-66,0.927550153,0.305,0.213,6.79E-62,Yes,6.79E-62,AT1G55530,"6, 9, 10, 12, 16, 17, 18"
1521,3.42E-66,-0.746929353,0.159,0.257,7.04E-62,Yes,7.04E-62,AT5G47640,"4, 5, 15, 16, 17, 18"
1522,3.66E-66,0.883509245,0.376,0.292,7.52E-62,Yes,7.52E-62,AT3G53500,"7, 8, 9, 11, 12, 13, 17, 18"
1523,4.07E-66,-0.679972482,0.379,0.493,8.37E-62,Yes,8.37E-62,AT1G66090,"0, 2, 3, 9, 10, 14, 17"
1524,4.32E-66,0.736123537,0.479,0.404,8.86E-62,Yes,8.86E-62,AT4G29480,"8, 9, 10, 11, 12, 13"
1525,5.77E-66,0.41704006,0.379,0.265,1.18E-61,No,1.18E-61,AT3G25610,"0, 6, 10, 14"
1526,8.68E-66,0.532476788,0.592,0.515,1.78E-61,Yes,1.78E-61,AT5G52650,"4, 5, 7, 9, 11, 13"
1527,9.51E-66,0.765305895,0.424,0.345,1.95E-61,Yes,1.95E-61,AT1G03900,"9, 10, 12, 13, 18"
1528,1.24E-65,0.686048684,0.493,0.425,2.55E-61,Yes,2.55E-61,AT3G47810,"9, 10, 11, 12, 13"
1529,1.35E-65,0.882040315,0.397,0.313,2.77E-61,Yes,2.77E-61,AT1G23860,"8, 9, 10, 11, 12, 13"
1530,1.38E-65,-0.560682053,0.258,0.371,2.84E-61,Yes,2.84E-61,AT1G20810,"1, 2, 4, 5"
1531,1.41E-65,0.990377461,0.257,0.165,2.89E-61,Yes,2.89E-61,AT5G59220,"9, 10, 12, 18"
1532,1.66E-65,1.081516165,0.264,0.176,3.41E-61,Yes,3.41E-61,AT4G16890,"9, 10, 12, 13, 17"
1533,1.74E-65,-0.742390277,0.165,0.261,3.58E-61,Yes,3.58E-61,AT3G02570,"4, 5, 17"
1534,2.01E-65,-0.62065187,0.235,0.345,4.13E-61,Yes,4.13E-61,AT3G55250,"1, 4, 5"
1535,2.10E-65,-0.511838638,0.477,0.568,4.31E-61,Yes,4.31E-61,AT1G70760,"1, 2, 4, 5, 11"
1536,2.21E-65,-0.838299612,0.323,0.433,4.54E-61,Yes,4.54E-61,AT5G54300,"0, 2, 3, 6"
1537,2.35E-65,-0.625884699,0.251,0.361,4.82E-61,Yes,4.82E-61,AT3G52960,"1, 3, 4, 5"
1538,2.56E-65,-0.745362996,0.18,0.282,5.25E-61,Yes,5.25E-61,AT5G32450,"2, 4, 5"
1539,2.60E-65,0.553595094,0.564,0.505,5.35E-61,Yes,5.35E-61,AT4G02620,"9, 10, 11, 12, 13, 18"
1540,2.81E-65,-0.377700704,0.355,0.486,5.77E-61,No,5.77E-61,AT3G15450,"1, 4, 7, 11, 16, 18"
1541,3.39E-65,-1.395810228,0.172,0.265,6.96E-61,Yes,6.96E-61,AT4G25810,"7, 14, 17"
1542,3.52E-65,0.709790734,0.378,0.294,7.23E-61,Yes,7.23E-61,AT3G10260,"3, 6, 11, 12, 13"
1543,4.05E-65,-0.650831733,0.182,0.284,8.33E-61,Yes,8.33E-61,AT3G46630,"1, 4, 5"
1544,5.44E-65,0.765107852,0.33,0.241,1.12E-60,Yes,1.12E-60,AT2G42780,"8, 9, 11, 12, 13, 18"
1545,6.17E-65,0.840662946,0.377,0.293,1.27E-60,Yes,1.27E-60,AT2G43640,"9, 10, 12, 13"
1546,6.51E-65,0.67786301,0.442,0.363,1.34E-60,Yes,1.34E-60,AT1G10500,"8, 9, 10, 11, 12, 13"
1547,6.58E-65,1.099404062,0.311,0.227,1.35E-60,Yes,1.35E-60,AT1G28960,"6, 8, 11, 12, 13, 18"
1548,6.59E-65,0.591756715,0.571,0.503,1.35E-60,Yes,1.35E-60,AT3G23400,"8, 9, 10, 11, 13"
1549,7.12E-65,0.97761828,0.351,0.268,1.46E-60,Yes,1.46E-60,AT3G06610,"8, 9, 11, 12, 13"
1550,7.23E-65,0.670084209,0.268,0.173,1.49E-60,Yes,1.49E-60,AT2G40095,"9, 10, 17"
1551,1.00E-64,-0.473800185,0.348,0.466,2.05E-60,No,2.05E-60,AT1G76100,"1, 4, 5, 8, 11"
1552,1.41E-64,0.751442349,0.341,0.247,2.89E-60,Yes,2.89E-60,AT5G43780,"6, 8, 9, 10, 12, 13"
1553,1.41E-64,-0.576324006,0.29,0.398,2.90E-60,Yes,2.90E-60,AT2G34590,"1, 4, 5, 7, 18"
1554,1.68E-64,0.841663552,0.296,0.201,3.46E-60,Yes,3.46E-60,AT2G27510,"2, 7, 9, 10, 11, 12, 13, 16, 18"
1555,2.18E-64,-0.519804347,0.344,0.463,4.47E-60,Yes,4.47E-60,AT2G21250,"1, 4, 5, 7, 15, 18"
1556,2.38E-64,0.596530424,0.403,0.313,4.88E-60,Yes,4.88E-60,AT3G08650,"3, 6, 8, 9, 13, 14, 18"
1557,2.47E-64,0.789627541,0.527,0.454,5.07E-60,Yes,5.07E-60,AT1G72930,"7, 9, 11, 13, 17"
1558,2.69E-64,1.186039247,0.438,0.367,5.53E-60,Yes,5.53E-60,AT1G52720,"8, 11, 13"
1559,2.97E-64,0.449832274,0.614,0.541,6.11E-60,No,6.11E-60,AT3G20510,"9, 10, 14, 18"
1560,3.02E-64,0.575878871,0.474,0.385,6.20E-60,Yes,6.20E-60,AT5G47070,"0, 6, 9, 10, 12, 16, 17"
1561,3.09E-64,-0.724769464,0.171,0.273,6.35E-60,Yes,6.35E-60,AT2G47590,"2, 4, 5"
1562,4.04E-64,0.645531225,0.401,0.309,8.31E-60,Yes,8.31E-60,AT5G25540,"0, 6, 9, 10, 16"
1563,4.88E-64,0.56596261,0.351,0.256,1.00E-59,Yes,1.00E-59,AT5G19000,"0, 6, 9, 10, 12"
1564,4.91E-64,-0.73107461,0.169,0.268,1.01E-59,Yes,1.01E-59,AT3G04910,"1, 4, 5, 11"
1565,6.20E-64,-0.758019243,0.156,0.254,1.27E-59,Yes,1.27E-59,AT2G31800,"2, 7"
1566,7.75E-64,0.506099256,0.686,0.635,1.59E-59,Yes,1.59E-59,AT3G52930,"0, 9, 10, 17"
1567,7.92E-64,-0.667668755,0.243,0.354,1.63E-59,Yes,1.63E-59,AT1G74380,"0, 3, 6, 14"
1568,9.42E-64,0.751838158,0.308,0.212,1.94E-59,Yes,1.94E-59,AT5G51830,"0, 7, 9, 10, 12, 16"
1569,9.69E-64,0.5561326,0.558,0.496,1.99E-59,Yes,1.99E-59,AT4G19640,"0, 9, 10, 12, 16, 18"
1570,1.05E-63,0.930246539,0.349,0.264,2.15E-59,Yes,2.15E-59,AT5G51510,"6, 8, 9, 10, 11, 12, 13"
1571,1.75E-63,0.461580848,0.688,0.629,3.59E-59,No,3.59E-59,AT5G47930,"5, 9, 10, 13"
1572,1.84E-63,0.754990497,0.438,0.364,3.79E-59,Yes,3.79E-59,AT1G48160,"9, 10, 11, 12, 13, 18"
1573,1.98E-63,-0.36741668,0.759,0.779,4.06E-59,No,4.06E-59,AT3G12780,"1, 4, 5, 11"
1574,2.05E-63,0.275805869,0.913,0.866,4.21E-59,No,4.21E-59,AT5G20010,"0, 2, 7, 9, 10, 12, 16"
1575,2.05E-63,0.617545326,0.326,0.226,4.22E-59,Yes,4.22E-59,AT3G63010,"0, 2, 6, 9, 10, 12"
1576,2.20E-63,0.957855536,0.323,0.236,4.51E-59,Yes,4.51E-59,AT2G31865,"6, 9, 10, 13, 17"
1577,2.35E-63,0.943284173,0.408,0.33,4.82E-59,Yes,4.82E-59,AT5G14800,"5, 8, 9, 11, 12, 13, 15"
1578,3.15E-63,-0.652405239,0.166,0.267,6.47E-59,Yes,6.47E-59,AT5G17350,"2, 7, 9, 16, 17"
1579,3.32E-63,-0.585800203,0.52,0.601,6.82E-59,Yes,6.82E-59,AT5G48655,"0, 2, 3, 5, 7"
1580,3.49E-63,0.527555393,0.596,0.54,7.16E-59,Yes,7.16E-59,AT5G47570,"9, 10, 11, 13, 18"
1581,3.67E-63,-0.671591668,0.181,0.284,7.54E-59,Yes,7.54E-59,AT5G36170,"1, 4, 5"
1582,3.69E-63,0.865934703,0.334,0.247,7.59E-59,Yes,7.59E-59,AT5G67030,"6, 11, 12, 13"
1583,4.21E-63,0.500555168,0.638,0.576,8.64E-59,Yes,8.64E-59,AT3G22370,"0, 2, 9, 10, 12, 17"
1584,4.71E-63,0.703089718,0.471,0.402,9.68E-59,Yes,9.68E-59,AT1G01050,"8, 10, 11, 12, 13"
1585,7.79E-63,-0.583372452,0.201,0.305,1.60E-58,Yes,1.60E-58,AT5G39530,"1, 4, 5, 11"
1586,8.96E-63,1.161272643,0.315,0.237,1.84E-58,Yes,1.84E-58,AT2G34560,"11, 12, 13"
1587,9.25E-63,0.519919951,0.539,0.473,1.90E-58,Yes,1.90E-58,AT1G26550,"1, 7, 8, 9, 11, 13, 15, 18"
1588,1.12E-62,0.67253839,0.462,0.385,2.30E-58,Yes,2.30E-58,AT2G34690,"8, 9, 12, 13, 15, 17"
1589,1.18E-62,0.654947819,0.349,0.262,2.43E-58,Yes,2.43E-58,AT2G39960,"6, 8, 9, 11, 13, 14"
1590,2.55E-62,-0.601245672,0.421,0.534,5.24E-58,Yes,5.24E-58,AT4G28400,"0, 2, 3, 7, 14, 16"
1591,2.61E-62,-0.747139904,0.157,0.252,5.37E-58,Yes,5.37E-58,AT1G48520,"2, 4, 5"
1592,2.99E-62,-0.662321347,0.369,0.474,6.13E-58,Yes,6.13E-58,AT5G11650,"2, 3, 4, 5, 14, 16"
1593,3.94E-62,-0.867831534,0.182,0.284,8.10E-58,Yes,8.10E-58,AT1G35350,"0, 2"
1594,4.07E-62,0.868215667,0.383,0.299,8.36E-58,Yes,8.36E-58,AT4G29040,"6, 9, 10, 13, 17, 18"
1595,4.44E-62,0.622102979,0.601,0.544,9.11E-58,Yes,9.11E-58,AT1G14450,"0, 8, 9, 10, 11, 12, 13"
1596,4.70E-62,-0.44936138,0.401,0.497,9.66E-58,No,9.66E-58,AT5G47110,"1, 4, 5, 8, 11"
1597,4.79E-62,-0.731352661,0.264,0.376,9.83E-58,Yes,9.83E-58,AT2G31360,"3, 6, 15, 16, 18"
1598,5.96E-62,0.672002866,0.27,0.174,1.22E-57,Yes,1.22E-57,AT1G47510,"0, 9, 10, 12"
1599,6.69E-62,0.603572243,0.579,0.515,1.37E-57,Yes,1.37E-57,AT3G60770,"4, 5, 7, 9, 10, 11, 13, 18"
1600,7.11E-62,1.025626676,0.261,0.176,1.46E-57,Yes,1.46E-57,AT2G02360,"9, 10, 12, 13, 18"
1601,7.75E-62,1.169312953,0.273,0.188,1.59E-57,Yes,1.59E-57,AT3G60130,"10, 12, 13"
1602,8.12E-62,-0.565048193,0.39,0.494,1.67E-57,Yes,1.67E-57,AT5G24590,"2, 4, 5, 7, 15, 16, 17"
1603,1.13E-61,-0.64220538,0.164,0.261,2.32E-57,Yes,2.32E-57,AT1G78915,"2, 4, 5"
1604,1.40E-61,0.595284357,0.554,0.486,2.87E-57,Yes,2.87E-57,AT1G74270,"1, 8, 9, 11, 12, 13, 18"
1605,3.24E-61,-0.689233414,0.199,0.302,6.65E-57,Yes,6.65E-57,AT5G11480,"1, 4, 5"
1606,3.29E-61,-0.442580151,0.566,0.646,6.76E-57,No,6.76E-57,AT1G54780,"1, 4, 5, 11"
1607,3.35E-61,1.097436493,0.38,0.303,6.87E-57,Yes,6.87E-57,AT3G15900,"10, 11, 12, 13"
1608,5.73E-61,-0.481420655,0.645,0.718,1.18E-56,No,1.18E-56,AT5G03030,"0, 2, 7, 10, 17"
1609,6.48E-61,0.872493099,0.372,0.288,1.33E-56,Yes,1.33E-56,AT1G14980,"8, 9, 10, 11, 13, 17, 18"
1610,6.56E-61,-0.508179441,0.257,0.367,1.35E-56,Yes,1.35E-56,AT4G21210,"1, 4, 5"
1611,6.91E-61,0.7765368,0.331,0.24,1.42E-56,Yes,1.42E-56,AT3G55380,"0, 9, 10, 12, 16"
1612,7.37E-61,-0.515118191,0.327,0.436,1.51E-56,Yes,1.51E-56,AT3G56010,"1, 4, 5, 11"
1613,1.13E-60,0.991309553,0.312,0.23,2.33E-56,Yes,2.33E-56,GP ALPHA 1,"7, 8, 9, 11, 13, 18"
1614,1.23E-60,0.984319847,0.324,0.241,2.52E-56,Yes,2.52E-56,AT3G51370,"6, 8, 9, 10, 11, 12, 13, 18"
1615,1.29E-60,-0.608649532,0.257,0.365,2.65E-56,Yes,2.65E-56,AT4G18480,"1, 4, 5"
1616,1.29E-60,-0.350542586,0.752,0.8,2.65E-56,No,2.65E-56,AT5G03630,"0, 2, 10"
1617,1.92E-60,-0.491676626,0.514,0.591,3.94E-56,No,3.94E-56,AT5G59550,"2, 4, 5, 7, 16"
1618,1.97E-60,0.511933173,0.571,0.499,4.05E-56,Yes,4.05E-56,AT5G05370,"0, 2, 9, 10, 12"
1619,2.02E-60,-0.553020734,0.221,0.327,4.15E-56,Yes,4.15E-56,AT5G62690,"4, 5, 7, 11, 18"
1620,2.20E-60,0.831982081,0.38,0.298,4.52E-56,Yes,4.52E-56,AT3G07568,"8, 9, 10, 12, 13"
1621,2.62E-60,1.131152887,0.261,0.178,5.38E-56,Yes,5.38E-56,AT1G47278,"9, 10, 11, 12, 13"
1622,2.64E-60,-0.271836441,0.99,0.992,5.43E-56,No,5.43E-56,AT3G47470,"1, 4, 5, 11"
1623,2.77E-60,0.542268041,0.398,0.308,5.69E-56,Yes,5.69E-56,AT2G21190,"3, 6, 9, 10, 12, 14"
1624,2.93E-60,0.904029665,0.34,0.257,6.02E-56,Yes,6.02E-56,AT3G44880,"10, 11, 12, 13"
1625,3.06E-60,0.987966518,0.318,0.237,6.28E-56,Yes,6.28E-56,AT3G47610,"8, 11, 12, 13"
1626,3.50E-60,0.918726757,0.333,0.252,7.18E-56,Yes,7.18E-56,AT3G57290,"4, 7, 8, 9, 11, 12, 13"
1627,3.85E-60,0.518799897,0.555,0.496,7.91E-56,Yes,7.91E-56,AT4G23650,"7, 8, 9, 13, 16"
1628,4.07E-60,-0.560609382,0.323,0.432,8.36E-56,Yes,8.36E-56,AT1G09795,"1, 4, 5"
1629,4.84E-60,-0.570846904,0.351,0.467,9.93E-56,Yes,9.93E-56,AT4G22780,"0, 2, 3, 9, 14, 17"
1630,6.42E-60,0.874756492,0.357,0.276,1.32E-55,Yes,1.32E-55,AT1G07020,"9, 10, 11, 12, 13"
1631,7.87E-60,-0.649235382,0.182,0.282,1.62E-55,Yes,1.62E-55,AT4G28706,"4, 5"
1632,8.54E-60,-0.806585946,0.269,0.373,1.75E-55,Yes,1.75E-55,AT2G38170,"1, 6, 14"
1633,9.28E-60,1.147288893,0.253,0.171,1.91E-55,Yes,1.91E-55,AT2G44065,"9, 11, 12, 13"
1634,1.02E-59,-0.45616577,0.613,0.712,2.10E-55,No,2.10E-55,AT2G32190,"0, 2, 3, 7, 9, 10, 15, 16"
1635,1.06E-59,-0.617033292,0.182,0.28,2.19E-55,Yes,2.19E-55,AT2G29360,"4, 5"
1636,1.22E-59,0.771516585,0.361,0.279,2.51E-55,Yes,2.51E-55,AT3G08730,"8, 9, 10, 12, 13, 17"
1637,1.42E-59,-0.680011823,0.201,0.303,2.91E-55,Yes,2.91E-55,AT1G03610,"2, 4, 7, 15, 16"
1638,1.52E-59,-0.645392905,0.177,0.274,3.11E-55,Yes,3.11E-55,AT4G01995,"1, 2, 4, 5"
1639,1.60E-59,-1.038929802,0.168,0.264,3.29E-55,Yes,3.29E-55,AT2G20370,NA
1640,1.64E-59,0.865438343,0.478,0.411,3.37E-55,Yes,3.37E-55,AT5G17560,"11, 12, 13"
1641,1.86E-59,-0.604005493,0.212,0.314,3.83E-55,Yes,3.83E-55,AT1G21350,"1, 4, 5, 14"
1642,2.04E-59,-0.675672722,0.195,0.294,4.20E-55,Yes,4.20E-55,AT3G60370,"1, 4, 5"
1643,2.47E-59,-0.745464467,0.17,0.267,5.07E-55,Yes,5.07E-55,AT4G17050,7
1644,2.82E-59,-0.496906799,0.67,0.707,5.80E-55,No,5.80E-55,AT1G25400,"2, 4, 5, 7, 9, 14, 16, 17"
1645,2.94E-59,1.187967418,0.273,0.19,6.03E-55,Yes,6.03E-55,AT3G11410,"9, 10, 11, 12, 16, 17, 18"
1646,3.38E-59,-0.558465326,0.217,0.32,6.94E-55,Yes,6.94E-55,AT2G33510,"4, 5, 7, 9, 17"
1647,3.73E-59,0.888527455,0.326,0.243,7.66E-55,Yes,7.66E-55,AT5G05750,"8, 9, 10, 11, 12, 13"
1648,3.86E-59,-0.42738024,0.284,0.397,7.92E-55,No,7.92E-55,AT1G10360,"2, 4, 5, 7, 12, 17, 18"
1649,4.35E-59,0.631810956,0.374,0.283,8.94E-55,Yes,8.94E-55,AT4G10040,"7, 9, 10, 12, 15, 16, 17, 18"
1650,4.44E-59,-0.349043036,0.793,0.811,9.12E-55,No,9.12E-55,AT4G37930,"0, 1, 5, 8"
1651,4.50E-59,-0.782819627,0.199,0.298,9.25E-55,Yes,9.25E-55,AT3G01690,"1, 4, 5, 7, 18"
1652,4.59E-59,0.4602628,0.714,0.671,9.42E-55,No,9.42E-55,AT1G70490,"0, 9, 10, 16, 17, 18"
1653,6.56E-59,1.137731367,0.252,0.17,1.35E-54,Yes,1.35E-54,AT5G47830,"9, 10, 11, 12, 13, 17, 18"
1654,6.70E-59,1.663943047,0.333,0.263,1.38E-54,Yes,1.38E-54,AT4G33666,"8, 9, 11, 12, 13"
1655,6.73E-59,1.21675666,0.261,0.179,1.38E-54,Yes,1.38E-54,AT3G08760,"9, 10, 12, 13, 17"
1656,7.14E-59,0.540428368,0.53,0.473,1.47E-54,Yes,1.47E-54,AT1G67350,"7, 9, 11, 12, 13, 15"
1657,7.32E-59,0.62946913,0.419,0.339,1.50E-54,Yes,1.50E-54,AT1G11400,"2, 7, 9, 10, 11, 12, 13"
1658,7.59E-59,0.434192164,0.671,0.631,1.56E-54,No,1.56E-54,AT3G23490,"1, 11, 12, 13, 18"
1659,7.65E-59,0.376213678,0.675,0.619,1.57E-54,No,1.57E-54,AT1G50320,"1, 5, 9, 11, 12, 13"
1660,9.66E-59,-0.498908295,0.355,0.455,1.98E-54,No,1.98E-54,AT5G13710,"4, 5, 7, 16"
1661,1.23E-58,0.762168432,0.452,0.379,2.52E-54,Yes,2.52E-54,AT5G11680,"8, 9, 10, 12, 13, 16, 17, 18"
1662,1.23E-58,0.856379904,0.284,0.198,2.52E-54,Yes,2.52E-54,AT1G79380,"9, 10, 12, 13"
1663,1.28E-58,-0.539946895,0.268,0.375,2.64E-54,Yes,2.64E-54,AT4G13640,"1, 4, 5"
1664,1.28E-58,-0.410583044,0.698,0.745,2.64E-54,No,2.64E-54,AT1G23710,"2, 4, 5, 7, 9, 16, 17"
1665,1.35E-58,0.807804727,0.387,0.305,2.77E-54,Yes,2.77E-54,AT1G54270,"7, 9, 10, 13, 16, 18"
1666,1.51E-58,0.994133899,0.286,0.205,3.09E-54,Yes,3.09E-54,AT5G05780,"8, 9, 11, 12, 13"
1667,1.54E-58,-0.679990594,0.674,0.719,3.17E-54,Yes,3.17E-54,AT3G06500,"0, 2"
1668,1.65E-58,0.972013819,0.308,0.227,3.40E-54,Yes,3.40E-54,AT3G11230,"6, 8, 9, 10, 12, 13"
1669,1.88E-58,-0.541644578,0.284,0.387,3.87E-54,Yes,3.87E-54,AT3G56650,"1, 4, 5"
1670,1.90E-58,0.697047371,0.444,0.379,3.90E-54,Yes,3.90E-54,AT5G19990,"8, 9, 10, 11, 12, 13, 18"
1671,2.21E-58,0.797933342,0.356,0.275,4.53E-54,Yes,4.53E-54,AT2G15910,"8, 9, 10, 11, 12, 13"
1672,2.32E-58,0.753375387,0.367,0.283,4.76E-54,Yes,4.76E-54,AT3G02190,"0, 9, 10, 12, 13"
1673,2.41E-58,0.807025895,0.325,0.243,4.95E-54,Yes,4.95E-54,AT1G24350,"0, 6, 9, 10, 12, 13"
1674,2.58E-58,0.603667883,0.517,0.445,5.31E-54,Yes,5.31E-54,AT2G43090,"8, 9, 10, 13"
1675,2.59E-58,0.694995937,0.435,0.361,5.32E-54,Yes,5.32E-54,AT3G46060,"9, 10, 11, 13, 16, 18"
1676,3.81E-58,0.625587058,0.581,0.51,7.83E-54,Yes,7.83E-54,AT4G18730,"4, 5, 8, 9, 10, 11, 12, 13"
1677,3.84E-58,0.843162824,0.345,0.264,7.88E-54,Yes,7.88E-54,AT1G72750,"8, 9, 10, 12, 13, 17"
1678,4.86E-58,1.10888712,0.254,0.174,9.98E-54,Yes,9.98E-54,AT2G41945,"9, 11, 12, 13"
1679,5.25E-58,0.94036408,0.29,0.209,1.08E-53,Yes,1.08E-53,AT5G64840,"11, 12, 13"
1680,6.52E-58,-0.920739414,0.191,0.288,1.34E-53,Yes,1.34E-53,AT5G48530,0
1681,6.85E-58,0.756304405,0.351,0.266,1.41E-53,Yes,1.41E-53,AT1G27000,"6, 7, 8, 9, 10, 11, 13, 18"
1682,7.22E-58,0.698416555,0.467,0.392,1.48E-53,Yes,1.48E-53,AT3G47370,"9, 10, 11, 12, 13"
1683,7.88E-58,0.660864372,0.361,0.279,1.62E-53,Yes,1.62E-53,AT4G22750,"3, 6, 8, 9, 11, 12, 13, 14, 15, 18"
1684,8.03E-58,-0.52594876,0.337,0.453,1.65E-53,Yes,1.65E-53,AT5G59540,"0, 2, 3, 7, 14"
1685,1.05E-57,0.628150685,0.533,0.472,2.15E-53,Yes,2.15E-53,AT5G15320,"7, 9, 10, 12, 13"
1686,1.06E-57,-0.783568526,0.187,0.282,2.17E-53,Yes,2.17E-53,AT5G63770,"0, 7"
1687,1.06E-57,-0.750503206,0.225,0.32,2.17E-53,Yes,2.17E-53,AT5G37770,"1, 4, 15, 16, 17, 18"
1688,1.54E-57,0.703980469,0.351,0.267,3.16E-53,Yes,3.16E-53,AT3G21865,"6, 7, 9, 11, 13, 14, 18"
1689,2.09E-57,-0.587259803,0.377,0.478,4.30E-53,Yes,4.30E-53,AT1G43670,"1, 3, 4, 5"
1690,2.18E-57,-0.456282316,0.503,0.587,4.48E-53,No,4.48E-53,AT4G35450,"1, 4, 5"
1691,2.96E-57,0.268618659,0.85,0.807,6.08E-53,No,6.08E-53,ATCG00280,"3, 6, 8, 10, 14"
1692,3.08E-57,0.890465017,0.298,0.214,6.34E-53,Yes,6.34E-53,AT5G53330,"0, 6, 8, 9, 10, 13"
1693,3.50E-57,0.996689275,0.314,0.231,7.18E-53,Yes,7.18E-53,AT3G03920,"4, 7, 8, 9, 11, 13, 17, 18"
1694,3.82E-57,0.942772154,0.276,0.193,7.84E-53,Yes,7.84E-53,AT3G53670,"6, 7, 9, 11, 12, 13, 18"
1695,4.39E-57,-0.534922188,0.284,0.387,9.02E-53,Yes,9.02E-53,AT3G63190,"1, 2, 4, 5"
1696,4.83E-57,0.835549796,0.323,0.243,9.92E-53,Yes,9.92E-53,AT1G54210,"8, 9, 10, 11, 12, 13, 18"
1697,5.65E-57,-0.689362475,0.165,0.259,1.16E-52,Yes,1.16E-52,AT5G27670,"4, 7, 15, 16, 17, 18"
1698,5.81E-57,-0.48849774,0.418,0.525,1.19E-52,No,1.19E-52,AT5G13100,"0, 2, 3, 5, 7, 17"
1699,7.46E-57,0.595272206,0.534,0.479,1.53E-52,Yes,1.53E-52,AT4G38800,"8, 9, 10, 11, 12, 13"
1700,8.06E-57,0.518283056,0.527,0.451,1.66E-52,Yes,1.66E-52,AT4G23850,"0, 6, 9, 10"
1701,8.35E-57,0.442938359,0.599,0.536,1.72E-52,No,1.72E-52,AT3G48990,"0, 7, 9, 10, 12"
1702,8.46E-57,1.049924567,0.299,0.221,1.74E-52,Yes,1.74E-52,AT1G43710,"8, 11, 12, 13, 18"
1703,8.49E-57,0.770930481,0.414,0.329,1.74E-52,Yes,1.74E-52,AT2G30110,"0, 6, 9, 10, 12"
1704,1.09E-56,0.727182542,0.429,0.356,2.25E-52,Yes,2.25E-52,AT1G29040,"8, 9, 10, 11, 12, 13"
1705,1.68E-56,0.597731777,0.499,0.439,3.46E-52,Yes,3.46E-52,AT3G58500,"8, 9, 11, 13, 18"
1706,1.79E-56,0.650876051,0.451,0.382,3.67E-52,Yes,3.67E-52,AT2G23070,"8, 9, 10, 11, 12, 13"
1707,2.46E-56,-0.49267182,0.788,0.833,5.05E-52,No,5.05E-52,AT2G23810,"3, 6, 7, 9, 14"
1708,2.55E-56,0.506418768,0.466,0.388,5.25E-52,Yes,5.25E-52,AT5G59420,"0, 8, 9, 10, 13, 18"
1709,2.92E-56,0.950191677,0.321,0.239,5.99E-52,Yes,5.99E-52,AT3G13460,"6, 8, 9, 10, 13, 17, 18"
1710,3.45E-56,-1.058811997,0.162,0.25,7.09E-52,Yes,7.09E-52,AT5G67210,"0, 2"
1711,3.87E-56,-0.260714333,0.351,0.467,7.94E-52,No,7.94E-52,AT4G34050,"1, 4, 7, 9, 17"
1712,4.18E-56,0.730431134,0.457,0.386,8.59E-52,Yes,8.59E-52,AT4G17900,"7, 9, 10, 12, 13, 17"
1713,4.21E-56,0.476766686,0.979,0.956,8.66E-52,No,8.66E-52,AT1G29920,"1, 4, 5, 8, 11, 12, 13"
1714,4.24E-56,-0.649914352,0.165,0.258,8.72E-52,Yes,8.72E-52,AT5G11150,"4, 5, 7, 18"
1715,5.63E-56,0.357944325,0.675,0.631,1.16E-51,No,1.16E-51,AT5G48810,"1, 7, 9, 11, 12, 13, 16, 18"
1716,6.41E-56,0.291604599,0.321,0.218,1.32E-51,No,1.32E-51,AT1G74360,"0, 6, 10, 14"
1717,8.10E-56,1.045048423,0.319,0.242,1.66E-51,Yes,1.66E-51,AT2G16070,"8, 9, 11, 12, 13"
1718,1.01E-55,0.921850817,0.32,0.24,2.08E-51,Yes,2.08E-51,AT4G26110,"8, 9, 11, 12, 13"
1719,1.04E-55,0.641410359,0.521,0.46,2.14E-51,Yes,2.14E-51,AT2G42310,"7, 8, 9, 10, 11, 13, 15, 16, 18"
1720,1.30E-55,0.768589875,0.347,0.267,2.67E-51,Yes,2.67E-51,AT3G22320,"7, 9, 11, 12, 13, 15, 18"
1721,1.33E-55,1.032210358,0.308,0.23,2.73E-51,Yes,2.73E-51,AT1G03140,"8, 9, 11, 13, 18"
1722,1.39E-55,-0.324330822,0.983,0.988,2.85E-51,No,2.85E-51,AT2G34420,"1, 4, 5, 8, 11, 13"
1723,1.52E-55,0.97361288,0.299,0.219,3.12E-51,Yes,3.12E-51,AT4G31980,"9, 10, 13, 17"
1724,2.17E-55,0.792444766,0.367,0.291,4.46E-51,Yes,4.46E-51,AT2G26430,"8, 9, 11, 12, 13, 18"
1725,2.35E-55,0.568139028,0.413,0.334,4.82E-51,Yes,4.82E-51,AT4G24520,"6, 8, 9, 13, 14, 18"
1726,2.42E-55,0.644848284,0.348,0.259,4.97E-51,Yes,4.97E-51,AT3G13110,"0, 7, 10, 12, 15, 16, 18"
1727,2.49E-55,-0.658166669,0.16,0.252,5.11E-51,Yes,5.11E-51,AT4G26370,"4, 5"
1728,2.68E-55,-0.620677104,0.261,0.366,5.50E-51,Yes,5.50E-51,AT5G61380,"2, 3, 7, 15, 16"
1729,2.81E-55,0.932558518,0.298,0.218,5.76E-51,Yes,5.76E-51,AT2G38710,"8, 9, 11, 12, 13, 16, 18"
1730,3.03E-55,-0.601655603,0.823,0.874,6.22E-51,Yes,6.22E-51,AT1G59870,"0, 3, 6, 14"
1731,3.73E-55,0.66750732,0.417,0.339,7.67E-51,Yes,7.67E-51,AT1G53750,"0, 9, 10, 13"
1732,4.24E-55,0.60997682,0.446,0.359,8.72E-51,Yes,8.72E-51,AT4G32480,"7, 9, 11, 12, 16, 17, 18"
1733,5.93E-55,0.848351326,0.308,0.226,1.22E-50,Yes,1.22E-50,AT3G51000,"8, 9, 11, 13, 18"
1734,6.49E-55,-0.656381952,0.172,0.264,1.33E-50,Yes,1.33E-50,AT4G24972,"2, 4, 5, 7"
1735,7.89E-55,-0.645850071,0.178,0.271,1.62E-50,Yes,1.62E-50,AT5G65310,"2, 4, 5, 7"
1736,8.84E-55,0.451141639,0.604,0.56,1.82E-50,No,1.82E-50,AT1G16810,"8, 9, 11, 12, 13, 18"
1737,9.89E-55,0.99787474,0.35,0.275,2.03E-50,Yes,2.03E-50,AT3G11450,"6, 8, 9, 11, 13, 18"
1738,1.15E-54,-0.707124663,0.173,0.264,2.35E-50,Yes,2.35E-50,AT5G17230,"4, 5"
1739,1.32E-54,-0.633486393,0.34,0.443,2.71E-50,Yes,2.71E-50,AT3G04630,"0, 2"
1740,1.38E-54,0.899234811,0.277,0.198,2.84E-50,Yes,2.84E-50,AT1G64280,"6, 9, 10, 11, 12, 13"
1741,1.49E-54,0.71882508,0.395,0.321,3.06E-50,Yes,3.06E-50,AT1G61620,"8, 9, 11, 12, 13, 18"
1742,1.74E-54,0.718267065,0.28,0.196,3.56E-50,Yes,3.56E-50,AT1G71100,"6, 9, 10, 15, 16"
1743,1.95E-54,-0.481252309,0.226,0.327,4.00E-50,No,4.00E-50,AT5G03050,"2, 4, 5"
1744,2.09E-54,0.843723685,0.346,0.269,4.30E-50,Yes,4.30E-50,AT2G02050,"9, 10, 11, 12, 13"
1745,2.58E-54,0.783416997,0.363,0.28,5.29E-50,Yes,5.29E-50,AT5G13800,"0, 6, 10, 11, 12, 13"
1746,2.62E-54,0.587522119,0.25,0.167,5.37E-50,Yes,5.37E-50,AT2G46620,"9, 17"
1747,3.88E-54,-0.658318824,0.205,0.302,7.97E-50,Yes,7.97E-50,AT2G47070,"2, 3, 7, 16"
1748,3.88E-54,0.874159988,0.291,0.211,7.98E-50,Yes,7.98E-50,AT5G22950,"8, 9, 10, 11, 12, 13, 18"
1749,4.05E-54,0.517806673,0.331,0.249,8.31E-50,Yes,8.31E-50,AT5G27430,"6, 9, 10, 13, 14, 15"
1750,4.58E-54,0.605208371,0.253,0.167,9.41E-50,Yes,9.41E-50,AT4G13110,"9, 10, 12, 16, 18"
1751,4.82E-54,-0.926720425,0.268,0.361,9.90E-50,Yes,9.90E-50,AT3G16530,"0, 3, 6, 14"
1752,5.01E-54,0.853789221,0.373,0.297,1.03E-49,Yes,1.03E-49,AT1G32310,"8, 9, 10, 11, 12, 13"
1753,7.09E-54,-0.5613517,0.201,0.299,1.46E-49,Yes,1.46E-49,AT1G18170,"1, 2, 4, 5, 11"
1754,7.82E-54,-0.454681674,0.51,0.58,1.61E-49,No,1.61E-49,AT5G40950,"1, 4, 5"
1755,7.95E-54,0.65657677,0.608,0.555,1.63E-49,Yes,1.63E-49,AT2G21330,"1, 4, 5, 8, 11, 13"
1756,8.72E-54,0.814685677,0.303,0.223,1.79E-49,Yes,1.79E-49,AT5G46750,"6, 8, 9, 10, 11, 13"
1757,1.13E-53,0.804448042,0.276,0.197,2.32E-49,Yes,2.32E-49,AT1G20770,"9, 10, 11, 12, 13"
1758,1.21E-53,-0.665733943,0.377,0.48,2.48E-49,Yes,2.48E-49,AT2G20230,"1, 3, 14, 15"
1759,1.40E-53,0.63801746,0.489,0.426,2.87E-49,Yes,2.87E-49,AT5G35590,"8, 9, 11, 13, 16, 17"
1760,1.50E-53,0.836318496,0.343,0.266,3.09E-49,Yes,3.09E-49,AT1G10630,"9, 10, 13"
1761,1.70E-53,0.686871722,0.446,0.375,3.50E-49,Yes,3.50E-49,AT5G38470,"8, 9, 10, 13, 16, 18"
1762,1.73E-53,1.093154097,0.318,0.245,3.54E-49,Yes,3.54E-49,AT4G31310,"11, 12, 13"
1763,2.09E-53,0.874565219,0.297,0.217,4.30E-49,Yes,4.30E-49,AT1G47830,"9, 10, 13, 17, 18"
1764,2.24E-53,0.970314271,0.263,0.186,4.61E-49,Yes,4.61E-49,AT5G66160,"9, 11, 12, 13, 17, 18"
1765,2.43E-53,-0.304280763,0.928,0.938,5.00E-49,No,5.00E-49,AT5G10695,"0, 2, 9, 10, 12, 17"
1766,2.79E-53,-0.718935105,0.186,0.277,5.73E-49,Yes,5.73E-49,AT3G53730,"0, 2, 7, 10, 17"
1767,3.20E-53,-0.405294125,0.475,0.567,6.57E-49,No,6.57E-49,AT1G29390,"1, 4, 5, 11"
1768,3.64E-53,0.591464809,0.496,0.434,7.47E-49,Yes,7.47E-49,AT5G39510,"0, 9, 10, 13, 16, 18"
1769,3.68E-53,-0.544634024,0.235,0.332,7.57E-49,Yes,7.57E-49,AT1G04420,"1, 4, 5, 11"
1770,3.84E-53,-0.500282657,0.333,0.436,7.90E-49,Yes,7.90E-49,AT3G09860,"1, 4, 5, 11"
1771,4.18E-53,-0.471911994,0.35,0.446,8.59E-49,No,8.59E-49,AT4G26555,"1, 4, 5"
1772,5.46E-53,0.521855677,0.592,0.524,1.12E-48,Yes,1.12E-48,AT2G33120,"0, 2, 9, 10, 17"
1773,8.57E-53,0.570070103,0.3,0.213,1.76E-48,Yes,1.76E-48,AT3G48310,"0, 3, 6, 8, 10, 12, 14"
1774,8.78E-53,0.524131681,0.302,0.212,1.80E-48,Yes,1.80E-48,AT3G09010,"0, 6, 9, 10"
1775,8.89E-53,0.680233113,0.299,0.212,1.83E-48,Yes,1.83E-48,AT1G14370,"0, 6, 9, 10, 12"
1776,9.94E-53,0.3609133,0.669,0.584,2.04E-48,No,2.04E-48,AT5G54165,"0, 2, 9, 10, 12, 16, 17"
1777,1.23E-52,-1.072928013,0.208,0.295,2.53E-48,Yes,2.53E-48,AT1G79410,"0, 3, 14"
1778,1.28E-52,0.70502874,0.546,0.494,2.64E-48,Yes,2.64E-48,AT2G15580,"1, 11, 12, 13, 18"
1779,1.44E-52,0.662819882,0.323,0.239,2.96E-48,Yes,2.96E-48,AT2G36580,"0, 6, 9, 10, 17"
1780,1.72E-52,-0.442569401,0.35,0.452,3.53E-48,No,3.53E-48,AT4G09650,"1, 4, 5, 11"
1781,1.79E-52,-0.357236499,0.905,0.907,3.69E-48,No,3.69E-48,AT1G29910,"1, 4, 5, 11"
1782,1.89E-52,-0.504196712,0.279,0.379,3.87E-48,Yes,3.87E-48,PDH-E1 BETA,"1, 4, 5"
1783,2.50E-52,-0.410366801,0.44,0.547,5.14E-48,No,5.14E-48,AT4G37300,"1, 4, 7, 8, 11, 16"
1784,2.90E-52,1.031839923,0.276,0.202,5.96E-48,Yes,5.96E-48,AT4G29960,"6, 9, 11, 12, 13, 18"
1785,2.91E-52,0.599556356,0.321,0.243,5.98E-48,Yes,5.98E-48,AT3G22290,"6, 9, 11, 12, 13, 14, 18"
1786,3.02E-52,0.336775297,0.691,0.646,6.21E-48,No,6.21E-48,AT1G51200,"7, 9, 10, 13, 16, 18"
1787,4.67E-52,0.759176247,0.299,0.218,9.59E-48,Yes,9.59E-48,AT3G49601,"6, 8, 9, 10, 16, 18"
1788,5.25E-52,0.768029648,0.261,0.181,1.08E-47,Yes,1.08E-47,AT5G13070,"9, 10, 12, 13, 18"
1789,5.72E-52,0.732471305,0.26,0.181,1.17E-47,Yes,1.17E-47,AT3G59500,"9, 10, 11, 12, 13"
1790,5.80E-52,0.416652108,0.45,0.375,1.19E-47,No,1.19E-47,AT4G30260,"3, 6, 9, 10, 12, 14, 18"
1791,5.90E-52,-0.659382096,0.18,0.271,1.21E-47,Yes,1.21E-47,AT2G17695,"1, 4, 5, 11"
1792,6.36E-52,-0.584392644,0.402,0.497,1.31E-47,Yes,1.31E-47,AT5G63320,"2, 3, 4, 5, 6, 17"
1793,8.25E-52,-0.621769048,0.238,0.334,1.69E-47,Yes,1.69E-47,AT1G61340,"4, 5, 7, 16, 17, 18"
1794,8.28E-52,0.557092658,0.535,0.48,1.70E-47,Yes,1.70E-47,AT5G20650,"6, 9, 10, 11, 12, 13, 14, 18"
1795,9.10E-52,0.853679196,0.358,0.283,1.87E-47,Yes,1.87E-47,AT1G22450,"7, 8, 9, 11, 13"
1796,9.28E-52,0.565767244,0.532,0.482,1.91E-47,Yes,1.91E-47,AT5G53310,"9, 11, 12, 13"
1797,1.04E-51,0.65542199,0.49,0.425,2.14E-47,Yes,2.14E-47,AT1G11840,"7, 8, 11, 13, 15, 16, 18"
1798,1.52E-51,-0.548808173,0.615,0.67,3.13E-47,Yes,3.13E-47,AT3G50950,"0, 2, 3"
1799,2.64E-51,-0.422997096,0.361,0.466,5.42E-47,No,5.42E-47,AT3G17930,"1, 4, 5, 11"
1800,3.18E-51,-0.684891688,0.197,0.289,6.54E-47,Yes,6.54E-47,AT1G51110,"1, 4, 5"
1801,3.24E-51,0.665885739,0.459,0.397,6.66E-47,Yes,6.66E-47,AT4G14716,"8, 9, 10, 11, 12, 13, 18"
1802,3.67E-51,0.294397049,0.775,0.71,7.54E-47,No,7.54E-47,AT1G30230,"4, 5, 9, 11, 13, 18"
1803,4.03E-51,-0.877110518,0.168,0.251,8.27E-47,Yes,8.27E-47,AT1G06760,"1, 4, 17"
1804,4.28E-51,0.778015903,0.364,0.29,8.79E-47,Yes,8.79E-47,AT2G05840,"8, 9, 10, 11, 13"
1805,4.39E-51,-0.386464489,0.523,0.6,9.02E-47,No,9.02E-47,AT3G63410,"1, 4, 5"
1806,5.63E-51,-0.341890105,0.549,0.638,1.16E-46,No,1.16E-46,AT3G56940,"1, 4, 5, 11"
1807,6.64E-51,-0.522224711,0.306,0.41,1.36E-46,Yes,1.36E-46,AT5G35170,"0, 2, 3"
1808,7.64E-51,0.710659241,0.45,0.38,1.57E-46,Yes,1.57E-46,AT2G05940,"0, 6, 9, 10, 12, 16, 17"
1809,8.13E-51,-0.669822922,0.418,0.517,1.67E-46,Yes,1.67E-46,AT4G00300,"3, 6, 14"
1810,8.76E-51,-0.600093643,0.172,0.262,1.80E-46,Yes,1.80E-46,AT1G08540,"1, 4, 5"
1811,9.16E-51,-0.670544377,0.292,0.392,1.88E-46,Yes,1.88E-46,AT3G20500,"0, 2, 3, 6, 14"
1812,1.08E-50,0.253027395,0.369,0.277,2.22E-46,No,2.22E-46,AT2G41475,"3, 6, 7, 10, 12, 18"
1813,1.10E-50,0.759059689,0.425,0.363,2.26E-46,Yes,2.26E-46,PUR ALPHA-1,"1, 7, 8, 9, 11, 12, 13"
1814,1.13E-50,0.330980177,0.673,0.642,2.33E-46,No,2.33E-46,AT4G17170,"9, 10, 12, 13, 18"
1815,1.15E-50,0.608597944,0.505,0.446,2.36E-46,Yes,2.36E-46,AT5G47435,"1, 8, 11, 12, 13"
1816,1.38E-50,-0.853408478,0.227,0.322,2.84E-46,Yes,2.84E-46,AT1G76670,"0, 3, 6, 15"
1817,1.47E-50,-0.611681355,0.184,0.274,3.03E-46,Yes,3.03E-46,AT3G48590,"4, 5"
1818,1.51E-50,0.492894413,0.35,0.272,3.11E-46,No,3.11E-46,AT5G34850,"6, 7, 8, 11, 13, 14"
1819,1.72E-50,0.85757194,0.25,0.173,3.53E-46,Yes,3.53E-46,AT5G23090,"9, 11, 12, 13"
1820,1.76E-50,0.852310299,0.265,0.188,3.61E-46,Yes,3.61E-46,AT3G50550,"9, 10, 12, 13, 16, 18"
1821,2.27E-50,-0.484157966,0.257,0.354,4.67E-46,No,4.67E-46,AT1G55480,"1, 4, 5"
1822,2.85E-50,0.864502006,0.362,0.291,5.85E-46,Yes,5.85E-46,AT5G12240,"8, 9, 11, 12, 13"
1823,3.09E-50,-0.402703008,0.706,0.745,6.35E-46,No,6.35E-46,ATCG00740,"1, 14"
1824,3.33E-50,0.990611459,0.307,0.234,6.85E-46,Yes,6.85E-46,AT5G63150,"9, 10, 11, 12, 13"
1825,3.50E-50,-0.556222329,0.674,0.751,7.19E-46,Yes,7.19E-46,AT1G03220,"0, 3, 6, 10, 14"
1826,3.72E-50,0.571285681,0.366,0.275,7.64E-46,Yes,7.64E-46,AT5G07440,"0, 9, 10, 16, 18"
1827,3.86E-50,0.627988198,0.381,0.305,7.94E-46,Yes,7.94E-46,AT3G52120,"6, 9, 10, 12, 16"
1828,4.72E-50,-0.584124102,0.261,0.358,9.69E-46,Yes,9.69E-46,AT2G15830,"2, 9, 18"
1829,5.29E-50,0.864605483,0.304,0.23,1.09E-45,Yes,1.09E-45,AT5G51880,"8, 9, 11, 12, 13"
1830,5.56E-50,-0.366779546,0.537,0.618,1.14E-45,No,1.14E-45,AT4G25080,"1, 4, 5, 11"
1831,6.36E-50,0.388469955,0.724,0.682,1.31E-45,No,1.31E-45,AT2G41420,"0, 7, 9, 10, 16"
1832,8.18E-50,-0.413842939,0.346,0.447,1.68E-45,No,1.68E-45,AT3G12345,"1, 4, 5, 11"
1833,8.62E-50,0.523918609,0.582,0.54,1.77E-45,Yes,1.77E-45,AT1G49240,"7, 9, 10, 13, 16, 17, 18"
1834,8.98E-50,0.365996035,0.634,0.598,1.85E-45,No,1.85E-45,AT4G38920,"8, 11, 12, 13, 14, 18"
1835,9.33E-50,0.775413341,0.421,0.355,1.92E-45,Yes,1.92E-45,AT1G53580,"7, 11, 12, 16, 18"
1836,1.07E-49,0.776641604,0.264,0.186,2.19E-45,Yes,2.19E-45,AT3G15260,"9, 10, 11, 12, 13"
1837,1.44E-49,0.289152335,0.62,0.534,2.95E-45,No,2.95E-45,AT1G55920,"0, 7, 10, 12, 16, 17, 18"
1838,1.47E-49,-0.668957063,0.264,0.366,3.03E-45,Yes,3.03E-45,AT1G24140,"0, 2, 3, 6, 9, 17"
1839,1.64E-49,-0.698924184,0.181,0.27,3.36E-45,Yes,3.36E-45,AT5G47040,2
1840,1.83E-49,0.547801462,0.569,0.526,3.77E-45,Yes,3.77E-45,AT4G13615,"0, 9, 10, 13, 18"
1841,2.04E-49,0.750522013,0.301,0.222,4.19E-45,Yes,4.19E-45,AT1G06530,"6, 8, 9, 10, 15, 16, 18"
1842,2.59E-49,0.854319185,0.33,0.257,5.32E-45,Yes,5.32E-45,AT5G23290,"8, 9, 10, 11, 12, 13"
1843,2.63E-49,0.666845749,0.266,0.188,5.40E-45,Yes,5.40E-45,AT1G68000,"9, 10, 13"
1844,3.07E-49,0.886744518,0.3,0.224,6.31E-45,Yes,6.31E-45,AT1G11475,"7, 9, 11, 13, 16, 18"
1845,3.67E-49,-0.568958537,0.204,0.294,7.54E-45,Yes,7.54E-45,AT2G35260,"1, 4, 5, 8, 11"
1846,3.70E-49,-0.84284411,0.18,0.268,7.61E-45,Yes,7.61E-45,AT4G24230,"0, 7"
1847,4.15E-49,0.67710029,0.478,0.415,8.52E-45,Yes,8.52E-45,AT2G34585,"10, 11, 12, 13, 18"
1848,5.23E-49,-0.372848193,0.26,0.359,1.08E-44,No,1.08E-44,AT5G08050,"1, 4, 5, 11"
1849,6.06E-49,0.76794756,0.416,0.35,1.24E-44,Yes,1.24E-44,AT3G55460,"6, 8, 9, 11, 13, 18"
1850,6.49E-49,0.321884289,0.724,0.683,1.33E-44,No,1.33E-44,AT5G64350,"1, 11, 13, 15, 16, 18"
1851,7.19E-49,-0.455020645,0.826,0.876,1.48E-44,No,1.48E-44,AT3G25760,"0, 2, 3, 10, 12"
1852,8.19E-49,0.570379888,0.546,0.499,1.68E-44,Yes,1.68E-44,AT5G54760,"9, 10, 13"
1853,1.01E-48,-0.500639679,0.215,0.307,2.07E-44,Yes,2.07E-44,AT5G58250,"1, 4, 5, 8, 11"
1854,1.03E-48,0.462132396,0.357,0.279,2.12E-44,No,2.12E-44,AT4G07390,"3, 6, 9, 11, 13, 14, 16, 18"
1855,1.20E-48,0.840718414,0.324,0.251,2.46E-44,Yes,2.46E-44,AT1G29990,"8, 9, 11, 12, 13, 17"
1856,1.30E-48,0.550295838,0.262,0.18,2.68E-44,Yes,2.68E-44,AT5G24810,"0, 9, 10"
1857,1.42E-48,0.899863453,0.26,0.185,2.91E-44,Yes,2.91E-44,AT5G20620,"9, 10, 11, 13, 18"
1858,1.61E-48,0.555509436,0.524,0.467,3.31E-44,Yes,3.31E-44,AT5G18800,"7, 8, 9, 11, 13, 15, 18"
1859,2.04E-48,0.801489224,0.344,0.27,4.18E-44,Yes,4.18E-44,AT1G08570,"7, 9, 11, 12, 13, 16, 17, 18"
1860,2.27E-48,-0.551902967,0.215,0.306,4.67E-44,Yes,4.67E-44,AT3G09210,"1, 4, 5, 11"
1861,2.46E-48,0.556656889,0.317,0.231,5.05E-44,Yes,5.05E-44,AT5G57035,"0, 6, 9, 10"
1862,2.50E-48,0.933962527,0.27,0.196,5.14E-44,Yes,5.14E-44,AT3G59380,"9, 11, 12, 13"
1863,2.62E-48,0.409646344,0.613,0.568,5.38E-44,No,5.38E-44,AT4G33510,"0, 10, 13"
1864,2.99E-48,0.707358361,0.409,0.339,6.15E-44,Yes,6.15E-44,AT3G26510,"11, 12, 13, 17"
1865,3.36E-48,-0.65255354,0.352,0.454,6.90E-44,Yes,6.90E-44,AT1G15690,"3, 6, 15"
1866,3.69E-48,-0.463356223,0.329,0.425,7.58E-44,No,7.58E-44,AT1G02160,"1, 2, 5"
1867,3.75E-48,-0.468577362,0.227,0.322,7.71E-44,No,7.71E-44,AT3G26710,"1, 4, 5"
1868,3.84E-48,0.94126251,0.378,0.309,7.90E-44,Yes,7.90E-44,AT4G39980,"7, 10, 11, 13, 16"
1869,4.10E-48,-0.458229009,0.315,0.412,8.42E-44,No,8.42E-44,AT4G01690,"1, 4, 5"
1870,4.22E-48,1.160520084,0.255,0.184,8.67E-44,Yes,8.67E-44,AT1G10700,"7, 9, 10, 13"
1871,4.39E-48,0.617375512,0.544,0.493,9.01E-44,Yes,9.01E-44,AT5G03345,"8, 9, 10, 11, 12, 13"
1872,4.92E-48,0.69093099,0.472,0.407,1.01E-43,Yes,1.01E-43,AT3G47800,"3, 6, 10"
1873,5.26E-48,0.518062628,0.495,0.44,1.08E-43,Yes,1.08E-43,AT1G79010,"7, 9, 10, 11, 12, 13, 18"
1874,5.48E-48,-0.262881719,0.844,0.882,1.12E-43,No,1.12E-43,AT4G36500,"0, 2, 10, 12"
1875,6.91E-48,0.26013481,0.807,0.746,1.42E-43,No,1.42E-43,AT5G41700,"1, 8, 11, 12, 13, 18"
1876,6.93E-48,0.85143914,0.293,0.22,1.42E-43,Yes,1.42E-43,AT5G37055,"8, 9, 10, 11, 12, 13"
1877,7.63E-48,0.78533772,0.308,0.234,1.57E-43,Yes,1.57E-43,AT1G15350,"8, 10, 11, 12, 13"
1878,7.72E-48,0.813522275,0.366,0.299,1.59E-43,Yes,1.59E-43,AT3G11530,"6, 8, 9, 10, 11, 12, 13, 15, 18"
1879,7.79E-48,-0.432100341,0.314,0.413,1.60E-43,No,1.60E-43,AT3G53470,"1, 2, 4, 5"
1880,8.62E-48,0.690504562,0.393,0.324,1.77E-43,Yes,1.77E-43,AT1G23260,"9, 10, 11, 13, 18"
1881,8.95E-48,-0.639952287,0.542,0.637,1.84E-43,Yes,1.84E-43,AT3G14660,"0, 6, 7, 14"
1882,9.67E-48,-0.574231023,0.177,0.265,1.99E-43,Yes,1.99E-43,AT2G47260,"0, 2, 7, 16, 18"
1883,1.01E-47,-0.625800112,0.352,0.453,2.09E-43,Yes,2.09E-43,AT5G47910,"0, 3, 14"
1884,1.06E-47,-0.383738046,0.467,0.579,2.18E-43,No,2.18E-43,AT5G45350,"3, 7, 9, 15, 16"
1885,1.13E-47,0.761924565,0.324,0.25,2.32E-43,Yes,2.32E-43,AT3G29170,"6, 9, 10, 12, 13, 18"
1886,1.14E-47,0.852778842,0.372,0.299,2.35E-43,Yes,2.35E-43,AT5G67190,"2, 7, 8, 9, 10, 12, 16, 17"
1887,1.24E-47,-0.470141939,0.308,0.402,2.55E-43,No,2.55E-43,AT5G13410,"1, 4, 5"
1888,1.83E-47,0.7527448,0.358,0.286,3.76E-43,Yes,3.76E-43,AT5G50870,"7, 8, 9, 11, 12, 13"
1889,2.75E-47,-0.647707236,0.193,0.283,5.65E-43,Yes,5.65E-43,AT1G70730,"3, 7, 18"
1890,3.33E-47,-0.564566326,0.437,0.537,6.84E-43,Yes,6.84E-43,ATCG01010,"1, 3, 6, 15"
1891,3.73E-47,0.601381725,0.411,0.342,7.67E-43,Yes,7.67E-43,AT3G53110,"0, 9, 10, 12, 17, 18"
1892,4.00E-47,0.538380293,0.505,0.457,8.23E-43,Yes,8.23E-43,AT1G06200,"9, 11, 12, 13, 18"
1893,4.56E-47,0.636874423,0.345,0.266,9.37E-43,Yes,9.37E-43,AT3G43230,"0, 6, 8, 9, 10, 12, 18"
1894,4.59E-47,-0.402662662,0.801,0.86,9.43E-43,No,9.43E-43,AT4G21990,"0, 2, 3, 10"
1895,5.72E-47,0.374694453,0.62,0.591,1.18E-42,No,1.18E-42,AT1G16240,"0, 9, 10, 11, 12, 13, 18"
1896,5.94E-47,0.875189355,0.271,0.197,1.22E-42,Yes,1.22E-42,AT3G55620,"7, 9, 10, 11, 13, 18"
1897,6.18E-47,0.636374916,0.506,0.454,1.27E-42,Yes,1.27E-42,AT2G47690,"8, 9, 10, 11, 12, 13"
1898,6.47E-47,-0.33514166,0.698,0.762,1.33E-42,No,1.33E-42,AT2G36220,"2, 7, 9, 16, 17"
1899,7.23E-47,0.708365566,0.345,0.274,1.49E-42,Yes,1.49E-42,AT5G24460,"8, 9, 11, 12, 13"
1900,7.86E-47,-0.689780046,0.201,0.289,1.62E-42,Yes,1.62E-42,AT3G02540,"1, 4, 5, 11"
1901,8.44E-47,0.774787467,0.26,0.186,1.73E-42,Yes,1.73E-42,AT4G27320,"9, 11, 12, 13"
1902,8.63E-47,0.582330709,0.476,0.416,1.77E-42,Yes,1.77E-42,AT4G14615,"7, 8, 9, 10, 11, 12, 13, 15, 18"
1903,9.25E-47,0.491041438,0.524,0.473,1.90E-42,No,1.90E-42,AT1G53320,"7, 8, 11, 12, 16, 18"
1904,1.04E-46,0.484276407,0.579,0.523,2.13E-42,No,2.13E-42,AT5G62300,"4, 5, 8, 9, 11, 12, 13"
1905,1.05E-46,0.484237576,0.461,0.395,2.16E-42,No,2.16E-42,AT3G27380,"0, 6, 7, 9, 10, 16"
1906,1.07E-46,0.586481354,0.403,0.333,2.19E-42,Yes,2.19E-42,AT5G21274,"8, 9, 10, 11, 13, 18"
1907,2.10E-46,-0.404074646,0.448,0.538,4.30E-42,No,4.30E-42,AT4G01050,"1, 3, 4, 5, 8"
1908,2.16E-46,0.55009308,0.55,0.49,4.43E-42,Yes,4.43E-42,AT4G14320,"4, 5, 8, 9, 11, 12, 13"
1909,3.28E-46,0.341992829,0.659,0.616,6.74E-42,No,6.74E-42,ATCG00040,"3, 6, 11, 14, 15, 17"
1910,3.64E-46,0.807532701,0.403,0.341,7.49E-42,Yes,7.49E-42,AT1G22270,"4, 5, 8, 9, 11, 12, 13"
1911,3.69E-46,0.858850399,0.256,0.182,7.58E-42,Yes,7.58E-42,AT5G56030,"9, 15, 16, 17, 18"
1912,3.71E-46,-0.462706836,0.376,0.479,7.62E-42,No,7.62E-42,AT3G25530,"1, 3, 7, 11"
1913,3.77E-46,0.66074092,0.413,0.351,7.74E-42,Yes,7.74E-42,AT1G04985,"8, 9, 11, 12, 13"
1914,3.86E-46,0.754816328,0.331,0.252,7.92E-42,Yes,7.92E-42,AT5G11520,"0, 9, 10"
1915,4.01E-46,0.6411518,0.336,0.266,8.23E-42,Yes,8.23E-42,AT4G31420,"8, 9, 10, 11, 12, 13, 18"
1916,5.21E-46,-0.349324519,0.379,0.481,1.07E-41,No,1.07E-41,AT1G10470,"0, 2, 4, 5, 7, 17"
1917,5.25E-46,-0.479221871,0.371,0.465,1.08E-41,No,1.08E-41,AT1G73060,"1, 4, 5"
1918,5.33E-46,-0.418696829,0.649,0.68,1.10E-41,No,1.10E-41,AT4G13395,"2, 4, 5, 7, 9, 16, 17"
1919,5.50E-46,0.621143543,0.253,0.177,1.13E-41,Yes,1.13E-41,AT2G44410,"10, 12, 13"
1920,5.65E-46,0.471046911,0.537,0.472,1.16E-41,No,1.16E-41,ATCG00270,"0, 3, 6, 8, 10, 12, 13"
1921,6.75E-46,-0.448770286,0.219,0.312,1.39E-41,No,1.39E-41,AT1G07280,"1, 4, 7, 8, 11"
1922,7.49E-46,0.553404897,0.475,0.415,1.54E-41,Yes,1.54E-41,AT5G20165,"7, 9, 10, 11, 12, 13, 18"
1923,7.57E-46,0.734295151,0.361,0.292,1.56E-41,Yes,1.56E-41,AT5G41560,"8, 9, 10, 11, 12, 13"
1924,1.06E-45,0.557784838,0.27,0.196,2.18E-41,Yes,2.18E-41,AT5G12200,"3, 9, 11, 12, 13, 18"
1925,1.25E-45,-0.519348473,0.621,0.704,2.57E-41,Yes,2.57E-41,AT5G66070,"0, 2, 3, 6, 14, 16"
1926,1.29E-45,0.509457533,0.587,0.538,2.64E-41,Yes,2.64E-41,AT5G42825,"1, 8, 11, 12, 13, 18"
1927,1.41E-45,-0.673829978,0.247,0.335,2.89E-41,Yes,2.89E-41,AT3G52450,"0, 2, 3, 10"
1928,1.43E-45,0.582962359,0.283,0.205,2.93E-41,Yes,2.93E-41,AT2G02710,"0, 6, 7, 10, 12"
1929,1.44E-45,0.70316629,0.444,0.383,2.95E-41,Yes,2.95E-41,AT5G60340,"4, 8, 9, 10, 11, 12, 13, 17"
1930,1.68E-45,-0.418599265,0.439,0.549,3.45E-41,No,3.45E-41,AT3G23820,"0, 3, 6, 7, 15"
1931,1.70E-45,0.549417945,0.26,0.18,3.50E-41,Yes,3.50E-41,AT5G22250,"0, 7, 9, 10, 16, 17, 18"
1932,1.86E-45,0.534605161,0.36,0.284,3.81E-41,Yes,3.81E-41,AT5G16780,"0, 3, 6, 9, 10"
1933,1.88E-45,0.474434558,0.303,0.218,3.87E-41,No,3.87E-41,AT3G21700,"0, 3, 6, 10, 12, 14"
1934,1.94E-45,0.70396297,0.56,0.519,3.99E-41,Yes,3.99E-41,AT3G15780,"1, 8, 11, 12, 13"
1935,2.23E-45,-0.443809621,0.354,0.446,4.58E-41,No,4.58E-41,AT1G43560,"1, 4, 5"
1936,2.65E-45,0.536232079,0.381,0.307,5.45E-41,Yes,5.45E-41,AT5G58020,"0, 9, 10, 12"
1937,4.33E-45,0.92313022,0.322,0.254,8.89E-41,Yes,8.89E-41,AT2G34520,"8, 9, 10, 11, 12, 13"
1938,4.41E-45,0.622486382,0.336,0.264,9.06E-41,Yes,9.06E-41,AT4G36760,"8, 9, 11, 12, 13, 18"
1939,4.48E-45,-0.51031564,0.372,0.469,9.21E-41,Yes,9.21E-41,AT2G41630,"2, 3, 5, 7, 9, 16, 17"
1940,4.53E-45,-0.36937499,0.447,0.53,9.30E-41,No,9.30E-41,AT5G13510,"1, 4, 5"
1941,4.94E-45,0.401384434,0.582,0.525,1.02E-40,No,1.02E-40,AT3G57090,"0, 2, 9, 10"
1942,5.31E-45,0.956136277,0.343,0.268,1.09E-40,Yes,1.09E-40,AT2G46400,"4, 7, 9, 13, 16, 17"
1943,5.36E-45,0.346716794,0.333,0.255,1.10E-40,No,1.10E-40,AT3G48780,"0, 3, 6, 9, 10, 13"
1944,5.64E-45,0.375101252,0.655,0.605,1.16E-40,No,1.16E-40,AT3G02080,"4, 5, 7, 9, 11, 13"
1945,5.68E-45,0.505610997,0.573,0.525,1.17E-40,Yes,1.17E-40,AT4G24690,"0, 6, 8, 9, 10, 17, 18"
1946,5.71E-45,0.920672797,0.254,0.182,1.17E-40,Yes,1.17E-40,AT2G43020,"10, 11, 12, 16, 17"
1947,6.30E-45,0.478144286,0.522,0.465,1.29E-40,No,1.29E-40,AT4G14430,"0, 7, 9, 10, 16, 18"
1948,6.31E-45,0.325125461,0.663,0.632,1.30E-40,No,1.30E-40,AT3G46000,"0, 9, 10, 18"
1949,7.72E-45,0.627528441,0.407,0.343,1.59E-40,Yes,1.59E-40,EIF2 BETA,"8, 9, 10, 11, 13, 18"
1950,9.42E-45,-0.547800434,0.167,0.251,1.93E-40,Yes,1.93E-40,AT5G17520,"2, 4, 11"
1951,1.02E-44,0.487840603,0.6,0.537,2.09E-40,No,2.09E-40,AT3G59540,"4, 5, 8, 9, 10, 11, 12, 13, 18"
1952,1.42E-44,-0.421062611,0.351,0.443,2.92E-40,No,2.92E-40,AT1G76450,"1, 4, 5, 11"
1953,1.76E-44,0.447324173,0.56,0.509,3.62E-40,No,3.62E-40,AT2G30440,"0, 6, 8, 9, 10, 18"
1954,1.87E-44,-0.450696655,0.386,0.481,3.85E-40,No,3.85E-40,AT3G49530,"0, 2, 4, 7, 16, 17, 18"
1955,2.05E-44,-0.482847554,0.289,0.379,4.22E-40,No,4.22E-40,AT3G19900,"1, 4, 5"
1956,2.09E-44,-0.692172949,0.405,0.499,4.30E-40,Yes,4.30E-40,AT2G33580,"2, 3, 6, 15"
1957,2.49E-44,-0.531703995,0.343,0.428,5.12E-40,Yes,5.12E-40,AT2G24020,"1, 4, 5"
1958,2.61E-44,0.773749111,0.315,0.245,5.35E-40,Yes,5.35E-40,AT3G24570,"4, 9, 11, 12, 13"
1959,2.70E-44,0.848599082,0.325,0.258,5.55E-40,Yes,5.55E-40,AT1G08490,"8, 9, 11, 12, 13"
1960,3.01E-44,0.883646244,0.303,0.234,6.18E-40,Yes,6.18E-40,AT2G15570,"6, 8, 9, 10, 11, 12, 13"
1961,3.22E-44,0.628585979,0.444,0.385,6.62E-40,Yes,6.62E-40,AT4G09830,"7, 9, 11, 12, 13, 18"
1962,3.85E-44,-0.549849847,0.295,0.39,7.92E-40,Yes,7.92E-40,ATCG00070,"1, 3, 6, 14, 15"
1963,4.18E-44,0.382622039,0.668,0.635,8.60E-40,No,8.60E-40,AT2G20920,"1, 8, 11, 12, 13"
1964,4.53E-44,-0.540857953,0.574,0.654,9.31E-40,Yes,9.31E-40,AT4G30600,"0, 2, 3, 6, 14, 16"
1965,5.12E-44,0.810134037,0.286,0.216,1.05E-39,Yes,1.05E-39,AT1G08510,"6, 8, 9, 10, 11, 13, 14"
1966,6.03E-44,0.56660176,0.581,0.532,1.24E-39,Yes,1.24E-39,AT5G67490,"10, 11, 12, 13"
1967,6.57E-44,0.768476294,0.365,0.296,1.35E-39,Yes,1.35E-39,AT5G62540,"0, 9, 10, 12"
1968,6.97E-44,-0.290865269,0.46,0.556,1.43E-39,No,1.43E-39,AT5G02120,"1, 4, 5, 11"
1969,8.19E-44,0.276284519,0.479,0.386,1.68E-39,No,1.68E-39,AT3G49570,"0, 2, 6, 7, 9, 10, 12, 16, 17"
1970,8.47E-44,0.616625007,0.463,0.411,1.74E-39,Yes,1.74E-39,AT5G14240,"8, 9, 11, 12, 13, 18"
1971,9.85E-44,0.574756021,0.304,0.231,2.02E-39,Yes,2.02E-39,AT2G21600,"3, 6, 9, 10, 13, 14"
1972,1.25E-43,-0.53815666,0.217,0.306,2.57E-39,Yes,2.57E-39,AT5G26742,"1, 3, 4, 5"
1973,1.43E-43,0.66818471,0.342,0.268,2.93E-39,Yes,2.93E-39,AT2G44100,"6, 8, 9, 10, 13, 18"
1974,1.77E-43,0.577055637,0.441,0.362,3.63E-39,Yes,3.63E-39,AT1G76690,"0, 7, 9, 10, 12, 16, 17"
1975,1.80E-43,-0.558246046,0.286,0.381,3.70E-39,Yes,3.70E-39,AT5G04550,"2, 3, 7, 16, 17"
1976,1.90E-43,0.309750658,0.363,0.285,3.91E-39,No,3.91E-39,AT1G69640,"3, 6, 18"
1977,2.08E-43,0.579691975,0.391,0.317,4.27E-39,Yes,4.27E-39,AT5G18310,"0, 2, 7, 9, 10, 13, 16, 17"
1978,2.15E-43,0.969701402,0.288,0.223,4.41E-39,Yes,4.41E-39,AT1G75440,"11, 12, 13, 18"
1979,2.78E-43,0.563899605,0.486,0.424,5.71E-39,Yes,5.71E-39,AT3G60820,"9, 10, 13"
1980,3.64E-43,-0.431417886,0.205,0.291,7.47E-39,No,7.47E-39,AT4G09040,"1, 4, 5, 11"
1981,3.70E-43,0.406233393,0.371,0.293,7.59E-39,No,7.59E-39,AT3G22950,"0, 9, 10"
1982,3.94E-43,-0.47778957,0.22,0.307,8.10E-39,No,8.10E-39,AT3G19800,"1, 4, 5, 11"
1983,4.26E-43,0.43036719,0.557,0.508,8.74E-39,No,8.74E-39,AT3G11780,"6, 9, 10, 11, 13, 14"
1984,5.22E-43,0.280098341,0.427,0.337,1.07E-38,No,1.07E-38,AT1G09560,"0, 3, 6, 9, 10, 14"
1985,5.83E-43,0.912590232,0.272,0.204,1.20E-38,Yes,1.20E-38,AT3G47850,"9, 10, 11, 12, 13"
1986,9.59E-43,0.689066235,0.423,0.364,1.97E-38,Yes,1.97E-38,AT5G50850,"6, 8, 9, 10, 11, 12, 13, 15"
1987,9.94E-43,0.691507096,0.339,0.267,2.04E-38,Yes,2.04E-38,AT5G65480,"6, 8, 11, 13, 17, 18"
1988,1.02E-42,-0.538518048,0.188,0.272,2.09E-38,Yes,2.09E-38,AT2G22450,"4, 5, 7"
1989,1.19E-42,0.637680383,0.421,0.359,2.45E-38,Yes,2.45E-38,AT1G65220,"6, 9, 10"
1990,1.20E-42,-0.466285673,0.547,0.62,2.46E-38,No,2.46E-38,AT1G02400,"0, 2, 7, 10"
1991,1.20E-42,-0.601277767,0.21,0.298,2.47E-38,Yes,2.47E-38,AT1G16460,"1, 2, 7"
1992,1.22E-42,0.532799343,0.506,0.452,2.51E-38,Yes,2.51E-38,AT2G46900,"6, 8, 9, 10, 11, 12, 13"
1993,1.40E-42,0.849582849,0.254,0.186,2.88E-38,Yes,2.88E-38,AT1G29260,"11, 12, 13, 18"
1994,1.47E-42,0.602172256,0.353,0.283,3.03E-38,Yes,3.03E-38,AT4G10810,"0, 9, 10, 12, 18"
1995,1.55E-42,0.714533394,0.368,0.303,3.18E-38,Yes,3.18E-38,AT5G47310,"8, 11, 12, 13"
1996,1.90E-42,0.617843501,0.385,0.316,3.91E-38,Yes,3.91E-38,AT3G44100,"6, 8, 9, 13, 18"
1997,1.91E-42,-0.392174291,0.184,0.269,3.92E-38,No,3.92E-38,AT4G09550,"4, 5, 18"
1998,1.94E-42,0.563801319,0.46,0.398,3.98E-38,Yes,3.98E-38,AT3G50360,"0, 9, 10, 13, 16, 18"
1999,2.23E-42,0.590099997,0.419,0.343,4.57E-38,Yes,4.57E-38,AT4G33050,"9, 10, 11, 13, 17"
2000,2.80E-42,1.034343668,0.316,0.252,5.75E-38,Yes,5.75E-38,AT5G27380,"7, 9, 10, 13, 16, 17"
2001,2.83E-42,-0.418421499,0.308,0.4,5.82E-38,No,5.82E-38,AT5G13120,"1, 4, 5, 11"
2002,2.86E-42,0.781735587,0.362,0.3,5.87E-38,Yes,5.87E-38,AT5G23140,"8, 9, 11, 12, 13"
2003,2.97E-42,-0.420345746,0.235,0.327,6.10E-38,No,6.10E-38,AT3G50440,"2, 7, 11, 16"
2004,3.13E-42,0.518680442,0.284,0.204,6.42E-38,Yes,6.42E-38,AT5G67350,"0, 3, 6, 7, 9, 10, 16"
2005,4.45E-42,0.725845024,0.255,0.185,9.14E-38,Yes,9.14E-38,AT2G39780,"9, 10, 12, 13"
2006,4.92E-42,0.533703412,0.316,0.245,1.01E-37,Yes,1.01E-37,AT5G63880,"0, 7, 9, 10, 12, 18"
2007,5.21E-42,0.261809326,0.786,0.737,1.07E-37,No,1.07E-37,ATCG00480,"3, 6, 13"
2008,5.32E-42,0.707234619,0.292,0.222,1.09E-37,Yes,1.09E-37,AT3G12570,"6, 7, 9, 10, 13, 15, 18"
2009,5.43E-42,1.158197367,0.281,0.218,1.12E-37,Yes,1.12E-37,AT5G13740,"7, 8, 11, 12, 16"
2010,5.79E-42,0.65784651,0.258,0.187,1.19E-37,Yes,1.19E-37,AT1G18480,"0, 7, 9, 10, 12, 16, 17"
2011,6.11E-42,-0.528582759,0.267,0.362,1.25E-37,Yes,1.25E-37,AT3G26980,"0, 2, 7, 9, 16"
2012,6.11E-42,0.566628007,0.356,0.285,1.26E-37,Yes,1.26E-37,AT2G44350,"0, 9, 10"
2013,7.43E-42,0.874609467,0.251,0.183,1.53E-37,Yes,1.53E-37,AT5G22650,"7, 9, 11, 12, 13, 17, 18"
2014,8.19E-42,0.468452773,0.409,0.339,1.68E-37,No,1.68E-37,AT5G11970,"0, 7, 9, 10, 13, 16, 18"
2015,9.15E-42,0.66059683,0.369,0.302,1.88E-37,Yes,1.88E-37,AT1G59610,"6, 9, 10, 14, 18"
2016,1.09E-41,0.584035278,0.469,0.414,2.25E-37,Yes,2.25E-37,AT2G27730,"6, 7, 9, 13, 16, 18"
2017,1.25E-41,0.374224183,0.575,0.52,2.57E-37,No,2.57E-37,AT5G56170,"3, 6, 9, 10"
2018,1.34E-41,-0.503295865,0.208,0.294,2.74E-37,Yes,2.74E-37,AT5G42765,"1, 3, 4, 5"
2019,1.79E-41,0.581145233,0.48,0.426,3.69E-37,Yes,3.69E-37,AT4G27740,"2, 8, 9, 11, 12, 13"
2020,1.84E-41,-0.4872197,0.334,0.43,3.77E-37,No,3.77E-37,AT2G47890,"0, 2, 7, 10, 17"
2021,1.91E-41,0.346952321,0.636,0.602,3.92E-37,No,3.92E-37,AT1G08110,"1, 5, 11, 12, 13, 18"
2022,2.04E-41,0.418608167,0.579,0.535,4.19E-37,No,4.19E-37,AT2G40765,"0, 9, 10, 13"
2023,2.29E-41,0.744012192,0.332,0.267,4.71E-37,Yes,4.71E-37,AT1G65660,"8, 11, 12, 13, 18"
2024,2.33E-41,0.709701709,0.381,0.322,4.79E-37,Yes,4.79E-37,AT1G01800,"8, 11, 12, 13, 18"
2025,2.93E-41,0.991363042,0.263,0.197,6.02E-37,Yes,6.02E-37,AT4G30480,"9, 11, 12, 13"
2026,5.04E-41,-0.696368325,0.331,0.421,1.04E-36,Yes,1.04E-36,AT4G32940,"3, 6, 16, 18"
2027,5.23E-41,0.739786407,0.273,0.201,1.08E-36,Yes,1.08E-36,AT4G22920,"0, 9, 10"
2028,5.58E-41,0.799093185,0.324,0.259,1.15E-36,Yes,1.15E-36,GAMMA CA3,"7, 9, 10, 11, 13"
2029,6.43E-41,-0.406547882,0.266,0.358,1.32E-36,No,1.32E-36,AT2G37120,"2, 4, 5"
2030,6.58E-41,0.718376557,0.316,0.249,1.35E-36,Yes,1.35E-36,AT5G12120,"8, 9, 10, 13"
2031,6.92E-41,-0.4250575,0.325,0.422,1.42E-36,No,1.42E-36,AT2G23600,"1, 4, 5, 16"
2032,7.14E-41,0.618179249,0.32,0.249,1.47E-36,Yes,1.47E-36,AT5G56150,"7, 9, 10, 15, 16, 17, 18"
2033,7.36E-41,-0.447839139,0.211,0.295,1.51E-36,No,1.51E-36,AT2G47840,"1, 4, 5, 11"
2034,7.43E-41,0.471820864,0.289,0.21,1.53E-36,No,1.53E-36,AT4G37530,"6, 10, 14"
2035,8.23E-41,0.596858531,0.306,0.235,1.69E-36,Yes,1.69E-36,AT5G40930,"0, 9, 10, 12, 13, 17"
2036,8.66E-41,1.052447668,0.289,0.226,1.78E-36,Yes,1.78E-36,AT5G04260,"9, 11, 12, 13"
2037,8.75E-41,0.98234071,0.423,0.375,1.80E-36,Yes,1.80E-36,AT2G43530,"6, 8, 11, 12, 13, 18"
2038,9.26E-41,-0.323142039,0.423,0.516,1.90E-36,No,1.90E-36,AT5G51110,"1, 4, 5, 8, 11"
2039,9.40E-41,0.905580301,0.264,0.197,1.93E-36,Yes,1.93E-36,AT2G44860,"5, 9, 11, 13, 18"
2040,9.79E-41,-0.557924926,0.282,0.371,2.01E-36,Yes,2.01E-36,AT4G18010,"0, 2, 3, 7, 15, 16"
2041,1.01E-40,0.433730487,0.668,0.622,2.07E-36,No,2.07E-36,AT2G46490,"0, 9, 10, 12, 13"
2042,1.20E-40,0.534850004,0.515,0.465,2.47E-36,Yes,2.47E-36,AT5G55290,"9, 10, 11, 13, 18"
2043,1.39E-40,-0.702925629,0.379,0.457,2.85E-36,Yes,2.85E-36,AT5G14730,"2, 7, 16, 17"
2044,1.45E-40,0.720173321,0.356,0.294,2.99E-36,Yes,2.99E-36,AT1G16470,"8, 9, 11, 12, 13"
2045,1.55E-40,-0.441296337,0.273,0.364,3.19E-36,No,3.19E-36,AT4G33480,"1, 4, 5"
2046,1.59E-40,-0.426601484,0.244,0.335,3.26E-36,No,3.26E-36,AT1G01320,"2, 3, 12"
2047,1.66E-40,0.530836375,0.271,0.202,3.41E-36,Yes,3.41E-36,AT1G69980,"11, 13, 18"
2048,1.73E-40,0.652974611,0.365,0.297,3.56E-36,Yes,3.56E-36,AT5G20160,"7, 9, 10, 12, 13, 16, 17, 18"
2049,2.03E-40,0.411966773,0.506,0.443,4.17E-36,No,4.17E-36,AT1G27290,"0, 2, 6, 9, 10, 14"
2050,2.06E-40,0.598023168,0.37,0.306,4.24E-36,Yes,4.24E-36,AT1G51160,"7, 9, 10, 11, 13, 18"
2051,3.21E-40,0.434524669,0.569,0.521,6.59E-36,No,6.59E-36,AT4G16450,"7, 8, 9, 11, 13, 18"
2052,3.76E-40,0.384599455,0.397,0.308,7.71E-36,No,7.71E-36,AT4G37370,"0, 3, 6, 9, 10, 14"
2053,3.77E-40,-0.412888078,0.283,0.374,7.75E-36,No,7.75E-36,AT1G13270,"1, 4, 5"
2054,4.03E-40,0.572513501,0.265,0.198,8.28E-36,Yes,8.28E-36,AT1G09330,"3, 9, 10, 13"
2055,4.09E-40,0.760192616,0.257,0.189,8.39E-36,Yes,8.39E-36,AT4G21160,"9, 10"
2056,4.14E-40,-0.380097916,0.425,0.499,8.50E-36,No,8.50E-36,AT3G56020,"1, 4, 5"
2057,4.21E-40,-0.427328679,0.582,0.659,8.65E-36,No,8.65E-36,AT1G05575,"2, 3, 6, 7, 9, 14, 17"
2058,4.61E-40,0.288772113,0.702,0.635,9.46E-36,No,9.46E-36,AT4G27652,"0, 2, 4, 10, 12, 16, 17"
2059,4.79E-40,0.760158021,0.283,0.217,9.84E-36,Yes,9.84E-36,AT3G09300,"8, 9, 10, 11, 13"
2060,5.25E-40,-0.642025554,0.173,0.252,1.08E-35,Yes,1.08E-35,AT4G14230,4
2061,6.23E-40,-0.466381299,0.527,0.604,1.28E-35,No,1.28E-35,AT5G04140,"0, 1, 2, 3, 8"
2062,6.26E-40,-0.483076591,0.187,0.269,1.29E-35,No,1.29E-35,AT4G34090,"1, 4, 5, 11"
2063,6.33E-40,-0.336882247,0.473,0.569,1.30E-35,No,1.30E-35,AT5G54490,"0, 2, 7, 9, 10, 17"
2064,6.73E-40,-0.334381901,0.763,0.779,1.38E-35,No,1.38E-35,AT5G35630,"0, 1, 4, 11"
2065,6.90E-40,0.785379928,0.351,0.289,1.42E-35,Yes,1.42E-35,AT1G51730,"8, 9, 11, 12, 13, 15"
2066,6.94E-40,-0.401744251,0.257,0.348,1.42E-35,No,1.42E-35,AT2G36145,"1, 2, 5, 8, 11"
2067,7.51E-40,0.316262254,0.668,0.621,1.54E-35,No,1.54E-35,AT2G14910,"1, 11, 13, 18"
2068,8.17E-40,0.717580363,0.302,0.235,1.68E-35,Yes,1.68E-35,AT3G03990,"7, 8, 11, 12, 13, 18"
2069,9.61E-40,0.650207537,0.446,0.386,1.97E-35,Yes,1.97E-35,AT2G23930,"5, 8, 9, 10, 11, 12, 13"
2070,9.71E-40,0.42626645,0.585,0.539,2.00E-35,No,2.00E-35,AT3G13920,"0, 9, 10, 16, 18"
2071,1.02E-39,-0.393177377,0.417,0.507,2.11E-35,No,2.11E-35,AT1G52510,"1, 4, 5, 11"
2072,1.05E-39,-0.434883361,0.305,0.395,2.15E-35,No,2.15E-35,AT1G56500,"1, 3, 4, 5"
2073,1.06E-39,-0.380072568,0.565,0.633,2.17E-35,No,2.17E-35,AT2G42590,"0, 1, 2"
2074,1.50E-39,-0.567157686,0.201,0.281,3.07E-35,Yes,3.07E-35,AT4G06746,"2, 5, 7, 12, 17"
2075,1.55E-39,0.303397004,0.44,0.36,3.18E-35,No,3.18E-35,AT5G47120,"0, 3, 6, 9, 10, 14, 17"
2076,1.62E-39,0.553107562,0.485,0.43,3.33E-35,Yes,3.33E-35,AT5G25940,"0, 2, 9, 10, 12, 13"
2077,1.67E-39,0.594708137,0.274,0.201,3.43E-35,Yes,3.43E-35,AT1G18890,"0, 6, 9, 10"
2078,2.10E-39,-0.348100094,0.825,0.841,4.31E-35,No,4.31E-35,AT4G12040,"0, 2, 12, 17"
2079,2.24E-39,-0.493181353,0.29,0.378,4.59E-35,No,4.59E-35,AT2G22540,"1, 4, 5, 7, 11, 18"
2080,2.24E-39,-0.331512493,0.741,0.782,4.60E-35,No,4.60E-35,AT2G20630,"0, 2, 3, 7, 10"
2081,2.28E-39,0.595406816,0.445,0.39,4.68E-35,Yes,4.68E-35,AT4G35570,"7, 9, 11, 12, 13"
2082,2.61E-39,-0.543456608,0.235,0.317,5.37E-35,Yes,5.37E-35,AT1G21980,"0, 2, 3, 12"
2083,2.90E-39,0.799268357,0.257,0.194,5.96E-35,Yes,5.96E-35,AT3G13550,"9, 11, 12, 13"
2084,3.24E-39,-0.409056985,0.187,0.27,6.66E-35,No,6.66E-35,AT4G09670,"1, 4, 11"
2085,4.07E-39,-0.374006775,0.313,0.406,8.36E-35,No,8.36E-35,AT1G62750,"0, 1, 3, 8"
2086,4.11E-39,0.396371313,0.346,0.273,8.44E-35,No,8.44E-35,AT1G31130,"3, 6, 9, 10, 18"
2087,5.73E-39,0.734174255,0.297,0.233,1.18E-34,Yes,1.18E-34,AT1G10840,"8, 9, 11, 12, 13, 17, 18"
2088,6.24E-39,0.551365575,0.337,0.272,1.28E-34,Yes,1.28E-34,AT5G64500,"6, 9, 13, 14, 18"
2089,7.94E-39,0.598222395,0.408,0.352,1.63E-34,Yes,1.63E-34,AT2G25670,"6, 7, 9, 10, 16, 18"
2090,8.20E-39,-0.475869104,0.318,0.411,1.68E-34,No,1.68E-34,AT3G29360,"0, 2, 3, 9, 10"
2091,8.29E-39,-0.299632263,0.835,0.842,1.70E-34,No,1.70E-34,AT5G03210,"2, 4, 5, 12, 17"
2092,8.66E-39,0.929533578,0.27,0.207,1.78E-34,Yes,1.78E-34,AT1G06650,"9, 11, 12, 13"
2093,8.99E-39,-0.449533009,0.402,0.478,1.85E-34,No,1.85E-34,AT1G80380,"1, 4, 5"
2094,9.21E-39,0.723121852,0.313,0.248,1.89E-34,Yes,1.89E-34,AT5G49510,"8, 9, 11, 12, 13"
2095,9.25E-39,-0.462578066,0.33,0.417,1.90E-34,No,1.90E-34,AT1G08520,"1, 3, 4, 5, 14"
2096,1.03E-38,-0.709641116,0.183,0.261,2.11E-34,Yes,2.11E-34,AT3G54200,"2, 7, 16, 18"
2097,1.33E-38,-0.578487896,0.669,0.73,2.74E-34,Yes,2.74E-34,AT5G01100,"0, 2, 3, 6, 14"
2098,1.44E-38,-0.401698009,0.29,0.38,2.95E-34,No,2.95E-34,AT4G14870,"1, 4, 5, 11"
2099,1.53E-38,0.647830337,0.366,0.302,3.14E-34,Yes,3.14E-34,AT5G44720,"7, 11, 13, 16"
2100,1.62E-38,0.393332992,0.617,0.564,3.32E-34,No,3.32E-34,AT1G52300,"4, 5, 7, 9, 13, 16, 18"
2101,1.95E-38,0.757184034,0.281,0.218,4.01E-34,Yes,4.01E-34,AT2G21270,"7, 8, 9, 10, 11, 13"
2102,2.04E-38,0.827447978,0.32,0.257,4.19E-34,Yes,4.19E-34,AT1G67360,"6, 9, 12, 13, 14, 15, 17, 18"
2103,2.10E-38,-0.573891344,0.188,0.268,4.31E-34,Yes,4.31E-34,AT2G35840,1
2104,2.31E-38,0.708503459,0.339,0.278,4.75E-34,Yes,4.75E-34,AT1G17530,"8, 9, 10, 11, 12, 13, 18"
2105,2.36E-38,0.878330315,0.25,0.186,4.85E-34,Yes,4.85E-34,AT5G41010,"9, 10, 13, 18"
2106,2.37E-38,0.754681413,0.258,0.192,4.87E-34,Yes,4.87E-34,AT1G09770,"9, 11, 12, 13, 18"
2107,2.88E-38,0.362121532,0.612,0.57,5.91E-34,No,5.91E-34,AT1G52740,"7, 8, 9, 11, 13, 16, 18"
2108,2.98E-38,0.646384973,0.382,0.322,6.11E-34,Yes,6.11E-34,AT2G33390,"7, 8, 9, 10, 12, 16, 17"
2109,3.02E-38,-0.360114958,0.2,0.283,6.21E-34,No,6.21E-34,AT5G60540,"4, 5, 7"
2110,3.03E-38,0.839214925,0.276,0.209,6.23E-34,Yes,6.23E-34,AT5G61510,"8, 9, 11, 12, 13"
2111,3.22E-38,0.60349576,0.394,0.336,6.61E-34,Yes,6.61E-34,AT5G63400,"7, 9, 11, 13"
2112,3.32E-38,0.297126612,0.379,0.299,6.83E-34,No,6.83E-34,AT1G28480,"3, 6, 7, 9, 12, 16, 17, 18"
2113,3.64E-38,0.506177465,0.353,0.288,7.47E-34,Yes,7.47E-34,AT4G31340,"6, 9, 10, 14"
2114,3.86E-38,-0.352920847,0.263,0.352,7.94E-34,No,7.94E-34,AT3G15850,"1, 4, 5, 8, 11"
2115,4.03E-38,0.544489876,0.491,0.432,8.28E-34,Yes,8.28E-34,AT2G47610,"4, 5, 7, 8, 9, 11, 13"
2116,4.32E-38,0.37788474,0.691,0.633,8.88E-34,No,8.88E-34,AT1G67430,"4, 5, 9, 10, 13, 18"
2117,5.16E-38,-0.478758993,0.298,0.385,1.06E-33,No,1.06E-33,AT5G46420,"1, 3, 5, 14"
2118,5.18E-38,0.658345063,0.332,0.263,1.06E-33,Yes,1.06E-33,AT1G22930,"0, 6, 9, 10, 12, 14"
2119,5.58E-38,0.592221999,0.26,0.193,1.15E-33,Yes,1.15E-33,AT3G57340,"9, 10, 13, 18"
2120,5.91E-38,-0.476971797,0.197,0.275,1.21E-33,No,1.21E-33,AT5G67560,"3, 4"
2121,7.70E-38,0.649945517,0.352,0.293,1.58E-33,Yes,1.58E-33,AT2G18390,"9, 11, 12, 13, 15"
2122,7.77E-38,0.496450032,0.301,0.23,1.60E-33,No,1.60E-33,AT1G74250,"0, 3, 6, 8, 9, 10"
2123,9.08E-38,-0.347831055,0.279,0.366,1.87E-33,No,1.87E-33,AT5G66090,"1, 4, 5, 11"
2124,1.04E-37,-0.435126443,0.194,0.274,2.14E-33,No,2.14E-33,AT2G33855,"1, 4, 5, 11"
2125,1.13E-37,0.47100689,0.549,0.491,2.32E-33,No,2.32E-33,AT5G09510,"4, 5, 9, 10, 11, 12, 13"
2126,1.34E-37,0.638564728,0.291,0.224,2.75E-33,Yes,2.75E-33,AT2G25310,"6, 9, 11, 12, 13, 14, 18"
2127,1.41E-37,0.427043804,0.454,0.403,2.90E-33,No,2.90E-33,AT3G03160,"9, 10, 12, 13, 14, 18"
2128,1.47E-37,0.625307871,0.377,0.32,3.02E-33,Yes,3.02E-33,AT5G05360,"8, 9, 10, 11, 12, 13"
2129,1.51E-37,0.489321235,0.547,0.509,3.09E-33,No,3.09E-33,AT1G64750,"9, 10, 11, 12, 13, 16, 18"
2130,1.56E-37,0.462771699,0.5,0.441,3.21E-33,No,3.21E-33,AT5G13810,"0, 2, 9, 10, 12, 17"
2131,1.65E-37,-0.454320537,0.181,0.257,3.39E-33,No,3.39E-33,AT1G77060,"4, 5, 11"
2132,2.13E-37,0.851643805,0.345,0.288,4.37E-33,Yes,4.37E-33,AT3G26395,"8, 11, 12, 13"
2133,2.23E-37,0.765400717,0.332,0.272,4.58E-33,Yes,4.58E-33,AT2G18740,"8, 9, 11, 12, 13"
2134,2.44E-37,-0.58399431,0.371,0.447,5.01E-33,Yes,5.01E-33,AT3G23030,"2, 3, 7, 15, 16, 18"
2135,3.04E-37,-0.547086679,0.554,0.625,6.25E-33,Yes,6.25E-33,AT4G34230,"0, 2, 7, 10"
2136,3.52E-37,0.600987762,0.366,0.299,7.23E-33,Yes,7.23E-33,AT2G31560,"0, 7, 9, 10, 12, 16, 17, 18"
2137,3.79E-37,0.419502338,0.548,0.505,7.78E-33,No,7.78E-33,AT1G08480,"9, 10, 11, 12, 13, 18"
2138,4.41E-37,0.532269321,0.385,0.322,9.06E-33,Yes,9.06E-33,AT4G37120,"0, 6, 9, 10, 16, 17, 18"
2139,5.01E-37,-0.548757577,0.188,0.265,1.03E-32,Yes,1.03E-32,AT5G11330,"1, 7"
2140,5.32E-37,-0.546520302,0.183,0.26,1.09E-32,Yes,1.09E-32,AT1G47380,"0, 2, 7"
2141,5.69E-37,-0.45119393,0.216,0.297,1.17E-32,No,1.17E-32,AT5G50250,"1, 4, 5"
2142,6.07E-37,0.67122175,0.382,0.321,1.25E-32,Yes,1.25E-32,AT2G02510,"8, 9, 10, 13, 18"
2143,6.84E-37,0.673719161,0.318,0.254,1.41E-32,Yes,1.41E-32,AT3G54540,"6, 8, 9, 10, 11, 12, 13, 18"
2144,7.02E-37,0.370365004,0.877,0.813,1.44E-32,No,1.44E-32,AT4G25100,"8, 9, 10, 12, 13"
2145,7.91E-37,0.778346754,0.317,0.257,1.62E-32,Yes,1.62E-32,AT3G22480,"8, 9, 11, 12, 13, 16, 18"
2146,8.60E-37,-0.77361204,0.199,0.273,1.77E-32,Yes,1.77E-32,AT3G48320,"0, 2"
2147,9.98E-37,0.387154899,0.339,0.261,2.05E-32,No,2.05E-32,AT2G26560,"0, 3, 9, 10"
2148,1.03E-36,-0.392797574,0.423,0.513,2.12E-32,No,2.12E-32,AT4G27350,"0, 2, 5, 7, 16"
2149,1.13E-36,0.605993891,0.287,0.218,2.33E-32,Yes,2.33E-32,AT1G50570,"0, 7, 10, 12, 16"
2150,1.15E-36,0.506667362,0.296,0.231,2.37E-32,Yes,2.37E-32,AT4G39220,"6, 9, 10, 13, 14"
2151,1.25E-36,0.782526119,0.281,0.217,2.56E-32,Yes,2.56E-32,AT2G28370,"8, 9, 11, 12, 13, 18"
2152,1.38E-36,0.723931162,0.279,0.217,2.83E-32,Yes,2.83E-32,AT4G39520,"7, 8, 9, 10, 11, 13, 15, 17, 18"
2153,1.43E-36,0.633187987,0.371,0.312,2.94E-32,Yes,2.94E-32,AT5G09900,"8, 9, 11, 13, 18"
2154,1.57E-36,-0.669508925,0.625,0.705,3.22E-32,Yes,3.22E-32,AT1G08930,"0, 3, 6, 14"
2155,2.39E-36,-0.481959757,0.507,0.578,4.92E-32,No,4.92E-32,AT1G28380,"0, 2, 3, 14"
2156,2.90E-36,0.556830843,0.311,0.244,5.97E-32,Yes,5.97E-32,AT5G07220,"0, 6, 9, 10, 13, 18"
2157,3.06E-36,0.737970906,0.285,0.223,6.29E-32,Yes,6.29E-32,AT4G19003,"9, 10, 11, 12, 13"
2158,4.04E-36,-0.508108538,0.333,0.417,8.29E-32,Yes,8.29E-32,AT5G59480,"0, 2, 5, 7"
2159,4.48E-36,0.400896758,0.591,0.532,9.20E-32,No,9.20E-32,AT5G20720,"4, 5, 8, 11, 13"
2160,5.20E-36,-0.504619688,0.184,0.261,1.07E-31,Yes,1.07E-31,AT2G05830,7
2161,5.56E-36,0.598305148,0.358,0.296,1.14E-31,Yes,1.14E-31,AT1G04960,"9, 10, 12, 13, 17"
2162,5.95E-36,-0.532878513,0.202,0.281,1.22E-31,Yes,1.22E-31,AT5G41100,"0, 2, 3, 10, 17"
2163,6.90E-36,-0.440040423,0.369,0.454,1.42E-31,No,1.42E-31,AT2G16660,"1, 3, 4, 8, 11, 14"
2164,8.41E-36,0.547350171,0.265,0.202,1.73E-31,Yes,1.73E-31,AT1G52600,"9, 13, 18"
2165,9.29E-36,0.255107925,0.363,0.277,1.91E-31,No,1.91E-31,AT2G16700,"0, 7, 9, 10, 15, 16"
2166,1.00E-35,0.867830341,0.255,0.195,2.06E-31,Yes,2.06E-31,AT5G11280,"11, 12, 13"
2167,1.03E-35,0.352995928,0.595,0.556,2.11E-31,No,2.11E-31,AT2G36060,"1, 9, 11, 12, 13, 15"
2168,1.22E-35,-0.368245757,0.677,0.725,2.51E-31,No,2.51E-31,AT1G15430,"0, 2, 7, 10, 12, 16"
2169,1.36E-35,0.463153554,0.474,0.423,2.80E-31,No,2.80E-31,AT4G02080,"6, 8, 9, 10, 11, 13, 18"
2170,1.39E-35,-0.507993364,0.21,0.29,2.86E-31,Yes,2.86E-31,AT1G15730,"4, 5, 7"
2171,1.40E-35,0.426951015,0.566,0.532,2.87E-31,No,2.87E-31,AT2G01490,"7, 9, 10, 11, 12, 13"
2172,1.88E-35,0.57456641,0.349,0.287,3.85E-31,Yes,3.85E-31,AT1G55680,"6, 7, 8, 9, 11, 13, 18"
2173,1.93E-35,0.789170581,0.339,0.281,3.97E-31,Yes,3.97E-31,AT1G79230,"8, 11, 12, 13"
2174,3.98E-35,0.3982802,0.635,0.596,8.17E-31,No,8.17E-31,AT5G53560,"0, 9, 10, 18"
2175,4.04E-35,-0.305230135,0.628,0.705,8.31E-31,No,8.31E-31,AT4G19200,"0, 2, 7, 15, 16"
2176,4.26E-35,-0.405412379,0.21,0.289,8.75E-31,No,8.75E-31,AT5G17840,"4, 5, 7"
2177,4.85E-35,-0.398445299,0.649,0.701,9.97E-31,No,9.97E-31,AT3G11820,"0, 2, 3, 7, 14"
2178,5.61E-35,-0.461223233,0.575,0.641,1.15E-30,No,1.15E-30,AT5G49520,"0, 2, 3, 7, 16"
2179,5.71E-35,0.303005054,0.597,0.544,1.17E-30,No,1.17E-30,AT1G25550,"0, 2, 7, 9, 10, 12, 17"
2180,5.77E-35,-0.495496376,0.394,0.487,1.19E-30,No,1.19E-30,AT1G11260,"0, 2, 16"
2181,8.26E-35,-0.586105616,0.178,0.254,1.70E-30,Yes,1.70E-30,AT1G17620,18
2182,8.34E-35,-0.317637027,0.563,0.623,1.71E-30,No,1.71E-30,AT4G10300,"1, 4, 5, 11"
2183,8.45E-35,-0.367047119,0.298,0.383,1.74E-30,No,1.74E-30,AT5G48790,"1, 4, 5, 11"
2184,8.54E-35,-0.443320361,0.186,0.261,1.75E-30,No,1.75E-30,AT4G30620,"1, 4, 5"
2185,9.52E-35,0.653269959,0.289,0.225,1.96E-30,Yes,1.96E-30,AT1G77840,"0, 6, 7, 9, 10, 12, 16, 17"
2186,1.09E-34,0.670025026,0.342,0.283,2.25E-30,Yes,2.25E-30,AT1G74230,"6, 8, 9, 11, 13, 18"
2187,1.46E-34,0.661674007,0.39,0.337,3.00E-30,Yes,3.00E-30,AT3G26900,"8, 11, 12, 13"
2188,1.57E-34,-0.361088551,0.49,0.564,3.23E-30,No,3.23E-30,AT2G45740,"0, 1, 2, 5"
2189,2.04E-34,0.525853439,0.487,0.437,4.20E-30,Yes,4.20E-30,AT3G48930,"4, 5, 8, 9, 11, 13"
2190,2.52E-34,0.513651461,0.477,0.431,5.17E-30,Yes,5.17E-30,AT1G24050,"8, 9, 11, 12, 13, 18"
2191,2.87E-34,-0.325232731,0.304,0.393,5.89E-30,No,5.89E-30,AT1G75800,"1, 4, 5, 8, 11"
2192,3.11E-34,0.478404712,0.602,0.56,6.39E-30,No,6.39E-30,AT2G05620,"1, 8, 11, 12, 13"
2193,3.29E-34,0.456692214,0.343,0.281,6.75E-30,No,6.75E-30,AT1G78620,"1, 6, 8, 9, 11, 13, 14"
2194,3.32E-34,0.558492551,0.382,0.32,6.82E-30,Yes,6.82E-30,AT3G53120,"2, 7, 9, 10, 12, 13, 17"
2195,3.39E-34,0.67972536,0.336,0.28,6.95E-30,Yes,6.95E-30,AT5G51940,"7, 8, 9, 11, 13, 16, 17, 18"
2196,3.63E-34,0.374222966,0.618,0.562,7.45E-30,No,7.45E-30,AT3G62870,"4, 5, 9, 11, 13, 18"
2197,3.98E-34,-0.439466375,0.481,0.555,8.18E-30,No,8.18E-30,AT5G64750,"0, 2, 3, 7, 12"
2198,4.08E-34,0.280707398,0.592,0.542,8.37E-30,No,8.37E-30,AT4G22820,"0, 2, 7, 9, 10, 16, 18"
2199,4.56E-34,0.792900005,0.254,0.195,9.36E-30,Yes,9.36E-30,AT4G16695,"9, 10, 11, 12, 13, 18"
2200,4.61E-34,0.398640078,0.29,0.22,9.47E-30,No,9.47E-30,AT3G22530,"0, 3, 6, 7, 9, 10, 12, 14, 16, 17"
2201,4.93E-34,0.538357523,0.364,0.304,1.01E-29,Yes,1.01E-29,AT5G54430,"7, 9, 13, 15, 16, 17, 18"
2202,5.48E-34,0.399255837,0.366,0.302,1.13E-29,No,1.13E-29,AT5G13030,"0, 6, 9, 10"
2203,7.37E-34,0.433551032,0.543,0.506,1.51E-29,No,1.51E-29,AT2G19790,"8, 11, 12, 13"
2204,8.27E-34,-0.5969208,0.287,0.368,1.70E-29,Yes,1.70E-29,AT4G34240,"0, 2, 3, 7, 14"
2205,9.50E-34,-0.360463812,0.484,0.568,1.95E-29,No,1.95E-29,AT3G62260,"2, 7, 9, 16, 17, 18"
2206,1.50E-33,-0.476713219,0.225,0.302,3.08E-29,No,3.08E-29,AT4G37260,"4, 7, 15, 16, 17"
2207,1.55E-33,-0.729777584,0.201,0.274,3.19E-29,Yes,3.19E-29,AT2G39360,"0, 14"
2208,1.75E-33,0.767100619,0.305,0.248,3.60E-29,Yes,3.60E-29,AT4G35230,"6, 7, 9, 10, 13"
2209,1.77E-33,-0.365874977,0.491,0.545,3.63E-29,No,3.63E-29,AT5G23740,"2, 4, 5, 7, 18"
2210,1.83E-33,-0.326370617,0.303,0.383,3.75E-29,No,3.75E-29,AT4G14960,"1, 4, 5, 9, 17, 18"
2211,2.09E-33,0.525541069,0.345,0.28,4.29E-29,Yes,4.29E-29,AT1G61570,"0, 2, 7, 9, 10, 12, 13, 18"
2212,2.11E-33,0.61335954,0.276,0.214,4.33E-29,Yes,4.33E-29,AT1G23960,"8, 9, 11, 13, 18"
2213,2.38E-33,0.485798716,0.264,0.2,4.88E-29,No,4.88E-29,AT5G08380,"7, 9, 16"
2214,2.43E-33,-0.398605848,0.259,0.342,4.98E-29,No,4.98E-29,AT4G29070,"1, 2, 5, 11, 17"
2215,2.65E-33,0.639825417,0.298,0.239,5.44E-29,Yes,5.44E-29,AT5G37510,"7, 8, 9, 10, 11, 13, 14"
2216,2.68E-33,0.621892247,0.306,0.244,5.50E-29,Yes,5.50E-29,AT1G70770,"0, 6, 9, 10, 15, 17"
2217,2.82E-33,0.52856462,0.506,0.461,5.79E-29,Yes,5.79E-29,AT1G34030,"4, 5, 9, 11, 13"
2218,2.94E-33,0.435088863,0.492,0.445,6.05E-29,No,6.05E-29,GF14 PHI,"9, 10, 13, 18"
2219,3.30E-33,0.740886809,0.303,0.246,6.77E-29,Yes,6.77E-29,AT1G78660,"7, 8, 11, 12, 13"
2220,4.54E-33,-0.353165916,0.374,0.454,9.33E-29,No,9.33E-29,AT3G02180,"1, 4, 5, 11, 13, 18"
2221,4.56E-33,0.290872383,0.485,0.437,9.37E-29,No,9.37E-29,AT4G12590,"3, 6, 11, 13, 14, 15"
2222,4.71E-33,-0.439278505,0.207,0.285,9.68E-29,No,9.68E-29,AT5G20060,"4, 5"
2223,4.74E-33,0.698785164,0.322,0.265,9.74E-29,Yes,9.74E-29,AT1G77540,"8, 9, 10, 11, 12, 13, 18"
2224,5.10E-33,-0.509200723,0.197,0.271,1.05E-28,Yes,1.05E-28,AT2G30170,"4, 5, 11"
2225,5.23E-33,-0.378975475,0.343,0.418,1.07E-28,No,1.07E-28,AT3G14930,"1, 4, 5"
2226,5.62E-33,-0.39368181,0.451,0.538,1.16E-28,No,1.16E-28,AT3G18950,"0, 2, 3, 7, 9, 14, 17"
2227,8.19E-33,0.770259149,0.26,0.201,1.68E-28,Yes,1.68E-28,AT5G66240,"7, 9, 11, 13, 18"
2228,8.91E-33,0.661942443,0.365,0.312,1.83E-28,Yes,1.83E-28,AT3G05070,"8, 9, 11, 12, 13"
2229,1.04E-32,0.650762852,0.378,0.326,2.14E-28,Yes,2.14E-28,AT2G37480,"7, 8, 9, 11, 12, 13, 17, 18"
2230,1.09E-32,0.381512181,0.712,0.667,2.24E-28,No,2.24E-28,AT5G27700,"5, 8, 9, 10, 13, 18"
2231,1.14E-32,0.392611142,0.554,0.523,2.34E-28,No,2.34E-28,AT3G49870,"5, 8, 11, 12, 13"
2232,1.21E-32,0.73067249,0.358,0.306,2.49E-28,Yes,2.49E-28,AT5G42820,"8, 9, 11, 13, 18"
2233,1.21E-32,0.922434732,0.261,0.203,2.49E-28,Yes,2.49E-28,AT5G16060,"9, 11, 12, 13"
2234,1.23E-32,-0.389038451,0.208,0.286,2.53E-28,No,2.53E-28,AT5G53350,"1, 3, 14"
2235,1.26E-32,0.362521036,0.575,0.54,2.60E-28,No,2.60E-28,AT4G11570,"8, 9, 11, 13, 18"
2236,1.33E-32,0.622018157,0.307,0.248,2.74E-28,Yes,2.74E-28,AT1G79590,"9, 10, 11, 12, 13, 17"
2237,1.57E-32,0.278749497,0.716,0.681,3.22E-28,No,3.22E-28,AT1G21065,"1, 5, 8, 11, 12, 13"
2238,2.05E-32,-0.331550497,0.29,0.372,4.21E-28,No,4.21E-28,AT2G46910,"1, 4, 5, 11"
2239,2.22E-32,0.518471073,0.418,0.371,4.57E-28,Yes,4.57E-28,AT1G76030,"8, 9, 11, 13, 17, 18"
2240,2.32E-32,0.514433133,0.486,0.442,4.77E-28,Yes,4.77E-28,AT5G52840,"7, 8, 9, 11, 13"
2241,2.68E-32,0.262020712,0.748,0.698,5.51E-28,No,5.51E-28,AT4G27090,"4, 5, 7, 9, 11, 13, 16, 18"
2242,2.93E-32,-0.287281011,0.45,0.525,6.01E-28,No,6.01E-28,AT1G33810,"0, 1, 2, 4, 5"
2243,2.94E-32,0.37575367,0.485,0.434,6.03E-28,No,6.03E-28,AT4G35860,"0, 10, 12, 16, 18"
2244,3.27E-32,0.657815133,0.34,0.285,6.73E-28,Yes,6.73E-28,GAMMA CA2,"7, 9, 11, 13"
2245,3.43E-32,-0.325941264,0.346,0.432,7.05E-28,No,7.05E-28,AT4G14270,"1, 4, 5, 11, 17, 18"
2246,4.24E-32,-0.29193712,0.419,0.495,8.72E-28,No,8.72E-28,AT2G17240,"0, 1, 2, 4, 5, 10"
2247,4.48E-32,-0.331875739,0.481,0.549,9.21E-28,No,9.21E-28,AT3G63540,"1, 4, 5, 8, 11"
2248,4.54E-32,0.392280944,0.585,0.552,9.32E-28,No,9.32E-28,AT5G57815,"1, 8, 10, 11, 12, 13"
2249,5.31E-32,0.426033822,0.492,0.45,1.09E-27,No,1.09E-27,AT5G09810,"9, 11, 13, 16, 17, 18"
2250,6.24E-32,-0.313036454,0.596,0.644,1.28E-27,No,1.28E-27,AT1G42960,"1, 4, 5"
2251,6.35E-32,0.303644209,0.636,0.578,1.30E-27,No,1.30E-27,AT3G09200,"4, 5, 9, 11, 13"
2252,6.60E-32,-0.393111293,0.253,0.334,1.35E-27,No,1.35E-27,AT1G78280,"2, 3, 7, 9, 15, 16"
2253,6.69E-32,0.346588077,0.641,0.593,1.37E-27,No,1.37E-27,AT2G40510,"5, 8, 9, 10, 11, 13"
2254,6.91E-32,0.342534943,0.506,0.459,1.42E-27,No,1.42E-27,AT3G58730,"8, 9, 10, 11, 13"
2255,6.98E-32,0.856199736,0.269,0.212,1.43E-27,Yes,1.43E-27,AT1G01725,"10, 11, 12, 13"
2256,7.75E-32,0.570638666,0.356,0.3,1.59E-27,Yes,1.59E-27,AT5G62020,"7, 9, 10, 12, 15, 17"
2257,8.85E-32,0.571233847,0.44,0.392,1.82E-27,Yes,1.82E-27,AT3G14290,"9, 11, 12, 13"
2258,9.21E-32,-0.60555851,0.291,0.364,1.89E-27,Yes,1.89E-27,AT5G14700,"2, 3, 4, 5, 7"
2259,1.04E-31,0.330020729,0.402,0.33,2.14E-27,No,2.14E-27,AT2G31200,"0, 2, 9, 10, 12, 15, 16, 17"
2260,1.12E-31,0.618720618,0.312,0.254,2.30E-27,Yes,2.30E-27,AT4G34270,"8, 9, 11, 12, 13"
2261,1.39E-31,0.448477958,0.543,0.506,2.86E-27,No,2.86E-27,AT2G17360,"4, 5, 7, 9, 11, 13, 16, 18"
2262,1.45E-31,0.290460922,0.631,0.601,2.97E-27,No,2.97E-27,AT5G08290,"9, 10, 11, 12, 13"
2263,1.47E-31,0.641145439,0.36,0.309,3.02E-27,Yes,3.02E-27,AT2G24765,"8, 9, 11, 12, 13, 18"
2264,1.53E-31,0.497664149,0.282,0.215,3.13E-27,No,3.13E-27,AT5G11090,"0, 2, 6, 10, 12, 15, 17, 18"
2265,1.62E-31,0.512453513,0.398,0.346,3.34E-27,Yes,3.34E-27,AT2G47420,"9, 10, 11, 12, 13"
2266,1.84E-31,0.850728733,0.264,0.209,3.79E-27,Yes,3.79E-27,AT5G06450,"9, 10, 11, 12, 13"
2267,2.00E-31,-0.571781461,0.222,0.296,4.10E-27,Yes,4.10E-27,AT5G57990,"0, 2, 3, 6, 14, 15"
2268,2.04E-31,-0.353949768,0.202,0.276,4.18E-27,No,4.18E-27,AT5G06060,"4, 5, 11"
2269,2.04E-31,0.607035933,0.325,0.269,4.20E-27,Yes,4.20E-27,AT1G80670,"6, 9, 10, 12, 16, 17"
2270,2.05E-31,0.478828718,0.423,0.373,4.22E-27,No,4.22E-27,AT3G42050,"7, 8, 9, 10, 11, 13"
2271,2.18E-31,0.465361545,0.486,0.448,4.47E-27,No,4.47E-27,AT5G08530,"7, 8, 9, 11, 18"
2272,2.31E-31,0.653796086,0.342,0.289,4.74E-27,Yes,4.74E-27,AT3G60190,"8, 9, 13, 18"
2273,2.37E-31,0.590733987,0.346,0.293,4.87E-27,Yes,4.87E-27,AT3G03330,"8, 9, 11, 12, 13, 18"
2274,3.18E-31,0.58523655,0.381,0.327,6.53E-27,Yes,6.53E-27,AT3G53580,"4, 8, 9, 10, 13"
2275,3.47E-31,0.385110955,0.489,0.441,7.13E-27,No,7.13E-27,AT5G58375,"6, 9, 10, 13, 14, 15, 18"
2276,3.60E-31,0.479524105,0.487,0.43,7.40E-27,No,7.40E-27,AT3G51920,"7, 9, 13, 17, 18"
2277,4.83E-31,0.564252292,0.418,0.371,9.92E-27,Yes,9.92E-27,AT5G55940,"8, 9, 11, 12, 13"
2278,5.32E-31,0.692577661,0.265,0.208,1.09E-26,Yes,1.09E-26,AT1G13450,"11, 12, 13"
2279,5.70E-31,0.649191132,0.327,0.272,1.17E-26,Yes,1.17E-26,AT5G41685,"9, 10, 12, 13, 17, 18"
2280,6.96E-31,0.281101724,0.832,0.778,1.43E-26,No,1.43E-26,AT3G14420,"1, 5, 8, 11, 12, 13"
2281,7.28E-31,0.341527763,0.647,0.589,1.49E-26,No,1.49E-26,AT4G00100,"4, 5, 8, 9, 11, 13, 18"
2282,8.30E-31,0.509749443,0.458,0.413,1.71E-26,Yes,1.71E-26,AT3G62790,"1, 7, 8, 9, 11, 12, 13, 18"
2283,9.61E-31,0.280340819,0.664,0.642,1.97E-26,No,1.97E-26,AT3G51730,"1, 3, 6, 11, 13, 14, 18"
2284,1.02E-30,0.618183499,0.296,0.24,2.09E-26,Yes,2.09E-26,AT1G22520,"9, 10, 11, 12, 13"
2285,1.18E-30,-0.403378973,0.272,0.352,2.43E-26,No,2.43E-26,AT3G15630,"4, 5, 7, 16"
2286,1.23E-30,0.652994779,0.291,0.232,2.53E-26,Yes,2.53E-26,AT5G54080,"11, 12, 13, 18"
2287,1.27E-30,0.550443792,0.414,0.363,2.61E-26,Yes,2.61E-26,AT4G20380,"0, 2, 9, 10, 13"
2288,1.33E-30,0.842570812,0.25,0.191,2.73E-26,Yes,2.73E-26,AT3G05640,"7, 11, 12, 18"
2289,1.54E-30,0.415588119,0.445,0.392,3.16E-26,No,3.16E-26,AT1G56190,"8, 11, 13"
2290,1.57E-30,-0.514540366,0.334,0.411,3.22E-26,Yes,3.22E-26,AT2G20960,"0, 2, 3, 9, 10, 14"
2291,1.63E-30,0.715975765,0.308,0.251,3.34E-26,Yes,3.34E-26,AT5G02530,"8, 9, 11, 13"
2292,1.63E-30,-0.468082368,0.215,0.289,3.35E-26,No,3.35E-26,AT4G01800,"1, 3, 8, 14, 15"
2293,1.63E-30,0.626276682,0.341,0.288,3.36E-26,Yes,3.36E-26,AT3G19520,"8, 9, 11, 12, 13, 18"
2294,1.65E-30,0.516813855,0.454,0.407,3.39E-26,Yes,3.39E-26,AT5G08670,"7, 8, 9, 11, 13"
2295,1.71E-30,0.682349931,0.29,0.233,3.51E-26,Yes,3.51E-26,AT5G56340,"0, 6, 9, 10, 17"
2296,1.74E-30,-0.354504065,0.234,0.311,3.58E-26,No,3.58E-26,AT5G13720,"4, 5, 8, 11"
2297,2.06E-30,0.595863347,0.407,0.353,4.24E-26,Yes,4.24E-26,AT1G26880,"4, 5, 8, 9, 10, 11, 13"
2298,2.16E-30,0.365492332,0.559,0.527,4.43E-26,No,4.43E-26,E1 ALPHA,"8, 11, 12, 13, 15, 18"
2299,2.42E-30,0.374502809,0.827,0.791,4.97E-26,No,4.97E-26,AT4G39670,"0, 2, 9, 10, 12, 17"
2300,2.88E-30,0.655580672,0.326,0.271,5.91E-26,Yes,5.91E-26,AT5G51570,"6, 7, 9, 10, 13, 18"
2301,2.89E-30,0.286160007,0.712,0.686,5.94E-26,No,5.94E-26,AT2G33150,"0, 9, 10, 12"
2302,3.24E-30,-0.331243165,0.198,0.271,6.65E-26,No,6.65E-26,AT1G17100,11
2303,3.28E-30,-0.280414223,0.397,0.472,6.74E-26,No,6.74E-26,AT5G17920,"1, 4, 5, 7"
2304,4.19E-30,0.445774128,0.316,0.256,8.60E-26,No,8.60E-26,AT4G33540,"0, 7, 10, 12, 13"
2305,5.05E-30,0.610737322,0.411,0.365,1.04E-25,Yes,1.04E-25,AT1G06430,"11, 12, 13"
2306,5.07E-30,0.711331771,0.331,0.28,1.04E-25,Yes,1.04E-25,AT1G26665,"8, 10, 11, 12, 13, 18"
2307,5.67E-30,0.56481036,0.467,0.425,1.16E-25,Yes,1.16E-25,AT1G53670,"1, 9, 11, 12, 13"
2308,5.73E-30,0.395769555,0.562,0.529,1.18E-25,No,1.18E-25,AT4G33250,"5, 7, 9, 11, 13, 18"
2309,5.79E-30,0.643070606,0.289,0.232,1.19E-25,Yes,1.19E-25,AT2G32260,"6, 9, 10, 12, 18"
2310,5.81E-30,-0.552050786,0.495,0.571,1.19E-25,Yes,1.19E-25,AT3G29000,"3, 6, 9, 14, 17"
2311,6.37E-30,-0.509301978,0.408,0.494,1.31E-25,Yes,1.31E-25,AT5G64260,"3, 7, 15, 16"
2312,6.44E-30,-0.359886471,0.223,0.298,1.32E-25,No,1.32E-25,AT4G27700,"1, 4, 5, 11"
2313,7.43E-30,-0.457325174,0.186,0.258,1.53E-25,No,1.53E-25,AT3G51420,"1, 4, 11"
2314,7.66E-30,0.672847132,0.387,0.336,1.57E-25,Yes,1.57E-25,AT5G04800,"4, 5, 9, 10, 11, 12, 13"
2315,7.77E-30,0.574977741,0.381,0.333,1.60E-25,Yes,1.60E-25,AT5G45360,"8, 9, 11, 12, 13, 18"
2316,8.15E-30,-0.760965035,0.238,0.303,1.67E-25,Yes,1.67E-25,AT2G39200,"0, 3, 6, 7, 14"
2317,8.87E-30,-0.403352549,0.262,0.337,1.82E-25,No,1.82E-25,AT4G02510,"1, 3"
2318,8.96E-30,0.607713185,0.439,0.392,1.84E-25,Yes,1.84E-25,AT5G09830,"8, 9, 10, 11, 12, 13"
2319,1.01E-29,-0.677022757,0.242,0.311,2.08E-25,Yes,2.08E-25,AT2G38790,"2, 3, 7, 9, 14, 17, 18"
2320,1.08E-29,0.317336042,0.623,0.596,2.22E-25,No,2.22E-25,AT4G36800,"9, 10, 12, 13"
2321,1.11E-29,-0.349478805,0.712,0.736,2.28E-25,No,2.28E-25,AT1G80840,"2, 4, 7, 12, 16, 17"
2322,1.15E-29,0.444450641,0.458,0.406,2.36E-25,No,2.36E-25,AT2G01450,"8, 11, 12, 13"
2323,1.28E-29,-0.289056234,0.398,0.478,2.63E-25,No,2.63E-25,AT3G55800,"1, 4, 5, 8, 11"
2324,1.34E-29,-0.411022141,0.305,0.386,2.75E-25,No,2.75E-25,AT5G41210,"1, 7, 16"
2325,1.47E-29,0.793520515,0.28,0.226,3.01E-25,Yes,3.01E-25,AT5G42990,"8, 11, 12, 13, 15"
2326,1.73E-29,0.468468321,0.609,0.585,3.56E-25,No,3.56E-25,AT5G54810,"0, 9, 10, 13"
2327,1.80E-29,0.554449905,0.276,0.219,3.69E-25,Yes,3.69E-25,AT1G43700,"8, 9, 11, 13, 15, 18"
2328,1.97E-29,0.648463312,0.26,0.206,4.05E-25,Yes,4.05E-25,AT1G53280,"9, 11, 13"
2329,2.10E-29,-0.475298908,0.463,0.535,4.31E-25,No,4.31E-25,AT5G52050,"4, 7"
2330,2.18E-29,0.606877354,0.332,0.276,4.48E-25,Yes,4.48E-25,AT1G08460,"8, 9, 11, 12, 13, 18"
2331,2.26E-29,-0.410127308,0.261,0.339,4.64E-25,No,4.64E-25,AT5G52960,"1, 4, 5"
2332,2.38E-29,-0.563063286,0.322,0.395,4.90E-25,Yes,4.90E-25,AT4G38810,"0, 2, 3, 11, 12"
2333,2.52E-29,-0.300771817,0.227,0.301,5.18E-25,No,5.18E-25,AT2G30980,"4, 5"
2334,2.56E-29,-0.450955309,0.37,0.451,5.27E-25,No,5.27E-25,AT1G34260,"0, 2, 3, 6, 14"
2335,3.04E-29,-0.288350562,0.275,0.352,6.24E-25,No,6.24E-25,AT1G24880,"4, 5, 7, 15, 16, 17"
2336,3.10E-29,-0.321496484,0.382,0.456,6.36E-25,No,6.36E-25,AT4G33670,"1, 4, 5, 11"
2337,3.34E-29,-0.484166442,0.296,0.378,6.86E-25,No,6.86E-25,AT5G16910,"0, 2, 3, 10, 14"
2338,3.36E-29,-0.328448559,0.443,0.505,6.91E-25,No,6.91E-25,AT4G25740,"1, 4, 5"
2339,4.38E-29,0.677346955,0.312,0.258,9.01E-25,Yes,9.01E-25,AT3G52580,"8, 9, 11, 12, 13"
2340,4.50E-29,-0.588338999,0.357,0.432,9.25E-25,Yes,9.25E-25,AT4G38550,"0, 2, 3, 10, 14"
2341,6.65E-29,0.362820986,0.629,0.576,1.37E-24,No,1.37E-24,AT2G18020,"4, 5, 9, 11, 13"
2342,7.54E-29,0.623715534,0.317,0.265,1.55E-24,Yes,1.55E-24,AT1G78150,"4, 8, 9, 11, 12, 13, 18"
2343,7.73E-29,0.647052165,0.504,0.466,1.59E-24,Yes,1.59E-24,AT1G70780,"8, 10, 11, 12, 17"
2344,8.48E-29,-0.280929975,0.655,0.687,1.74E-24,No,1.74E-24,AT3G58680,"1, 4, 18"
2345,9.11E-29,0.417312356,0.483,0.439,1.87E-24,No,1.87E-24,AT1G12810,"7, 9, 10, 11, 12, 13, 16, 18"
2346,9.64E-29,0.359401507,0.522,0.482,1.98E-24,No,1.98E-24,AT3G52220,"0, 7, 9, 10, 12, 16, 18"
2347,1.05E-28,0.569655797,0.253,0.195,2.15E-24,Yes,2.15E-24,AT5G55700,"9, 10, 11, 12, 18"
2348,1.08E-28,0.479615558,0.314,0.254,2.21E-24,No,2.21E-24,AT1G05560,"0, 6, 7, 10, 12"
2349,1.13E-28,0.913401398,0.273,0.222,2.32E-24,Yes,2.32E-24,AT2G33250,"1, 8, 11, 12, 13, 15"
2350,1.16E-28,0.371843409,0.639,0.586,2.39E-24,No,2.39E-24,AT4G17390,"4, 5, 8, 11, 13"
2351,1.18E-28,-0.292388178,0.473,0.538,2.42E-24,No,2.42E-24,AT2G43560,"1, 4, 5"
2352,1.38E-28,0.404274822,0.343,0.285,2.84E-24,No,2.84E-24,AT5G16800,"0, 2, 9, 10, 16"
2353,1.43E-28,0.486491335,0.286,0.233,2.94E-24,No,2.94E-24,AT2G43350,"3, 6, 9, 11, 13, 14, 18"
2354,1.52E-28,-0.647721193,0.248,0.316,3.11E-24,Yes,3.11E-24,AT3G02800,"0, 2, 3, 7, 9, 16"
2355,1.53E-28,0.496226764,0.477,0.437,3.15E-24,No,3.15E-24,AT5G38980,"1, 7, 8, 11, 12, 13"
2356,1.59E-28,0.558776064,0.376,0.326,3.26E-24,Yes,3.26E-24,AT5G20520,"6, 7, 8, 9, 11, 13, 18"
2357,2.41E-28,-0.785299818,0.192,0.257,4.96E-24,Yes,4.96E-24,AT4G12000,"0, 2, 7"
2358,2.53E-28,-0.326949916,0.234,0.31,5.19E-24,No,5.19E-24,AT1G21600,"1, 4, 5, 11"
2359,2.70E-28,0.771390946,0.292,0.24,5.55E-24,Yes,5.55E-24,AT5G47770,"4, 5, 8, 9, 11, 12, 13"
2360,4.44E-28,0.468578205,0.29,0.234,9.12E-24,No,9.12E-24,AT1G67060,"3, 6, 9, 10"
2361,4.91E-28,0.483728536,0.444,0.404,1.01E-23,No,1.01E-23,AT2G19830,"9, 10, 11, 12, 13"
2362,4.92E-28,0.563492194,0.344,0.283,1.01E-23,Yes,1.01E-23,AT1G22985,"2, 7, 9, 10, 12, 16, 17, 18"
2363,5.74E-28,0.693031521,0.34,0.289,1.18E-23,Yes,1.18E-23,AT1G24360,"4, 6, 9, 10, 13"
2364,6.17E-28,-0.485843976,0.332,0.406,1.27E-23,No,1.27E-23,AT2G41640,"3, 6, 14, 17"
2365,7.94E-28,0.66948463,0.33,0.281,1.63E-23,Yes,1.63E-23,AT2G39990,"4, 5, 8, 9, 11, 12, 13, 18"
2366,8.42E-28,0.63795724,0.351,0.303,1.73E-23,Yes,1.73E-23,AT1G06400,"7, 8, 11, 12, 13, 18"
2367,9.47E-28,0.763019028,0.274,0.224,1.95E-23,Yes,1.95E-23,AT3G47490,"6, 8, 9, 13, 17"
2368,1.02E-27,-0.431115073,0.207,0.278,2.09E-23,No,2.09E-23,ATCG00760,"3, 6"
2369,1.06E-27,0.581937266,0.37,0.323,2.18E-23,Yes,2.18E-23,AT1G12310,"9, 10, 12, 15, 18"
2370,1.10E-27,-0.324546033,0.502,0.567,2.26E-23,No,2.26E-23,AT2G01110,"1, 4, 5, 11"
2371,1.21E-27,-0.359949417,0.543,0.605,2.48E-23,No,2.48E-23,AT1G70420,"0, 2, 3, 7, 17"
2372,1.43E-27,-0.469933751,0.639,0.7,2.93E-23,No,2.93E-23,AT1G72520,"0, 2, 3, 7, 14, 16"
2373,1.60E-27,0.532558256,0.435,0.394,3.29E-23,Yes,3.29E-23,AT1G44770,"1, 8, 9, 11, 12, 13, 18"
2374,1.70E-27,-0.506416578,0.288,0.367,3.50E-23,Yes,3.50E-23,AT5G57655,"1, 3, 6, 11"
2375,1.75E-27,-0.471956888,0.268,0.342,3.59E-23,No,3.59E-23,AT5G62570,"0, 2, 3, 17"
2376,1.85E-27,-0.291819536,0.235,0.308,3.80E-23,No,3.80E-23,AT1G06190,"1, 4, 5"
2377,2.08E-27,0.588091675,0.337,0.287,4.26E-23,Yes,4.26E-23,AT4G26410,"8, 9, 10, 11, 12, 13"
2378,2.51E-27,0.446221209,0.386,0.341,5.15E-23,No,5.15E-23,AT2G25910,"7, 9, 11, 12, 13, 18"
2379,2.53E-27,0.564187521,0.288,0.231,5.20E-23,Yes,5.20E-23,AT1G64740,"0, 6, 7, 8, 9, 10, 16"
2380,2.64E-27,0.379849271,0.553,0.517,5.42E-23,No,5.42E-23,AT1G22300,"0, 7, 9, 10, 13, 16, 18"
2381,2.83E-27,-0.320776723,0.315,0.384,5.82E-23,No,5.82E-23,AT3G02790,"2, 4, 5, 13"
2382,2.97E-27,-0.285098797,0.239,0.309,6.10E-23,No,6.10E-23,AT5G49645,"1, 7, 14, 18"
2383,3.13E-27,-0.356987854,0.254,0.328,6.43E-23,No,6.43E-23,AT3G61080,"1, 4, 5, 11, 13"
2384,3.22E-27,0.643026041,0.32,0.269,6.61E-23,Yes,6.61E-23,AT1G56450,"8, 9, 10, 13"
2385,3.37E-27,0.578049487,0.38,0.332,6.91E-23,Yes,6.91E-23,AT5G22875,"8, 9, 10, 11, 12, 13"
2386,3.88E-27,0.70263114,0.302,0.249,7.97E-23,Yes,7.97E-23,AT5G06140,"6, 8, 9, 11, 12, 13, 18"
2387,4.34E-27,-0.314090463,0.362,0.443,8.92E-23,No,8.92E-23,AT5G62790,"1, 4, 11"
2388,4.35E-27,-0.406470934,0.205,0.271,8.93E-23,No,8.93E-23,AT4G02200,"4, 5, 7, 13"
2389,5.88E-27,0.700246985,0.268,0.218,1.21E-22,Yes,1.21E-22,AT1G68680,"8, 9, 10, 12, 13"
2390,6.69E-27,0.506049195,0.434,0.394,1.38E-22,Yes,1.38E-22,AT1G71480,"1, 8, 11, 12, 13"
2391,7.19E-27,0.652803048,0.323,0.272,1.48E-22,Yes,1.48E-22,AT5G66140,"8, 9, 11, 12, 13"
2392,7.27E-27,0.452051901,0.362,0.312,1.49E-22,No,1.49E-22,AT5G58040,"9, 10, 12, 16, 17, 18"
2393,8.21E-27,0.745107294,0.252,0.2,1.69E-22,Yes,1.69E-22,AT3G15040,"9, 10, 11, 12, 13"
2394,8.83E-27,0.494996839,0.419,0.377,1.81E-22,No,1.81E-22,AT3G51260,"1, 8, 9, 11, 13"
2395,1.07E-26,-0.542808349,0.23,0.295,2.21E-22,Yes,2.21E-22,AT4G28140,"2, 3, 7, 16"
2396,1.12E-26,-0.313101121,0.529,0.586,2.31E-22,No,2.31E-22,AT3G26580,"1, 4, 5"
2397,1.18E-26,0.577489074,0.277,0.223,2.43E-22,Yes,2.43E-22,AT3G54840,"0, 9, 10, 13, 18"
2398,1.34E-26,0.458492124,0.376,0.329,2.75E-22,No,2.75E-22,AT2G38270,"8, 11, 12, 13"
2399,1.35E-26,0.49919939,0.471,0.432,2.78E-22,No,2.78E-22,AT5G04170,"0, 9, 10, 13, 17"
2400,1.42E-26,0.501134287,0.437,0.398,2.92E-22,Yes,2.92E-22,AT1G64850,"1, 8, 11, 12, 13"
2401,1.48E-26,0.429556133,0.541,0.503,3.04E-22,No,3.04E-22,AT1G76490,"6, 8, 9, 13, 14, 18"
2402,1.59E-26,0.665179511,0.334,0.286,3.26E-22,Yes,3.26E-22,AT1G45000,"8, 9, 11, 13"
2403,1.66E-26,0.493783053,0.266,0.21,3.42E-22,No,3.42E-22,AT3G51130,"0, 6, 9, 10, 18"
2404,1.83E-26,0.278865247,0.684,0.634,3.76E-22,No,3.76E-22,AT2G34480,"4, 5, 9, 11, 13"
2405,2.00E-26,0.589013694,0.256,0.201,4.12E-22,Yes,4.12E-22,AT3G09000,"0, 9, 10, 12"
2406,2.06E-26,0.596510859,0.488,0.463,4.22E-22,Yes,4.22E-22,AT5G57345,"1, 8, 11, 12"
2407,2.06E-26,0.576433115,0.338,0.289,4.23E-22,Yes,4.23E-22,AT5G63905,"9, 10, 12, 13, 18"
2408,2.09E-26,-0.335691847,0.569,0.645,4.30E-22,No,4.30E-22,AT1G09940,"0, 2, 6, 7"
2409,2.27E-26,0.735138997,0.281,0.23,4.66E-22,Yes,4.66E-22,AT3G02220,"4, 8, 9, 11, 12, 13"
2410,2.38E-26,0.517170846,0.389,0.346,4.89E-22,Yes,4.89E-22,AT1G04630,"9, 11, 13"
2411,2.44E-26,0.271939708,0.49,0.446,5.02E-22,No,5.02E-22,AT2G16510,"3, 6, 10, 14, 18"
2412,2.60E-26,0.641908315,0.292,0.24,5.34E-22,Yes,5.34E-22,AT1G33990,"8, 9, 11, 13, 17"
2413,2.65E-26,0.413565477,0.456,0.407,5.44E-22,No,5.44E-22,AT5G45100,"0, 2, 9, 12, 17"
2414,3.01E-26,-0.283185913,0.241,0.312,6.17E-22,No,6.17E-22,AT5G08540,"1, 4, 5, 8, 11"
2415,3.79E-26,-0.467168152,0.243,0.311,7.79E-22,No,7.79E-22,AT1G04640,"1, 4, 5, 11"
2416,3.91E-26,0.59488113,0.317,0.267,8.04E-22,Yes,8.04E-22,AT5G46840,"6, 8, 9, 11, 12, 13, 18"
2417,4.16E-26,0.657651903,0.314,0.264,8.55E-22,Yes,8.55E-22,AT1G79550,"7, 9, 15, 16, 17"
2418,4.22E-26,-0.281472198,0.253,0.328,8.67E-22,No,8.67E-22,AT1G70820,"1, 3, 4, 11"
2419,4.69E-26,0.351422074,0.538,0.501,9.64E-22,No,9.64E-22,AT1G69840,"7, 9, 13, 16, 17, 18"
2420,4.71E-26,0.721073202,0.534,0.497,9.68E-22,Yes,9.68E-22,AT3G13520,"0, 2, 7, 9, 10, 17"
2421,5.59E-26,-0.250028813,0.47,0.544,1.15E-21,No,1.15E-21,AT1G67740,"1, 4, 5, 11"
2422,5.73E-26,-0.377279132,0.239,0.309,1.18E-21,No,1.18E-21,AT2G36250,"4, 5"
2423,6.75E-26,-0.393299411,0.27,0.34,1.39E-21,No,1.39E-21,AT3G12390,"4, 5, 7, 18"
2424,6.82E-26,0.411370811,0.468,0.43,1.40E-21,No,1.40E-21,AT1G01820,"9, 11, 12, 13"
2425,6.84E-26,-0.280139037,0.743,0.739,1.40E-21,No,1.40E-21,AT1G01720,"2, 4, 5, 7, 16, 17"
2426,7.17E-26,0.300691068,0.529,0.493,1.47E-21,No,1.47E-21,AT4G14710,"7, 9, 10, 15, 16, 18"
2427,7.51E-26,-0.418439762,0.219,0.288,1.54E-21,No,1.54E-21,AT3G58140,"1, 3, 4, 5"
2428,8.71E-26,-0.266242564,0.47,0.537,1.79E-21,No,1.79E-21,AT3G10850,"1, 4, 5, 18"
2429,1.01E-25,0.606805476,0.34,0.291,2.07E-21,Yes,2.07E-21,AT2G01850,"6, 10, 12, 14"
2430,1.02E-25,-0.319317117,0.45,0.52,2.09E-21,No,2.09E-21,AT2G26340,"1, 4, 5, 11"
2431,1.08E-25,-0.662805653,0.558,0.614,2.22E-21,Yes,2.22E-21,AT2G34250,"0, 2, 6, 14"
2432,1.23E-25,0.734216837,0.285,0.235,2.54E-21,Yes,2.54E-21,AT1G74440,"4, 5, 8, 11, 12, 13, 17"
2433,1.33E-25,0.413256767,0.357,0.312,2.74E-21,No,2.74E-21,AT3G51610,"8, 11, 12, 13, 14, 18"
2434,1.42E-25,-0.347881611,0.329,0.409,2.92E-21,No,2.92E-21,AT1G02660,"0, 2, 3, 6, 10, 14"
2435,1.44E-25,0.453152111,0.486,0.448,2.96E-21,No,2.96E-21,AT3G46430,"8, 11, 12, 13"
2436,1.49E-25,0.551757498,0.369,0.322,3.05E-21,Yes,3.05E-21,AT1G67250,"8, 9, 11, 13"
2437,1.49E-25,0.607947402,0.28,0.228,3.05E-21,Yes,3.05E-21,AT5G19330,"7, 8, 9, 11, 13, 16, 18"
2438,1.49E-25,-0.554230264,0.403,0.466,3.06E-21,Yes,3.06E-21,AT2G30360,"0, 2, 3, 7, 15, 16, 18"
2439,1.58E-25,0.6000481,0.439,0.403,3.25E-21,Yes,3.25E-21,AT1G09640,"7, 8, 9, 13, 16, 18"
2440,1.63E-25,0.33617765,0.585,0.56,3.35E-21,No,3.35E-21,AT3G46010,"9, 10, 13, 16, 18"
2441,2.02E-25,0.309368188,0.449,0.401,4.16E-21,No,4.16E-21,AT4G39890,"0, 2, 9, 10, 12, 13"
2442,2.29E-25,-0.316751656,0.221,0.29,4.71E-21,No,4.71E-21,AT2G35450,"1, 2, 4, 5"
2443,2.33E-25,0.610602049,0.251,0.199,4.78E-21,Yes,4.78E-21,AT1G17280,"9, 10, 11, 13, 18"
2444,2.39E-25,0.535921571,0.404,0.359,4.91E-21,Yes,4.91E-21,AT5G16050,"7, 8, 9, 13, 16, 17, 18"
2445,3.21E-25,0.548614545,0.284,0.231,6.59E-21,Yes,6.59E-21,AT5G04410,"2, 9, 10, 16, 17"
2446,3.69E-25,-0.306395865,0.215,0.281,7.59E-21,No,7.59E-21,AT5G01020,"1, 4, 5, 11"
2447,4.19E-25,-0.31757451,0.471,0.529,8.60E-21,No,8.60E-21,AT1G69740,"0, 4, 5, 10"
2448,8.21E-25,0.311895935,0.6,0.56,1.69E-20,No,1.69E-20,AT3G53020,"4, 5, 7, 9, 11, 13, 18"
2449,8.24E-25,0.630688057,0.291,0.239,1.69E-20,Yes,1.69E-20,AT5G27640,"8, 9, 10, 11, 12, 13"
2450,8.39E-25,0.762332716,0.419,0.388,1.72E-20,Yes,1.72E-20,AT4G35750,"1, 11, 12, 13, 18"
2451,9.65E-25,0.562054213,0.323,0.275,1.98E-20,Yes,1.98E-20,AT3G07220,"8, 9, 11, 12, 13, 18"
2452,9.74E-25,0.777132367,0.294,0.243,2.00E-20,Yes,2.00E-20,AT3G15000,"4, 7, 8, 9, 11, 13, 15, 17, 18"
2453,9.97E-25,-0.276376111,0.627,0.663,2.05E-20,No,2.05E-20,AT3G62030,"1, 4, 5"
2454,1.12E-24,-0.396616887,0.26,0.329,2.29E-20,No,2.29E-20,AT3G58010,"1, 3, 4"
2455,1.24E-24,-0.272097623,0.219,0.285,2.54E-20,No,2.54E-20,AT2G03440,"1, 4, 7, 15, 16, 18"
2456,1.38E-24,0.713859975,0.373,0.334,2.83E-20,Yes,2.83E-20,AT2G45660,"1, 8, 11, 12, 13"
2457,1.63E-24,0.477144958,0.329,0.277,3.36E-20,No,3.36E-20,AT3G12480,"7, 9, 10, 17, 18"
2458,1.65E-24,0.319442464,0.517,0.475,3.39E-20,No,3.39E-20,AT2G20760,"0, 2, 9, 10"
2459,1.96E-24,-0.339504815,0.546,0.601,4.02E-20,No,4.02E-20,AT1G65960,"1, 7, 11, 18"
2460,2.30E-24,0.543987578,0.336,0.286,4.73E-20,Yes,4.73E-20,AT1G12840,"8, 9, 11, 13"
2461,2.42E-24,0.459545572,0.314,0.265,4.97E-20,No,4.97E-20,AT4G14500,"6, 7, 8, 9, 11, 14, 15"
2462,2.59E-24,-0.358772088,0.205,0.27,5.33E-20,No,5.33E-20,AT5G59250,"3, 4, 5"
2463,3.76E-24,0.645201777,0.313,0.265,7.72E-20,Yes,7.72E-20,AT3G45050,"4, 8, 9, 11, 12, 13"
2464,3.85E-24,0.4118375,0.518,0.471,7.91E-20,No,7.91E-20,AT5G57290,"4, 5, 8, 9, 10, 11, 13, 18"
2465,3.95E-24,-0.349130507,0.385,0.462,8.11E-20,No,8.11E-20,AT3G02910,"0, 2, 3, 7, 10"
2466,4.43E-24,-0.447155716,0.227,0.293,9.10E-20,No,9.10E-20,AT3G15480,"3, 4, 5, 11, 14, 16, 18"
2467,4.43E-24,-0.276857341,0.503,0.559,9.11E-20,No,9.11E-20,AT4G34190,"1, 4, 5, 11"
2468,4.52E-24,-0.378548593,0.233,0.299,9.29E-20,No,9.29E-20,AT5G04430,"4, 5"
2469,4.61E-24,0.758889529,0.332,0.284,9.46E-20,Yes,9.46E-20,AT2G20490,"8, 9, 11, 13"
2470,4.73E-24,-0.319156367,0.662,0.698,9.71E-20,No,9.71E-20,ATCG00170,"1, 3, 6"
2471,5.79E-24,-0.278906209,0.441,0.516,1.19E-19,No,1.19E-19,AT3G61870,"1, 4, 5, 8, 11"
2472,5.94E-24,-0.289632688,0.313,0.384,1.22E-19,No,1.22E-19,AT5G14970,"1, 4, 5, 8, 11"
2473,6.48E-24,0.486906525,0.325,0.273,1.33E-19,No,1.33E-19,AT1G07930,"0, 6, 8, 9, 10, 13"
2474,7.08E-24,-0.349503516,0.521,0.592,1.45E-19,No,1.45E-19,AT3G04730,"0, 2, 3, 7, 16"
2475,7.35E-24,0.267507805,0.52,0.478,1.51E-19,No,1.51E-19,AT1G13390,"0, 2, 6, 7, 9, 10, 12, 16, 17, 18"
2476,7.68E-24,0.485301199,0.381,0.337,1.58E-19,No,1.58E-19,AT2G38000,"0, 2, 7, 9, 12, 13, 17"
2477,7.95E-24,-0.394624106,0.386,0.466,1.63E-19,No,1.63E-19,AT1G78680,"1, 3, 4, 11, 14"
2478,8.68E-24,0.308031726,0.284,0.229,1.78E-19,No,1.78E-19,AT4G25230,"0, 3, 6, 9, 10, 14"
2479,8.72E-24,0.356397117,0.344,0.293,1.79E-19,No,1.79E-19,AT1G11310,"3, 9, 10, 13"
2480,8.93E-24,0.683885696,0.325,0.276,1.83E-19,Yes,1.83E-19,AT5G13180,"0, 6, 9, 10, 12, 18"
2481,9.33E-24,0.619528095,0.283,0.235,1.92E-19,Yes,1.92E-19,AT2G16860,"8, 9, 11, 13, 18"
2482,9.54E-24,0.394383911,0.31,0.26,1.96E-19,No,1.96E-19,AT4G28770,"3, 6, 9, 10, 14, 15, 18"
2483,9.74E-24,0.424213114,0.283,0.226,2.00E-19,No,2.00E-19,AT1G17170,"0, 7, 10, 12, 16"
2484,1.10E-23,-0.368348601,0.353,0.426,2.26E-19,No,2.26E-19,AT4G29010,"0, 1, 2, 3, 10"
2485,1.13E-23,0.508312635,0.428,0.396,2.32E-19,Yes,2.32E-19,AT2G36130,"5, 8, 11, 12, 13, 18"
2486,1.14E-23,0.647222006,0.255,0.207,2.35E-19,Yes,2.35E-19,AT5G52210,"9, 11, 13"
2487,1.32E-23,-0.336249438,0.658,0.7,2.71E-19,No,2.71E-19,ATCG00710,"0, 1, 2, 3, 14"
2488,1.47E-23,0.736610872,0.273,0.228,3.03E-19,Yes,3.03E-19,AT4G27750,"8, 11, 12, 13, 16"
2489,1.54E-23,0.271567761,0.417,0.371,3.16E-19,No,3.16E-19,AT3G52850,"3, 6, 18"
2490,1.69E-23,0.50038149,0.356,0.306,3.47E-19,Yes,3.47E-19,AT1G80040,"0, 6, 9, 10, 12, 16, 17, 18"
2491,1.86E-23,0.512872462,0.368,0.326,3.82E-19,Yes,3.82E-19,AT5G60620,"6, 9, 12, 13, 14, 18"
2492,2.00E-23,-0.404054336,0.223,0.289,4.10E-19,No,4.10E-19,ATCG00750,"3, 6, 14, 15"
2493,2.04E-23,-0.339524049,0.58,0.647,4.19E-19,No,4.19E-19,AT2G16900,"0, 2, 10"
2494,2.13E-23,-0.313599095,0.374,0.445,4.38E-19,No,4.38E-19,AT1G05100,"0, 2, 3, 7, 16"
2495,2.70E-23,0.586221504,0.351,0.309,5.55E-19,Yes,5.55E-19,AT5G09920,"8, 9, 10, 11, 12, 13"
2496,3.33E-23,0.555718488,0.359,0.318,6.83E-19,Yes,6.83E-19,AT5G65260,"7, 9, 11, 12, 13, 15"
2497,4.32E-23,0.341035703,0.467,0.43,8.87E-19,No,8.87E-19,AT2G35680,"8, 9, 11, 12, 15, 18"
2498,4.74E-23,-0.638295776,0.647,0.691,9.74E-19,Yes,9.74E-19,AT2G05380,"0, 3, 6, 14"
2499,5.16E-23,0.494035265,0.487,0.442,1.06E-18,No,1.06E-18,AT1G02930,"0, 9, 10, 13"
2500,5.96E-23,0.331259765,0.301,0.245,1.22E-18,No,1.22E-18,AT3G15518,"2, 7, 9, 10"
2501,6.53E-23,0.335876844,0.576,0.534,1.34E-18,No,1.34E-18,AT4G16720,"4, 5, 9, 11, 13, 18"
2502,7.22E-23,0.656163318,0.301,0.255,1.48E-18,Yes,1.48E-18,AT3G10210,"8, 11, 12, 13, 18"
2503,8.25E-23,0.409389004,0.523,0.489,1.70E-18,No,1.70E-18,AT3G53890,"4, 7, 9, 10, 13, 16"
2504,1.06E-22,0.507107134,0.377,0.328,2.18E-18,Yes,2.18E-18,AT3G07560,"6, 7, 8, 9, 16, 18"
2505,1.07E-22,0.606979535,0.304,0.261,2.19E-18,Yes,2.19E-18,AT4G39100,"8, 9, 11, 12, 13, 18"
2506,1.14E-22,0.583810175,0.353,0.311,2.33E-18,Yes,2.33E-18,AT2G14260,"8, 9, 13"
2507,1.15E-22,0.637182955,0.277,0.228,2.37E-18,Yes,2.37E-18,AT3G25230,"6, 9, 10, 12, 16, 17, 18"
2508,1.16E-22,-0.529109352,0.257,0.319,2.39E-18,Yes,2.39E-18,AT2G35510,"0, 2, 3, 7, 14"
2509,1.22E-22,-0.279857676,0.201,0.264,2.50E-18,No,2.50E-18,AT5G14660,"1, 4, 5, 11"
2510,1.27E-22,0.676764514,0.277,0.231,2.62E-18,Yes,2.62E-18,AT5G19350,"8, 9, 11, 12, 13, 16"
2511,1.29E-22,0.444158046,0.525,0.494,2.66E-18,No,2.66E-18,AT2G19740,"7, 9, 13, 18"
2512,1.33E-22,0.399828301,0.541,0.509,2.73E-18,No,2.73E-18,AT5G55190,"5, 7, 8, 11, 12, 13, 16, 18"
2513,1.41E-22,0.289233327,0.608,0.586,2.90E-18,No,2.90E-18,AT5G14780,"1, 8, 10, 11, 12, 13"
2514,1.58E-22,0.368847031,0.526,0.487,3.25E-18,No,3.25E-18,AT1G04270,"4, 5, 9, 11, 13, 18"
2515,1.64E-22,0.284338747,0.602,0.578,3.37E-18,No,3.37E-18,AT4G29160,"0, 7, 9, 10, 16"
2516,1.91E-22,0.270405094,0.362,0.301,3.93E-18,No,3.93E-18,AT1G08940,"0, 6, 7, 9, 10"
2517,1.97E-22,0.490955714,0.344,0.302,4.04E-18,No,4.04E-18,AT2G01470,"7, 9, 11, 13, 18"
2518,2.00E-22,0.655150992,0.253,0.207,4.11E-18,Yes,4.11E-18,AT4G38130,"9, 11, 12, 13"
2519,2.04E-22,0.626590039,0.298,0.252,4.20E-18,Yes,4.20E-18,AT1G19400,"8, 9, 11, 12, 17, 18"
2520,2.20E-22,-0.397818937,0.296,0.364,4.51E-18,No,4.51E-18,AT1G07660,"0, 2, 3, 7, 9, 10, 14"
2521,2.32E-22,0.412739609,0.428,0.384,4.77E-18,No,4.77E-18,AT5G04760,"7, 11, 12, 16, 17, 18"
2522,2.50E-22,-0.261507511,0.73,0.786,5.14E-18,No,5.14E-18,AT3G52400,"0, 2, 3, 7, 9"
2523,2.51E-22,0.468323826,0.407,0.37,5.16E-18,No,5.16E-18,AT1G11930,"8, 11, 12, 13, 18"
2524,2.62E-22,0.575574071,0.345,0.301,5.38E-18,Yes,5.38E-18,AT3G07760,"8, 9, 11, 12, 13, 18"
2525,2.90E-22,-0.337180914,0.194,0.256,5.95E-18,No,5.95E-18,AT4G15930,"1, 4, 5, 11"
2526,3.03E-22,0.622364636,0.347,0.303,6.23E-18,Yes,6.23E-18,AT3G46560,"5, 8, 9, 10, 11, 12, 13"
2527,3.07E-22,-0.53015579,0.208,0.269,6.31E-18,Yes,6.31E-18,AT5G26030,"7, 17"
2528,3.96E-22,-0.331812685,0.552,0.604,8.14E-18,No,8.14E-18,AT4G34460,"0, 2, 3, 7, 9"
2529,4.04E-22,0.529901932,0.445,0.408,8.29E-18,Yes,8.29E-18,AT2G36170,"4, 5, 7, 9, 11, 13, 18"
2530,4.23E-22,0.605364553,0.304,0.261,8.69E-18,Yes,8.69E-18,AT5G11760,"8, 9, 10, 11, 12, 13"
2531,4.41E-22,0.438914425,0.353,0.306,9.05E-18,No,9.05E-18,AT1G17730,"0, 9, 10, 16"
2532,4.96E-22,0.436161024,0.453,0.416,1.02E-17,No,1.02E-17,AT5G42890,"1, 9, 10, 11, 13, 18"
2533,6.02E-22,0.337064229,0.467,0.426,1.24E-17,No,1.24E-17,AT4G09000,"0, 9, 10, 13"
2534,7.37E-22,-0.26986283,0.267,0.335,1.51E-17,No,1.51E-17,AT3G54900,"1, 4, 5, 8, 11"
2535,7.57E-22,-0.283169976,0.395,0.46,1.56E-17,No,1.56E-17,AT1G78020,"1, 4, 5, 11, 15"
2536,9.28E-22,0.496607509,0.266,0.216,1.91E-17,No,1.91E-17,AT3G11130,"0, 3, 6, 9, 10"
2537,1.01E-21,-0.304290156,0.328,0.4,2.08E-17,No,2.08E-17,AT3G25250,"2, 3, 6, 7, 9, 17"
2538,1.02E-21,0.510301627,0.386,0.347,2.09E-17,Yes,2.09E-17,AT3G01340,"1, 8, 9, 11, 13, 18"
2539,1.02E-21,0.625271315,0.311,0.267,2.10E-17,Yes,2.10E-17,AT3G50000,"7, 9, 11, 13, 18"
2540,1.05E-21,0.618035247,0.321,0.277,2.15E-17,Yes,2.15E-17,AT3G56210,"8, 9, 10, 12, 13, 18"
2541,1.26E-21,0.518761407,0.269,0.222,2.59E-17,Yes,2.59E-17,AT4G29660,"7, 9, 11, 12, 13"
2542,1.32E-21,0.585202606,0.277,0.229,2.71E-17,Yes,2.71E-17,AT5G46210,"8, 9, 10, 12, 13, 18"
2543,1.61E-21,-0.250885324,0.277,0.347,3.30E-17,No,3.30E-17,AT2G45990,"1, 4, 5, 11"
2544,2.16E-21,0.436005686,0.349,0.302,4.43E-17,No,4.43E-17,AT2G44200,"6, 9, 10, 12, 16, 17"
2545,2.82E-21,0.687074963,0.323,0.285,5.80E-17,Yes,5.80E-17,AT1G13820,"8, 11, 12, 13"
2546,2.88E-21,0.712728631,0.269,0.228,5.91E-17,Yes,5.91E-17,AT4G26860,"8, 11, 12, 13, 18"
2547,3.15E-21,0.77513392,0.334,0.293,6.46E-17,Yes,6.46E-17,AT4G04925,"8, 10, 11, 12, 13, 18"
2548,3.18E-21,-0.260716478,0.665,0.704,6.53E-17,No,6.53E-17,AT4G14880,"4, 7, 9, 18"
2549,3.32E-21,0.624549962,0.397,0.37,6.82E-17,Yes,6.82E-17,AT1G06040,"1, 11, 12, 13, 18"
2550,3.44E-21,0.585972136,0.306,0.264,7.07E-17,Yes,7.07E-17,AT3G19860,"8, 11, 12, 13"
2551,3.50E-21,-0.357244003,0.282,0.349,7.19E-17,No,7.19E-17,AT1G63770,"0, 2, 3, 10"
2552,4.64E-21,0.354374851,0.337,0.289,9.54E-17,No,9.54E-17,AT4G22260,"6, 7, 9, 10, 15"
2553,4.65E-21,0.322057742,0.539,0.511,9.55E-17,No,9.55E-17,AT4G01940,"1, 8, 11, 12, 13"
2554,5.28E-21,-0.381010343,0.521,0.568,1.08E-16,No,1.08E-16,AT5G58720,"0, 2, 3, 7"
2555,5.92E-21,-0.423332104,0.448,0.515,1.22E-16,No,1.22E-16,AT4G30440,"3, 6, 14, 16, 17"
2556,7.05E-21,0.260690231,0.345,0.297,1.45E-16,No,1.45E-16,AT5G35460,"3, 6, 9, 13, 14, 15, 18"
2557,7.34E-21,-0.388681229,0.647,0.695,1.51E-16,No,1.51E-16,AT3G01830,"0, 2, 3, 14"
2558,9.33E-21,-0.401114628,0.45,0.523,1.92E-16,No,1.92E-16,AT3G14690,"0, 3, 6, 7, 14"
2559,9.33E-21,-0.505938058,0.286,0.348,1.92E-16,Yes,1.92E-16,AT3G53180,"0, 2, 3, 10, 14"
2560,9.56E-21,0.717564964,0.312,0.27,1.96E-16,Yes,1.96E-16,AT3G13882,"4, 5, 8, 9, 11, 12, 13"
2561,1.11E-20,-0.398827576,0.873,0.897,2.28E-16,No,2.28E-16,AT5G49480,"0, 2, 3, 10"
2562,1.15E-20,-0.332144732,0.569,0.613,2.36E-16,No,2.36E-16,AT1G19310,"0, 2, 5, 7, 12"
2563,1.36E-20,0.698642098,0.266,0.221,2.80E-16,Yes,2.80E-16,AT5G16440,"6, 7, 9, 10, 11, 13"
2564,1.66E-20,-0.294381998,0.287,0.354,3.40E-16,No,3.40E-16,AT2G37920,"1, 4, 8"
2565,1.72E-20,0.572628407,0.293,0.248,3.53E-16,Yes,3.53E-16,AT3G59920,"9, 10, 13, 16, 18"
2566,1.74E-20,0.377875328,0.62,0.592,3.57E-16,No,3.57E-16,AT4G12720,"9, 13, 17"
2567,2.45E-20,-0.31033131,0.464,0.519,5.03E-16,No,5.03E-16,AT2G39000,"1, 4, 5, 13"
2568,2.50E-20,0.594086178,0.306,0.262,5.14E-16,Yes,5.14E-16,AT3G55610,"7, 8, 9, 11, 13, 18"
2569,2.60E-20,0.911041601,0.38,0.346,5.34E-16,Yes,5.34E-16,AT3G23170,"9, 10, 12, 17"
2570,2.72E-20,0.369061355,0.408,0.37,5.58E-16,No,5.58E-16,AT4G13530,"1, 9, 10, 11, 13, 18"
2571,3.06E-20,-0.495617807,0.22,0.279,6.28E-16,No,6.28E-16,AT5G24030,"0, 2, 3, 6, 10, 14"
2572,3.18E-20,0.597756941,0.314,0.271,6.52E-16,Yes,6.52E-16,AT1G49410,"8, 9, 11, 13"
2573,3.53E-20,0.301398788,0.494,0.459,7.26E-16,No,7.26E-16,AT1G63090,"2, 3, 6, 7, 12, 16, 17"
2574,3.57E-20,0.484040846,0.41,0.372,7.34E-16,No,7.34E-16,AT2G36530,"4, 9, 10, 13, 15"
2575,3.66E-20,-0.302636046,0.326,0.394,7.52E-16,No,7.52E-16,AT1G76730,"1, 3, 4, 5"
2576,3.67E-20,0.461229832,0.42,0.374,7.54E-16,No,7.54E-16,AT2G36950,"0, 6, 7, 10, 12, 16, 17"
2577,3.83E-20,-0.303657136,0.623,0.669,7.86E-16,No,7.86E-16,AT4G39260,"1, 4, 7, 17, 18"
2578,3.86E-20,0.87903835,0.319,0.28,7.93E-16,Yes,7.93E-16,AT1G72940,"6, 7, 8, 11, 13, 17"
2579,3.96E-20,0.675902668,0.289,0.246,8.13E-16,Yes,8.13E-16,AT5G67220,"4, 5, 8, 9, 11, 12, 13"
2580,4.49E-20,0.38821031,0.466,0.434,9.22E-16,No,9.22E-16,AT1G23290,"4, 9, 10, 11, 13, 18"
2581,5.52E-20,0.367578046,0.515,0.471,1.13E-15,No,1.13E-15,AT2G39460,"4, 5, 9, 11, 13"
2582,5.66E-20,0.553028792,0.362,0.319,1.16E-15,Yes,1.16E-15,AT4G29410,"4, 5, 9, 11, 13"
2583,6.20E-20,0.419826155,0.282,0.235,1.27E-15,No,1.27E-15,AT5G35690,"0, 9, 10"
2584,6.43E-20,-0.356011703,0.434,0.506,1.32E-15,No,1.32E-15,AT3G62720,"3, 6, 14"
2585,6.78E-20,0.516504666,0.305,0.263,1.39E-15,Yes,1.39E-15,AT5G63460,"0, 9, 10, 11, 12, 13"
2586,7.21E-20,-0.271248873,0.345,0.407,1.48E-15,No,1.48E-15,AT3G47860,"1, 4, 5, 11, 13"
2587,7.44E-20,-0.518753798,0.48,0.539,1.53E-15,Yes,1.53E-15,AT1G73080,"0, 6, 10, 14"
2588,7.80E-20,0.655632872,0.298,0.258,1.60E-15,Yes,1.60E-15,AT2G46550,"4, 8, 9, 11, 12, 13, 18"
2589,7.88E-20,0.433339172,0.317,0.277,1.62E-15,No,1.62E-15,AT5G40810,"8, 9, 11, 13, 18"
2590,9.10E-20,-0.562836009,0.631,0.673,1.87E-15,Yes,1.87E-15,AT3G12740,"0, 3, 6, 14"
2591,9.33E-20,0.485104505,0.307,0.264,1.92E-15,No,1.92E-15,AT4G34070,"8, 9, 11, 12, 13, 16, 18"
2592,9.56E-20,0.318963601,0.308,0.259,1.96E-15,No,1.96E-15,AT3G22380,"0, 3, 6, 10, 12, 14, 16"
2593,1.30E-19,0.625410593,0.254,0.209,2.68E-15,Yes,2.68E-15,AT5G45430,"7, 9, 12, 16, 17"
2594,1.33E-19,-0.279485808,0.384,0.449,2.74E-15,No,2.74E-15,AT5G60680,"0, 2, 7, 8, 12"
2595,1.34E-19,0.372334148,0.436,0.397,2.76E-15,No,2.76E-15,AT1G77180,"0, 6, 8, 9, 12, 15, 16, 18"
2596,1.49E-19,-0.336985277,0.269,0.334,3.05E-15,No,3.05E-15,AT2G44060,"3, 7, 9, 16, 18"
2597,1.62E-19,-0.253607053,0.518,0.578,3.34E-15,No,3.34E-15,AT3G15730,"1, 3, 7, 9, 18"
2598,1.72E-19,0.320255858,0.453,0.419,3.53E-15,No,3.53E-15,AT1G64040,"0, 2, 9, 10, 13, 15"
2599,1.81E-19,0.342127785,0.595,0.563,3.71E-15,No,3.71E-15,AT2G23340,"2, 5, 12, 17, 18"
2600,1.85E-19,-0.355725773,0.197,0.254,3.79E-15,No,3.79E-15,AT1G50600,"2, 7, 16, 17"
2601,1.99E-19,0.610151869,0.25,0.206,4.08E-15,Yes,4.08E-15,AT4G22570,"1, 7, 11, 12"
2602,2.33E-19,0.514769246,0.421,0.389,4.79E-15,Yes,4.79E-15,AT3G22110,"8, 9, 11, 13"
2603,2.91E-19,0.362553244,0.468,0.435,5.98E-15,No,5.98E-15,AT5G52200,"9, 10, 12, 13"
2604,3.09E-19,0.529679601,0.339,0.303,6.35E-15,Yes,6.35E-15,AT2G34160,"9, 10, 11, 12, 13"
2605,4.51E-19,0.454968621,0.323,0.284,9.27E-15,No,9.27E-15,AT1G72170,"8, 11, 12, 13"
2606,4.65E-19,0.576305714,0.265,0.223,9.56E-15,Yes,9.56E-15,AT2G26080,"3, 8, 11, 13"
2607,6.23E-19,0.351741739,0.591,0.549,1.28E-14,No,1.28E-14,AT5G27850,"4, 5, 9, 13, 18"
2608,6.69E-19,0.365660049,0.464,0.436,1.38E-14,No,1.38E-14,AT5G23040,"1, 8, 11, 12, 13"
2609,7.04E-19,0.52545114,0.364,0.328,1.45E-14,Yes,1.45E-14,AT1G17470,"8, 9, 11, 13, 18"
2610,7.21E-19,0.565902409,0.315,0.275,1.48E-14,Yes,1.48E-14,AT4G30760,"4, 7, 8, 9, 11, 13, 18"
2611,7.50E-19,0.300246317,0.595,0.564,1.54E-14,No,1.54E-14,AT4G09800,"4, 5, 7, 8, 9, 11, 13, 18"
2612,9.29E-19,-0.296376747,0.253,0.317,1.91E-14,No,1.91E-14,AT3G10970,"1, 11"
2613,1.26E-18,0.423177419,0.514,0.482,2.59E-14,No,2.59E-14,AT1G76080,"1, 4, 8, 10, 11"
2614,1.28E-18,0.334491851,0.348,0.309,2.62E-14,No,2.62E-14,AT3G28715,"9, 10, 13, 18"
2615,1.30E-18,0.478485684,0.395,0.359,2.67E-14,No,2.67E-14,AT2G04390,"4, 9, 11, 13"
2616,1.44E-18,0.40887669,0.374,0.34,2.95E-14,No,2.95E-14,AT2G46505,"7, 9, 10, 12, 13"
2617,1.45E-18,0.708029347,0.262,0.223,2.98E-14,Yes,2.98E-14,AT1G01910,"6, 8, 9, 11, 13, 18"
2618,1.51E-18,0.478683625,0.328,0.289,3.11E-14,No,3.11E-14,AT3G47833,"7, 8, 9, 10, 11, 12, 13"
2619,1.60E-18,0.364653472,0.388,0.35,3.29E-14,No,3.29E-14,AT5G19120,"7, 8, 11, 14, 15, 16"
2620,1.68E-18,0.265125814,0.723,0.711,3.46E-14,No,3.46E-14,AT2G46330,"0, 3, 6, 9, 10, 14, 18"
2621,1.78E-18,-0.487950125,0.209,0.261,3.65E-14,No,3.65E-14,AT3G13275,"0, 2, 7, 16"
2622,1.79E-18,0.414596665,0.426,0.391,3.68E-14,No,3.68E-14,AT4G34265,"5, 8, 9, 11, 12, 13"
2623,1.89E-18,0.554158262,0.29,0.252,3.89E-14,Yes,3.89E-14,AT2G38025,"8, 9, 11, 12, 13"
2624,1.97E-18,-0.463601536,0.741,0.769,4.05E-14,No,4.05E-14,AT3G48520,"0, 3, 6, 10, 14, 16"
2625,2.09E-18,0.335856362,0.336,0.288,4.29E-14,No,4.29E-14,AT1G63500,"0, 2, 3, 6, 10, 12"
2626,2.10E-18,0.384217687,0.286,0.242,4.32E-14,No,4.32E-14,AT3G04210,"3, 6, 8, 13, 14, 17"
2627,2.14E-18,-0.51464143,0.212,0.266,4.40E-14,Yes,4.40E-14,AT2G20740,"3, 6, 18"
2628,2.39E-18,0.292973693,0.503,0.463,4.92E-14,No,4.92E-14,AT1G56660,"3, 6, 9, 14, 17, 18"
2629,2.43E-18,-0.276045825,0.242,0.303,5.00E-14,No,5.00E-14,AT4G36020,"2, 7, 9, 10, 17"
2630,2.44E-18,0.438222617,0.361,0.326,5.02E-14,No,5.02E-14,AT3G17090,"6, 7, 11, 12, 13, 15"
2631,2.62E-18,0.615118531,0.288,0.249,5.39E-14,Yes,5.39E-14,AT2G34750,"8, 9, 11, 13, 18"
2632,2.74E-18,-0.44349485,0.286,0.346,5.63E-14,No,5.63E-14,AT3G47550,"0, 2, 3, 6, 14"
2633,2.75E-18,0.421846337,0.396,0.365,5.65E-14,No,5.65E-14,AT1G79210,"7, 9, 11, 13"
2634,3.10E-18,0.409458279,0.435,0.405,6.36E-14,No,6.36E-14,AT1G30580,"7, 9, 13, 18"
2635,3.22E-18,0.327528996,0.464,0.422,6.62E-14,No,6.62E-14,AT5G49450,"2, 7, 9, 10, 12, 16, 18"
2636,3.44E-18,-0.394277444,0.325,0.391,7.06E-14,No,7.06E-14,AT2G44500,"2, 3, 6, 14"
2637,3.78E-18,-0.28781456,0.52,0.579,7.77E-14,No,7.77E-14,AT1G07000,"2, 3, 7, 9"
2638,4.27E-18,0.432411935,0.262,0.219,8.78E-14,No,8.78E-14,AT2G03470,"6, 7, 9, 11"
2639,4.76E-18,0.394376181,0.499,0.477,9.78E-14,No,9.78E-14,AT5G47240,"0, 11, 12"
2640,5.31E-18,0.367522788,0.36,0.322,1.09E-13,No,1.09E-13,AT5G35620,"0, 9, 10, 12, 13"
2641,5.34E-18,0.331638762,0.388,0.347,1.10E-13,No,1.10E-13,AT3G12400,"0, 2, 7, 9, 10, 12, 16, 18"
2642,5.54E-18,-0.669932243,0.212,0.264,1.14E-13,Yes,1.14E-13,AT5G64740,0
2643,7.86E-18,0.480868358,0.367,0.33,1.62E-13,No,1.62E-13,AT3G49010,"7, 8, 9, 13, 18"
2644,8.18E-18,0.325413336,0.498,0.475,1.68E-13,No,1.68E-13,AT2G45980,"11, 12, 13, 18"
2645,8.74E-18,-0.579711798,0.265,0.321,1.80E-13,Yes,1.80E-13,AT4G37640,"0, 3, 10, 14"
2646,9.44E-18,0.542670481,0.311,0.271,1.94E-13,Yes,1.94E-13,AT2G03690,"8, 9, 10, 11, 12, 13"
2647,9.61E-18,0.498412621,0.337,0.3,1.97E-13,No,1.97E-13,AT2G44610,"8, 9, 11, 13, 17, 18"
2648,9.80E-18,0.476600332,0.305,0.267,2.01E-13,No,2.01E-13,AT1G06700,"8, 9, 11, 12, 13, 18"
2649,1.04E-17,0.39893456,0.443,0.41,2.15E-13,No,2.15E-13,AT2G36930,"4, 5, 7, 9, 11, 12, 13, 18"
2650,1.09E-17,-0.591312561,0.659,0.695,2.24E-13,Yes,2.24E-13,AT4G20860,"0, 3, 6, 14"
2651,1.14E-17,0.561301392,0.278,0.237,2.34E-13,Yes,2.34E-13,AT3G29350,"7, 8, 9, 11, 13, 18"
2652,1.20E-17,0.535373197,0.269,0.227,2.47E-13,Yes,2.47E-13,AT1G79930,"0, 6, 9, 10, 16"
2653,1.23E-17,-0.265955977,0.621,0.652,2.52E-13,No,2.52E-13,AT1G03130,"1, 4, 5, 8, 11"
2654,1.25E-17,0.33187416,0.539,0.516,2.57E-13,No,2.57E-13,AT1G48450,"1, 5, 8, 11, 12, 13"
2655,1.50E-17,-0.477217018,0.415,0.472,3.08E-13,No,3.08E-13,AT4G25030,"0, 3, 6, 10"
2656,1.50E-17,0.360702732,0.514,0.492,3.09E-13,No,3.09E-13,AT2G46540,"9, 10, 11, 12, 13"
2657,1.53E-17,0.305065805,0.53,0.502,3.14E-13,No,3.14E-13,AT1G16840,"7, 9, 10, 12, 17"
2658,1.69E-17,0.361049206,0.4,0.368,3.47E-13,No,3.47E-13,AT3G03890,"9, 11, 13"
2659,1.71E-17,-0.421668351,0.257,0.316,3.51E-13,No,3.51E-13,AT3G09830,"3, 7, 15, 17"
2660,1.76E-17,0.342102627,0.383,0.345,3.62E-13,No,3.62E-13,AT3G20770,"7, 8, 9, 13"
2661,1.94E-17,0.497344283,0.379,0.345,3.99E-13,No,3.99E-13,AT3G18140,"8, 9, 11, 13"
2662,1.97E-17,0.571969205,0.318,0.281,4.05E-13,Yes,4.05E-13,AT5G04600,"7, 9, 11, 13, 15, 16, 18"
2663,1.99E-17,-0.309613141,0.508,0.563,4.08E-13,No,4.08E-13,AT5G62520,"0, 2, 7, 12, 17"
2664,2.04E-17,0.460991426,0.38,0.35,4.19E-13,No,4.19E-13,AT2G30260,"7, 8, 9, 11, 12, 13, 18"
2665,2.12E-17,0.307295207,0.503,0.477,4.36E-13,No,4.36E-13,AT2G18960,"3, 6, 7, 9, 14, 18"
2666,2.90E-17,-0.368436854,0.435,0.489,5.97E-13,No,5.97E-13,AT5G58670,"0, 2, 3, 7, 10"
2667,3.38E-17,-0.30325573,0.473,0.545,6.94E-13,No,6.94E-13,AT1G66160,"0, 2, 3, 6, 10, 14, 15"
2668,3.59E-17,0.512070486,0.374,0.341,7.37E-13,Yes,7.37E-13,AT3G53430,"8, 9, 11, 13"
2669,4.19E-17,0.271873562,0.643,0.617,8.61E-13,No,8.61E-13,AT1G80920,"1, 8, 11, 12, 13"
2670,6.06E-17,0.408246629,0.364,0.326,1.24E-12,No,1.24E-12,AT5G05060,"5, 11, 12, 13, 18"
2671,6.65E-17,-0.600770846,0.518,0.55,1.37E-12,Yes,1.37E-12,AT3G54420,"0, 3, 6, 14"
2672,9.13E-17,0.280118723,0.525,0.503,1.88E-12,No,1.88E-12,AT4G13430,"7, 9, 16"
2673,9.29E-17,0.480608358,0.257,0.215,1.91E-12,No,1.91E-12,AT5G39590,"6, 9, 10, 18"
2674,1.08E-16,0.364429065,0.363,0.324,2.23E-12,No,2.23E-12,AT3G56150,"0, 6, 8, 9, 10, 15"
2675,1.12E-16,0.612196153,0.289,0.253,2.29E-12,Yes,2.29E-12,AT2G45710,"9, 10, 12, 13"
2676,1.24E-16,-0.312201245,0.217,0.271,2.55E-12,No,2.55E-12,AT1G56510,"2, 3, 6, 17"
2677,1.38E-16,0.49480635,0.308,0.269,2.84E-12,No,2.84E-12,AT4G28880,"8, 9, 11, 13, 18"
2678,1.51E-16,0.398097059,0.339,0.303,3.10E-12,No,3.10E-12,AT5G64160,"0, 9, 10, 11, 12, 13"
2679,1.53E-16,0.328602301,0.531,0.497,3.14E-12,No,3.14E-12,AT2G21580,"4, 5, 9, 10, 13, 18"
2680,1.63E-16,-0.285680959,0.394,0.446,3.36E-12,No,3.36E-12,AT2G34770,"4, 5, 15"
2681,1.65E-16,-0.393847437,0.302,0.358,3.39E-12,No,3.39E-12,AT5G41740,"2, 3, 4, 6, 9, 17"
2682,1.68E-16,0.421448202,0.307,0.261,3.44E-12,No,3.44E-12,AT5G25450,"0, 2, 7, 9, 10, 17"
2683,1.72E-16,0.50485338,0.327,0.286,3.53E-12,Yes,3.53E-12,AT1G14810,"4, 5, 7, 13"
2684,2.26E-16,0.466560773,0.538,0.504,4.63E-12,No,4.63E-12,AT4G31985,"8, 9, 10, 13"
2685,2.30E-16,-0.378380954,0.213,0.265,4.73E-12,No,4.73E-12,AT1G74330,"0, 2, 3, 10"
2686,2.85E-16,-0.262156356,0.227,0.283,5.86E-12,No,5.86E-12,AT3G24120,"2, 5, 7"
2687,3.39E-16,-0.365955646,0.356,0.415,6.97E-12,No,6.97E-12,ATCG00780,"1, 3, 6, 14, 15"
2688,3.56E-16,0.351234379,0.427,0.398,7.31E-12,No,7.31E-12,AT2G39390,"0, 9, 10"
2689,3.61E-16,0.333212859,0.42,0.389,7.42E-12,No,7.42E-12,AT3G07910,"0, 2, 7, 9, 10, 12, 16"
2690,3.65E-16,0.291542095,0.527,0.503,7.49E-12,No,7.49E-12,AT4G02725,"1, 4, 5, 8, 11, 12, 13"
2691,3.98E-16,0.367661014,0.456,0.43,8.17E-12,No,8.17E-12,AT2G05630,"1, 9, 10, 12, 13, 18"
2692,4.20E-16,0.545752881,0.276,0.238,8.63E-12,Yes,8.63E-12,AT1G47200,"9, 10, 13, 18"
2693,5.66E-16,0.286571154,0.538,0.507,1.16E-11,No,1.16E-11,AT5G27770,"4, 5, 7, 9, 11, 13, 18"
2694,5.67E-16,0.350319438,0.336,0.294,1.16E-11,No,1.16E-11,AT4G25390,"0, 3, 6, 9, 10"
2695,8.12E-16,-0.32925724,0.302,0.355,1.67E-11,No,1.67E-11,AT3G08720,"2, 4, 5, 7, 16, 17"
2696,8.30E-16,0.53203548,0.274,0.237,1.70E-11,Yes,1.70E-11,AT5G17550,"8, 11, 12, 13, 15"
2697,8.95E-16,0.409638507,0.416,0.385,1.84E-11,No,1.84E-11,AT4G36130,"5, 9, 10, 11, 15"
2698,1.03E-15,0.50328732,0.264,0.227,2.12E-11,Yes,2.12E-11,AT5G45010,"8, 9, 10, 13, 17"
2699,1.09E-15,0.703363933,0.312,0.285,2.25E-11,Yes,2.25E-11,AT2G34310,"11, 12, 13"
2700,1.18E-15,0.562129153,0.41,0.39,2.42E-11,Yes,2.42E-11,AT2G46100,"1, 11, 12, 13"
2701,1.20E-15,0.328795212,0.516,0.493,2.46E-11,No,2.46E-11,AT3G01390,"1, 9, 11, 12, 13, 18"
2702,1.24E-15,0.335962594,0.377,0.336,2.54E-11,No,2.54E-11,AT1G07940,"0, 9, 10"
2703,1.26E-15,0.549730067,0.375,0.356,2.59E-11,Yes,2.59E-11,AT3G48530,"7, 11, 12, 13, 18"
2704,1.32E-15,-0.312143913,0.234,0.285,2.72E-11,No,2.72E-11,AT1G08880,"4, 5, 7, 10, 18"
2705,1.36E-15,-0.27335934,0.732,0.749,2.80E-11,No,2.80E-11,AT4G31800,"2, 7, 8, 12, 16, 18"
2706,1.65E-15,0.512130889,0.342,0.313,3.39E-11,Yes,3.39E-11,AT2G44525,"5, 8, 11, 12, 13"
2707,1.85E-15,0.578279051,0.332,0.3,3.80E-11,Yes,3.80E-11,AT4G10610,"8, 10, 11, 13, 18"
2708,1.98E-15,-0.358890548,0.65,0.652,4.06E-11,No,4.06E-11,AT2G30040,"2, 7, 16, 17"
2709,2.43E-15,0.541257656,0.273,0.236,4.98E-11,Yes,4.98E-11,AT1G77440,"8, 9, 11, 12, 13, 17"
2710,3.16E-15,0.584317578,0.302,0.268,6.49E-11,Yes,6.49E-11,AT2G01350,"7, 8, 9, 13"
2711,3.24E-15,0.51187355,0.338,0.307,6.65E-11,Yes,6.65E-11,AT4G14385,"11, 12, 13"
2712,3.50E-15,-0.386375032,0.208,0.258,7.18E-11,No,7.18E-11,AT2G22910,"0, 2, 7"
2713,4.18E-15,-0.258330745,0.244,0.3,8.58E-11,No,8.58E-11,AT4G30310,"0, 4, 5"
2714,4.21E-15,-0.271567706,0.306,0.364,8.64E-11,No,8.64E-11,AT5G63130,"2, 9, 17"
2715,4.49E-15,0.408540929,0.27,0.233,9.23E-11,No,9.23E-11,AT3G09085,"6, 9, 10, 13, 14, 15"
2716,4.50E-15,-0.364088283,0.212,0.263,9.24E-11,No,9.24E-11,AT5G67250,"2, 3, 7"
2717,4.58E-15,0.348481016,0.427,0.397,9.41E-11,No,9.41E-11,AT1G25682,"7, 9, 17"
2718,5.10E-15,0.335632688,0.569,0.533,1.05E-10,No,1.05E-10,AT4G18100,"4, 5, 7, 9, 11, 13, 18"
2719,5.53E-15,-0.342801175,0.275,0.333,1.14E-10,No,1.14E-10,AT3G50830,"3, 6, 14, 18"
2720,5.55E-15,0.432297992,0.298,0.262,1.14E-10,No,1.14E-10,AT1G04690,"9, 10, 13, 16, 17, 18"
2721,6.23E-15,0.479431509,0.311,0.275,1.28E-10,No,1.28E-10,AT5G22510,"8, 9, 11, 13"
2722,6.54E-15,0.420245904,0.37,0.335,1.34E-10,No,1.34E-10,AT4G30220,"4, 9, 11, 13"
2723,6.85E-15,-0.380190177,0.551,0.594,1.41E-10,No,1.41E-10,AT5G27420,"3, 4, 9, 14, 17"
2724,6.86E-15,0.533617551,0.376,0.347,1.41E-10,Yes,1.41E-10,AT3G10620,"8, 9, 11, 13"
2725,8.55E-15,0.434719676,0.391,0.362,1.76E-10,No,1.76E-10,AT4G01026,"5, 7, 8, 11, 12, 16"
2726,9.06E-15,0.379049424,0.423,0.393,1.86E-10,No,1.86E-10,AT3G52090,"7, 9, 11, 13"
2727,9.84E-15,-0.283125274,0.526,0.563,2.02E-10,No,2.02E-10,AT5G24610,"2, 5"
2728,9.94E-15,0.280642437,0.642,0.605,2.04E-10,No,2.04E-10,AT1G67920,"0, 2, 7, 9, 10, 12, 16, 17"
2729,1.04E-14,-0.256732,0.326,0.385,2.13E-10,No,2.13E-10,AT1G70410,"7, 16"
2730,1.05E-14,0.371912757,0.424,0.402,2.15E-10,No,2.15E-10,AT3G48030,"11, 12, 13"
2731,1.25E-14,0.306286101,0.453,0.429,2.56E-10,No,2.56E-10,AT1G32790,"9, 13"
2732,1.35E-14,-0.316771249,0.348,0.399,2.78E-10,No,2.78E-10,AT4G05010,"2, 5, 7, 14, 16, 18"
2733,1.56E-14,0.473839439,0.277,0.239,3.20E-10,No,3.20E-10,AT3G08530,"0, 6, 9, 10"
2734,1.60E-14,-0.286728579,0.366,0.423,3.29E-10,No,3.29E-10,AT3G06760,"0, 2, 3, 7, 16"
2735,1.68E-14,0.843761002,0.348,0.328,3.45E-10,Yes,3.45E-10,AT2G43535,"4, 8, 11, 12, 13, 18"
2736,1.90E-14,0.498997012,0.259,0.224,3.91E-10,No,3.91E-10,AT5G58560,"6, 11, 12, 13"
2737,2.16E-14,0.498903853,0.365,0.333,4.44E-10,No,4.44E-10,AT1G71730,"5, 8, 11, 12, 13, 15, 18"
2738,2.27E-14,0.596568955,0.253,0.219,4.67E-10,Yes,4.67E-10,AT2G30060,"7, 9, 10, 13, 16, 18"
2739,2.85E-14,0.271346639,0.354,0.323,5.85E-10,No,5.85E-10,AT5G58710,"6, 9, 16, 18"
2740,2.89E-14,-0.564824724,0.393,0.431,5.94E-10,Yes,5.94E-10,AT2G25735,"0, 2, 3, 9, 10"
2741,3.16E-14,-0.346185661,0.343,0.391,6.50E-10,No,6.50E-10,AT1G01350,"0, 2, 7"
2742,3.46E-14,0.262255663,0.394,0.366,7.10E-10,No,7.10E-10,AT1G07700,"11, 12, 13, 15"
2743,3.53E-14,0.326841282,0.339,0.305,7.25E-10,No,7.25E-10,AT3G55960,"6, 9, 10, 13, 14"
2744,3.76E-14,0.471210971,0.262,0.225,7.73E-10,No,7.73E-10,AT1G79830,"3, 6, 8, 9, 10, 12, 17"
2745,3.86E-14,0.446917182,0.318,0.286,7.94E-10,No,7.94E-10,AT3G02700,"8, 9, 12, 13, 15, 16, 18"
2746,4.09E-14,-0.726958024,0.239,0.279,8.41E-10,Yes,8.41E-10,AT4G28350,"0, 3, 6, 14"
2747,4.76E-14,0.460214594,0.304,0.27,9.79E-10,No,9.79E-10,AT4G31580,"8, 9, 11, 13"
2748,5.02E-14,0.460973004,0.353,0.322,1.03E-09,No,1.03E-09,AT4G21192,"8, 9, 10, 11, 12, 13"
2749,5.77E-14,0.279426889,0.621,0.614,1.19E-09,No,1.19E-09,AT4G16520,"1, 11, 12, 13, 18"
2750,6.88E-14,0.411812593,0.371,0.343,1.41E-09,No,1.41E-09,AT1G77930,"1, 8, 9, 11, 12, 13"
2751,7.72E-14,-0.310627697,0.302,0.357,1.59E-09,No,1.59E-09,AT2G47700,"0, 2"
2752,8.31E-14,0.400880995,0.275,0.242,1.71E-09,No,1.71E-09,AT1G55310,"9, 10, 12, 17"
2753,8.45E-14,0.269370325,0.319,0.285,1.74E-09,No,1.74E-09,AT2G40270,"3, 6, 8, 9, 14, 17"
2754,1.01E-13,0.497579369,0.33,0.3,2.07E-09,No,2.07E-09,AT4G16490,"7, 8, 11, 13, 16, 18"
2755,1.22E-13,0.511029765,0.311,0.279,2.50E-09,Yes,2.50E-09,AT1G25420,"8, 11, 12, 13"
2756,1.27E-13,0.460574096,0.386,0.358,2.61E-09,No,2.61E-09,AT3G42150,"9, 10, 11, 12, 13"
2757,1.46E-13,0.381657154,0.414,0.385,3.00E-09,No,3.00E-09,AT3G14595,"9, 10, 11, 12, 16, 18"
2758,1.54E-13,0.386585117,0.285,0.254,3.17E-09,No,3.17E-09,AT2G39080,"8, 11, 12, 13"
2759,1.66E-13,0.279856224,0.517,0.499,3.40E-09,No,3.40E-09,AT2G04410,"1, 8, 11, 12, 13, 18"
2760,1.98E-13,-0.264908933,0.228,0.278,4.08E-09,No,4.08E-09,AT2G20900,"0, 2, 3, 9, 10"
2761,2.06E-13,0.557534256,0.295,0.263,4.23E-09,Yes,4.23E-09,AT5G65960,"8, 9, 11, 12, 13"
2762,2.14E-13,0.317645548,0.517,0.496,4.40E-09,No,4.40E-09,AT2G21290,"8, 11, 12, 13"
2763,3.12E-13,0.348170456,0.375,0.349,6.40E-09,No,6.40E-09,AT3G55520,"4, 8, 11, 13, 15, 18"
2764,3.29E-13,0.52952277,0.283,0.253,6.76E-09,Yes,6.76E-09,AT5G17770,"6, 7, 9, 10, 14, 16"
2765,3.65E-13,0.553800363,0.282,0.251,7.49E-09,Yes,7.49E-09,AT1G02130,"8, 9, 11, 12, 13, 18"
2766,4.08E-13,0.44629943,0.286,0.254,8.38E-09,No,8.38E-09,AT5G10350,"7, 8, 9, 11, 13"
2767,5.21E-13,0.446872615,0.309,0.278,1.07E-08,No,1.07E-08,AT5G04850,"9, 10, 11, 12, 13"
2768,5.29E-13,0.316834799,0.46,0.435,1.09E-08,No,1.09E-08,AT1G07920,"9, 15, 18"
2769,5.65E-13,-0.302803079,0.765,0.795,1.16E-08,No,1.16E-08,AT2G31880,"3, 6, 9, 14"
2770,6.12E-13,-0.290191067,0.597,0.621,1.26E-08,No,1.26E-08,AT3G60750,"0, 1, 2, 5"
2771,7.87E-13,0.443344338,0.259,0.225,1.62E-08,No,1.62E-08,AT2G47970,"0, 9, 10, 12"
2772,8.28E-13,0.546445187,0.311,0.285,1.70E-08,Yes,1.70E-08,AT1G56700,"7, 8, 11, 12, 13"
2773,8.39E-13,0.272051868,0.456,0.434,1.72E-08,No,1.72E-08,AT3G01910,"8, 11, 13"
2774,8.47E-13,0.558897391,0.355,0.326,1.74E-08,Yes,1.74E-08,AT2G37270,"4, 5, 8, 9, 11, 12, 13"
2775,8.87E-13,0.344125322,0.44,0.418,1.82E-08,No,1.82E-08,AT1G03475,"1, 4, 5, 8, 11, 13"
2776,9.64E-13,0.392740353,0.253,0.219,1.98E-08,No,1.98E-08,AT1G20110,"0, 9, 10, 12"
2777,9.97E-13,-0.300961825,0.438,0.487,2.05E-08,No,2.05E-08,AT2G20990,"1, 3, 4, 14, 15"
2778,1.10E-12,0.321686007,0.46,0.442,2.26E-08,No,2.26E-08,AT1G62040,"1, 9, 11, 13, 18"
2779,1.16E-12,0.43352224,0.256,0.218,2.39E-08,No,2.39E-08,AT5G59510,"2, 12"
2780,1.39E-12,0.287970866,0.478,0.461,2.86E-08,No,2.86E-08,AT3G10770,"7, 11, 12, 13, 18"
2781,2.01E-12,-0.3608988,0.232,0.279,4.13E-08,No,4.13E-08,AT1G15420,"0, 2, 7, 14, 16"
2782,2.06E-12,0.393161678,0.465,0.44,4.22E-08,No,4.22E-08,AT3G22230,"4, 5, 7, 9, 13, 16"
2783,2.06E-12,0.383789549,0.434,0.407,4.24E-08,No,4.24E-08,AT5G17710,"4, 5, 8, 11, 12, 13"
2784,2.36E-12,0.349828059,0.273,0.241,4.84E-08,No,4.84E-08,AT1G21830,"0, 2, 7, 10, 12, 16, 18"
2785,3.73E-12,0.3217766,0.387,0.364,7.67E-08,No,7.67E-08,AT4G10080,"1, 7, 8, 11, 13, 18"
2786,3.98E-12,-0.330982108,0.444,0.498,8.18E-08,No,8.18E-08,AT1G03740,"0, 2, 3, 6, 7, 14"
2787,4.27E-12,0.370811585,0.36,0.331,8.78E-08,No,8.78E-08,AT1G04400,"8, 11, 15, 16"
2788,4.43E-12,0.394690455,0.462,0.438,9.10E-08,No,9.10E-08,AT1G77940,"4, 5, 9, 10, 13"
2789,4.91E-12,0.38830864,0.434,0.407,1.01E-07,No,1.01E-07,AT2G27710,"4, 7, 9, 15, 16, 17, 18"
2790,5.16E-12,0.410797375,0.386,0.364,1.06E-07,No,1.06E-07,AT5G51620,"0, 2, 9, 10, 12"
2791,6.65E-12,0.359034101,0.493,0.478,1.37E-07,No,1.37E-07,AT4G35490,"4, 5, 8, 11, 12, 13"
2792,6.99E-12,-0.349974043,0.21,0.253,1.44E-07,No,1.44E-07,AT2G42330,"0, 2, 17"
2793,7.25E-12,0.343916275,0.385,0.36,1.49E-07,No,1.49E-07,AT5G58200,"8, 12, 13, 17"
2794,7.79E-12,0.637906338,0.27,0.246,1.60E-07,Yes,1.60E-07,AT3G27050,"5, 8, 11, 12, 13"
2795,7.95E-12,0.356378806,0.372,0.343,1.63E-07,No,1.63E-07,AT1G79750,"8, 9, 11, 13, 18"
2796,8.50E-12,-0.291741318,0.34,0.392,1.75E-07,No,1.75E-07,AT4G30920,"0, 2"
2797,1.20E-11,0.25421546,0.494,0.47,2.46E-07,No,2.46E-07,AT1G31170,"1, 8, 11, 12, 13"
2798,1.24E-11,0.385837404,0.266,0.235,2.54E-07,No,2.54E-07,AT5G17610,"8, 11, 12, 13, 15"
2799,1.27E-11,-0.265050081,0.467,0.528,2.62E-07,No,2.62E-07,AT4G33910,"0, 2, 3, 6, 10"
2800,1.36E-11,0.325315566,0.504,0.492,2.79E-07,No,2.79E-07,AT2G40060,"7, 11, 12, 13, 15, 16, 18"
2801,1.45E-11,0.411468045,0.417,0.395,2.98E-07,No,2.98E-07,AT2G33740,"1, 8, 11, 12, 13"
2802,1.82E-11,-0.46522938,0.224,0.265,3.75E-07,No,3.75E-07,AT1G64380,"0, 2, 3, 12"
2803,1.87E-11,-0.29822009,0.313,0.364,3.84E-07,No,3.84E-07,ATCG00160,"3, 6, 14, 15"
2804,1.93E-11,0.542634321,0.294,0.265,3.97E-07,Yes,3.97E-07,AT1G33050,"6, 8, 9, 12, 18"
2805,1.94E-11,0.321718639,0.451,0.435,3.99E-07,No,3.99E-07,AT3G27925,"1, 8, 11, 12, 13"
2806,1.95E-11,0.270340889,0.284,0.253,4.01E-07,No,4.01E-07,AT4G08230,"3, 6, 9, 10, 14, 16"
2807,2.37E-11,0.364552445,0.463,0.445,4.87E-07,No,4.87E-07,AT5G28750,"1, 11, 13"
2808,2.88E-11,0.413550904,0.282,0.253,5.91E-07,No,5.91E-07,AT1G72710,"7, 8, 9, 11, 13, 17, 18"
2809,3.08E-11,0.38206561,0.345,0.316,6.33E-07,No,6.33E-07,AT5G54640,"0, 2, 7, 9, 10, 12, 17"
2810,3.43E-11,0.417864384,0.36,0.337,7.05E-07,No,7.05E-07,AT4G17870,"8, 11, 12, 13, 18"
2811,4.69E-11,-0.455191993,0.586,0.615,9.64E-07,No,9.64E-07,AT1G44350,"3, 6, 7, 14, 15, 16"
2812,5.21E-11,0.268581559,0.533,0.507,1.07E-06,No,1.07E-06,AT5G56710,"4, 5, 9, 11, 13, 17, 18"
2813,5.90E-11,0.39440605,0.348,0.324,1.21E-06,No,1.21E-06,AT3G45770,"1, 8, 11, 13, 15"
2814,5.95E-11,-0.500696726,0.286,0.327,1.22E-06,Yes,1.22E-06,AT5G46080,"3, 6, 14"
2815,6.19E-11,0.492447576,0.25,0.223,1.27E-06,No,1.27E-06,AT2G18250,"9, 11, 12, 13, 18"
2816,6.45E-11,-0.357182502,0.282,0.33,1.32E-06,No,1.32E-06,AT4G39080,"0, 3, 6, 10"
2817,7.55E-11,0.327732066,0.297,0.266,1.55E-06,No,1.55E-06,AT5G42390,"0, 3, 6, 8, 9, 10"
2818,8.67E-11,0.485632291,0.266,0.238,1.78E-06,No,1.78E-06,AT5G58030,"6, 9, 11, 13"
2819,1.05E-10,-0.287265178,0.311,0.359,2.16E-06,No,2.16E-06,AT1G08315,"0, 2, 3, 7, 10"
2820,1.09E-10,0.660040547,0.255,0.23,2.23E-06,Yes,2.23E-06,AT5G15802,"10, 11, 12, 13"
2821,1.14E-10,-0.266739838,0.213,0.255,2.34E-06,No,2.34E-06,AT3G46030,"4, 10, 17, 18"
2822,1.18E-10,0.291538665,0.343,0.316,2.42E-06,No,2.42E-06,AT4G31510,"2, 7, 12"
2823,1.19E-10,0.415263971,0.417,0.394,2.45E-06,No,2.45E-06,AT5G48335,"5, 8, 11, 12, 13"
2824,1.24E-10,0.313217681,0.447,0.429,2.54E-06,No,2.54E-06,AT1G15230,"2, 8, 9, 11, 12, 13, 18"
2825,1.36E-10,0.388527419,0.417,0.396,2.80E-06,No,2.80E-06,AT3G57785,"1, 8, 10, 11, 12, 13"
2826,1.36E-10,0.42450429,0.305,0.278,2.80E-06,No,2.80E-06,AT1G12580,"7, 8, 9, 13, 17"
2827,1.47E-10,0.260643952,0.374,0.351,3.02E-06,No,3.02E-06,AT1G48420,"7, 8, 11, 13"
2828,1.54E-10,0.540648117,0.267,0.24,3.16E-06,Yes,3.16E-06,AT1G31910,"6, 9, 10, 12, 15, 17, 18"
2829,1.54E-10,0.588986485,0.295,0.271,3.17E-06,Yes,3.17E-06,AT3G17300,"8, 11, 12, 13"
2830,1.76E-10,0.345443937,0.261,0.232,3.61E-06,No,3.61E-06,AT1G79660,"7, 9, 10, 16, 18"
2831,1.98E-10,0.252220601,0.543,0.522,4.07E-06,No,4.07E-06,AT3G06700,"5, 9, 10, 13"
2832,2.01E-10,-0.32622259,0.215,0.258,4.13E-06,No,4.13E-06,AT3G15710,"3, 4"
2833,2.05E-10,-0.468160972,0.231,0.274,4.21E-06,No,4.21E-06,AT3G61050,"3, 14, 18"
2834,2.52E-10,0.434216288,0.279,0.254,5.17E-06,No,5.17E-06,GAMMA CAL1,"7, 9, 11, 13"
2835,2.71E-10,0.285048534,0.264,0.235,5.56E-06,No,5.56E-06,AT1G10890,"0, 3, 6, 9, 10, 12"
2836,2.79E-10,0.343482802,0.386,0.363,5.73E-06,No,5.73E-06,AT5G11840,"1, 8, 11, 12, 13"
2837,2.80E-10,0.264417512,0.337,0.307,5.75E-06,No,5.75E-06,AT1G28200,"0, 2, 3, 9, 10, 12, 17"
2838,3.09E-10,0.401800309,0.37,0.345,6.34E-06,No,6.34E-06,AT1G80600,"1, 4, 8, 11, 13"
2839,4.51E-10,0.259764375,0.308,0.281,9.26E-06,No,9.26E-06,AT2G47320,"3, 6, 9, 13, 14, 18"
2840,4.66E-10,0.259660727,0.448,0.428,9.57E-06,No,9.57E-06,AT5G13850,"4, 7, 9, 11, 13, 16, 18"
2841,4.97E-10,0.264129776,0.367,0.346,1.02E-05,No,1.02E-05,AT5G46860,"9, 10, 13, 15, 18"
2842,5.05E-10,-0.25204208,0.631,0.662,1.04E-05,No,1.04E-05,AT5G18400,"0, 2, 7, 9, 10, 17"
2843,5.23E-10,0.413603907,0.423,0.402,1.07E-05,No,1.07E-05,AT2G36460,"1, 4, 13, 17, 18"
2844,5.89E-10,-0.363320477,0.28,0.327,1.21E-05,No,1.21E-05,AT3G60340,"3, 6, 14, 15, 18"
2845,6.89E-10,-0.300996768,0.486,0.529,1.41E-05,No,1.41E-05,AT2G15480,"0, 2, 3, 6, 7, 10"
2846,6.92E-10,0.335989798,0.421,0.403,1.42E-05,No,1.42E-05,AT3G62840,"9, 13, 16, 18"
2847,8.68E-10,0.365125079,0.308,0.282,1.78E-05,No,1.78E-05,AT3G63260,"7, 9, 12, 15, 16, 18"
2848,1.01E-09,0.482079448,0.266,0.243,2.07E-05,No,2.07E-05,AT3G01850,"5, 9, 11, 12, 13"
2849,1.08E-09,0.258726731,0.44,0.42,2.22E-05,No,2.22E-05,AT1G51510,"7, 9, 10, 12, 16, 17, 18"
2850,1.11E-09,0.405636232,0.259,0.234,2.27E-05,No,2.27E-05,AT4G05530,"7, 8, 9, 11, 13, 18"
2851,1.20E-09,0.326379224,0.493,0.481,2.46E-05,No,2.46E-05,AT3G51880,"1, 7, 11, 16, 18"
2852,1.20E-09,-0.35824595,0.224,0.264,2.46E-05,No,2.46E-05,AT4G24805,"0, 3, 6"
2853,1.21E-09,0.328613538,0.378,0.361,2.50E-05,No,2.50E-05,AT4G18710,"7, 9, 10, 12, 16"
2854,1.23E-09,0.476918855,0.344,0.328,2.53E-05,No,2.53E-05,AT1G22850,"1, 11, 12, 13"
2855,1.35E-09,0.421391921,0.357,0.337,2.77E-05,No,2.77E-05,AT1G63980,"7, 8, 9, 11, 13, 18"
2856,1.46E-09,0.329333759,0.479,0.451,2.99E-05,No,2.99E-05,AT3G25520,"4, 5, 9, 11"
2857,2.01E-09,0.397689369,0.387,0.372,4.13E-05,No,4.13E-05,AT3G17860,"8, 11, 12, 16, 18"
2858,2.13E-09,0.319334977,0.416,0.391,4.38E-05,No,4.38E-05,AT3G04840,"4, 5, 9, 13"
2859,2.32E-09,0.446473674,0.414,0.407,4.77E-05,No,4.77E-05,AT2G35830,"1, 8, 11, 12, 13"
2860,2.71E-09,0.404890526,0.272,0.247,5.56E-05,No,5.56E-05,AT5G08080,"7, 9, 11, 12"
2861,2.75E-09,0.354241162,0.29,0.268,5.65E-05,No,5.65E-05,AT5G06340,"8, 11, 12, 13"
2862,2.94E-09,0.447588254,0.274,0.252,6.04E-05,No,6.04E-05,AT1G30910,"1, 8, 11, 13"
2863,2.97E-09,-0.269192629,0.248,0.287,6.10E-05,No,6.10E-05,AT1G23550,"0, 2, 3, 6, 10, 14, 17"
2864,3.15E-09,0.313741942,0.459,0.446,6.46E-05,No,6.46E-05,AT1G58290,"1, 4, 5, 8, 11"
2865,3.25E-09,0.519473488,0.409,0.404,6.67E-05,Yes,6.67E-05,AT5G50460,"9, 10, 17, 18"
2866,3.39E-09,0.285503865,0.509,0.491,6.97E-05,No,6.97E-05,AT3G14600,"4, 5, 7, 9, 11, 13, 18"
2867,4.40E-09,0.324855687,0.336,0.314,9.04E-05,No,9.04E-05,AT1G75330,"4, 5, 8, 11, 12, 13"
2868,4.63E-09,0.50860658,0.442,0.431,9.51E-05,Yes,9.51E-05,AT4G33905,"0, 2, 10, 12"
2869,4.92E-09,-0.256153667,0.231,0.271,0.000101097,No,0.000101097,AT2G35900,"0, 2, 7, 10, 17, 18"
2870,4.99E-09,-0.33479069,0.223,0.263,0.000102412,No,0.000102412,AT1G59820,"0, 2, 3"
2871,6.42E-09,-0.351253148,0.341,0.385,0.00013196,No,0.00013196,AT4G15800,"0, 3, 6, 10, 14"
2872,6.51E-09,0.389336689,0.416,0.398,0.00013367,No,0.00013367,AT2G01090,"8, 9, 10, 11, 12, 13"
2873,7.52E-09,0.430648886,0.273,0.25,0.000154562,No,0.000154562,AT4G01100,"7, 9, 11, 13, 16, 18"
2874,7.62E-09,-0.325700933,0.278,0.321,0.000156576,No,0.000156576,ATCG00360,"3, 6, 14, 15"
2875,8.71E-09,0.529796239,0.378,0.374,0.000178838,Yes,0.000178838,AT5G18140,"1, 4, 5, 11, 12, 13"
2876,1.00E-08,0.614286027,0.259,0.235,0.000206391,Yes,0.000206391,AT1G48920,"4, 6, 7, 8, 9, 13, 17, 18"
2877,1.01E-08,0.382423638,0.303,0.279,0.000207928,No,0.000207928,AT3G54480,"0, 6, 7"
2878,1.16E-08,0.403231805,0.281,0.258,0.000238423,No,0.000238423,AT5G24650,"4, 8, 11, 13"
2879,1.21E-08,0.476334021,0.35,0.327,0.000248083,No,0.000248083,AT4G13850,"4, 7, 8, 9, 16, 17, 18"
2880,1.33E-08,0.465446934,0.33,0.31,0.000272346,No,0.000272346,AT5G15090,"8, 9, 11, 13"
2881,1.53E-08,0.385177057,0.301,0.281,0.000313544,No,0.000313544,AT5G61230,"9, 10, 11, 12, 15, 18"
2882,1.67E-08,-0.294494461,0.688,0.712,0.000342297,No,0.000342297,AT5G54170,"2, 3, 6, 7, 12, 14, 16"
2883,1.81E-08,0.366283999,0.521,0.513,0.000371115,No,0.000371115,AT2G30870,"7, 9, 10, 13"
2884,1.81E-08,0.321851756,0.336,0.318,0.000372332,No,0.000372332,AT1G49300,"9, 11, 12, 13"
2885,1.91E-08,0.328354682,0.585,0.591,0.00039306,No,0.00039306,AT3G47960,"3, 6, 7, 10, 12, 16"
2886,1.98E-08,0.32983062,0.379,0.362,0.000407075,No,0.000407075,AT4G33940,"2, 9, 10, 12, 13, 17, 18"
2887,2.17E-08,-0.365755451,0.235,0.276,0.000445115,No,0.000445115,AT1G12110,"0, 3, 6"
2888,2.38E-08,-0.430572355,0.225,0.262,0.000489421,No,0.000489421,AT2G02180,"0, 2, 3, 6"
2889,2.51E-08,0.539338339,0.375,0.355,0.000516571,Yes,0.000516571,AT3G10020,"4, 11, 12, 17"
2890,2.54E-08,0.2546665,0.503,0.49,0.000521636,No,0.000521636,AT3G53870,"4, 5, 7, 9, 11, 13"
2891,2.63E-08,0.343514762,0.451,0.432,0.000541037,No,0.000541037,AT5G63670,"1, 5, 8, 11, 12, 13"
2892,2.84E-08,-0.43937554,0.295,0.334,0.000584367,No,0.000584367,AT3G10800,"0, 3, 6, 17"
2893,3.51E-08,-0.375119814,0.227,0.26,0.000721808,No,0.000721808,AT3G61060,"0, 2, 7, 16, 17, 18"
2894,3.78E-08,0.278655796,0.418,0.404,0.000777127,No,0.000777127,AT3G02780,"11, 12, 13"
2895,4.18E-08,0.397812027,0.289,0.268,0.000858017,No,0.000858017,AT4G32930,"8, 9, 11, 13"
2896,6.62E-08,0.344083031,0.401,0.385,0.001360911,No,0.001360911,AT5G19220,"1, 4, 5, 8, 11, 13"
2897,7.65E-08,0.352828659,0.431,0.419,0.001571422,No,0.001571422,AT5G09225,"8, 9, 10, 12, 13, 18"
2898,1.06E-07,0.485730674,0.258,0.237,0.002178817,No,0.002178817,AT3G60260,"2, 6, 9, 10, 17"
2899,1.22E-07,0.327482149,0.364,0.349,0.002508976,No,0.002508976,AT4G38630,"7, 8, 9, 13, 15, 17, 18"
2900,1.34E-07,0.278820174,0.348,0.328,0.002749953,No,0.002749953,AT4G34450,"0, 6, 9, 10, 18"
2901,1.41E-07,0.280651404,0.266,0.243,0.002888173,No,0.002888173,AT1G07360,"0, 2, 9, 10, 12, 17, 18"
2902,1.57E-07,0.266149342,0.503,0.484,0.003223536,No,0.003223536,AT5G02610,"5, 9, 10, 13"
2903,1.64E-07,0.297550414,0.498,0.49,0.003363697,No,0.003363697,AT3G52230,"1, 11, 12, 13"
2904,1.84E-07,0.254253293,0.358,0.338,0.003787069,No,0.003787069,AT1G44790,"4, 8, 11, 12, 13"
2905,1.98E-07,0.273118683,0.44,0.422,0.004057316,No,0.004057316,AT1G41880,"4, 5, 7, 9, 13"
2906,2.27E-07,0.353689914,0.282,0.261,0.004671782,No,0.004671782,AT2G23780,"7, 9, 17, 18"
2907,2.76E-07,0.418781642,0.26,0.243,0.005662414,No,0.005662414,AT4G10060,"6, 11, 12"
2908,3.14E-07,0.355315185,0.291,0.272,0.006453323,No,0.006453323,AT1G77500,"0, 3, 6, 9, 10"
2909,3.32E-07,0.423378869,0.279,0.26,0.006822871,No,0.006822871,AT1G52590,"1, 5, 8, 11, 12, 13"
2910,3.82E-07,0.379869893,0.345,0.331,0.007838828,No,0.007838828,AT1G33970,"8, 11, 13"
2911,4.33E-07,0.352860642,0.378,0.364,0.008895605,No,0.008895605,AT2G20360,"7, 9, 11"
2912,4.62E-07,-0.281570622,0.337,0.373,0.009500744,No,0.009500744,AT5G64300,"0, 2, 3, 6, 10, 14, 15, 16"
2913,5.68E-07,0.349580166,0.445,0.435,0.011670571,No,0.011670571,AT3G47836,"8, 9, 10, 11, 12, 13"
2914,9.16E-07,0.280050002,0.369,0.355,0.018814346,No,0.018814346,AT1G34370,"0, 7, 10, 12, 16, 18"
2915,1.11E-06,0.335233963,0.365,0.351,0.022852361,No,0.022852361,AT1G76810,"6, 7, 8, 9, 15, 16, 17, 18"
2916,1.25E-06,0.395165449,0.292,0.275,0.025611726,No,0.025611726,AT3G01120,"7, 8, 9, 10"
2917,1.35E-06,0.255501074,0.362,0.345,0.027663526,No,0.027663526,AT4G20850,"0, 6, 8, 9, 10"
2918,1.66E-06,-0.252250863,0.357,0.398,0.034037936,No,0.034037936,ATCG00190,"1, 3, 6, 14, 15"
2919,1.86E-06,0.301974616,0.404,0.39,0.03830569,No,0.03830569,AT1G27385,"1, 8, 11, 12, 13"
2920,1.99E-06,0.415048083,0.305,0.29,0.040944394,No,0.040944394,AT2G33340,"7, 8, 9, 18"
2921,2.12E-06,0.29001743,0.308,0.291,0.043628066,No,0.043628066,AT2G16940,"7, 8, 12, 15, 17, 18"
2922,2.17E-06,0.389830269,0.318,0.305,0.044527206,No,0.044527206,AT2G20725,"1, 5, 8, 11, 12, 13"
2923,2.20E-06,0.37552661,0.253,0.234,0.045153502,No,0.045153502,AT1G65440,"6, 8, 9, 16, 18"
2924,2.31E-06,0.276306649,0.357,0.344,0.047440705,No,0.047440705,AT3G11400,"7, 9, 11, 13, 18"
2925,2.40E-06,0.265519918,0.256,0.237,0.049327219,No,0.049327219,AT5G16120,"6, 7, 10, 12, 15, 16, 18"
2926,2.55E-06,0.383395691,0.317,0.302,0.05234849,No,0.05234849,AT4G32915,"4, 5, 9, 11, 12, 13"
2927,2.93E-06,-0.501391001,0.277,0.307,0.060154534,No,0.060154534,AT1G23130,"3, 15"
2928,3.34E-06,0.392580397,0.254,0.237,0.068614151,No,0.068614151,AT3G57610,"4, 5, 8, 11, 13"
2929,4.34E-06,-0.271719187,0.855,0.871,0.089167666,No,0.089167666,AT3G55430,"0, 3, 6, 7, 14, 15, 16"
2930,5.10E-06,0.334615706,0.365,0.358,0.104700946,No,0.104700946,AT5G14680,"8, 11, 12, 13, 18"
2931,5.23E-06,0.314865869,0.325,0.308,0.107342097,No,0.107342097,AT4G19860,"1, 8, 9, 10, 11, 13, 18"
2932,6.18E-06,0.339869854,0.371,0.36,0.126881205,No,0.126881205,AT4G09150,"0, 6, 9, 16, 17"
2933,6.33E-06,0.270910502,0.506,0.491,0.129967126,No,0.129967126,AT1G54630,"4, 5, 9, 10, 13, 16"
2934,6.46E-06,0.496950396,0.39,0.395,0.132772482,No,0.132772482,AT2G47450,"1, 4, 8, 11, 13"
2935,7.11E-06,0.480732175,0.266,0.251,0.145964301,No,0.145964301,AT1G14685,"4, 9, 10, 11, 13"
2936,7.13E-06,0.507505922,0.262,0.246,0.146517419,No,0.146517419,AT1G18540,"4, 7, 8, 9, 17, 18"
2937,8.16E-06,0.521436842,0.271,0.257,0.167584005,No,0.167584005,AT1G25260,"4, 5, 7, 8, 11, 12, 13"
2938,1.03E-05,0.270249416,0.378,0.371,0.210736085,No,0.210736085,AT3G43810,"9, 10, 13"
2939,1.61E-05,0.253337781,0.444,0.439,0.331202555,No,0.331202555,AT5G09650,"4, 5, 7, 11, 13, 16"
2940,1.65E-05,0.830294767,0.291,0.284,0.338689886,No,0.338689886,AT2G43550,"4, 7, 8, 11, 12"
2941,1.70E-05,-0.509237357,0.419,0.444,0.349787336,No,0.349787336,LRR XI-23,"3, 6, 14, 16"
2942,2.19E-05,-0.346965328,0.245,0.272,0.449613968,No,0.449613968,AT2G35930,"0, 3, 6, 10, 14"
2943,2.87E-05,0.317841996,0.299,0.285,0.589775863,No,0.589775863,AT4G10920,"1, 8, 9, 11, 13, 18"
2944,2.97E-05,0.308717596,0.384,0.375,0.610101032,No,0.610101032,AT3G55750,"4, 5, 7, 9, 11, 13"
2945,3.12E-05,0.250365589,0.364,0.352,0.640342109,No,0.640342109,AT3G48560,"3, 6, 8, 11, 13, 18"
2946,4.04E-05,0.30642929,0.34,0.329,0.830101661,No,0.830101661,AT3G09630,"4, 7, 8, 9, 15, 18"
2947,7.18E-05,0.253863429,0.344,0.332,1,No,1,AT4G10480,"4, 5, 11, 13, 15"
2948,7.33E-05,0.278199054,0.261,0.248,1,No,1,AT1G50670,"7, 9, 18"
2949,8.71E-05,0.294826691,0.441,0.441,1,No,1,AT1G08200,"4, 8, 11, 12, 18"
2950,9.69E-05,0.284107459,0.278,0.266,1,No,1,GAMMA CA1,"4, 7, 11, 12"
2951,0.000103616,0.290247845,0.424,0.416,1,No,1,AT5G61170,"4, 5, 9, 13"
2952,0.000128694,0.298928643,0.331,0.322,1,No,1,AT1G07040,"1, 8, 11, 12, 13"
2953,0.000173469,0.286259325,0.353,0.348,1,No,1,AT1G15340,"7, 8, 9, 11, 16, 17, 18"
2954,0.000182586,0.363461254,0.26,0.248,1,No,1,AT3G21200,"4, 11, 13"
2955,0.000190742,0.262856573,0.338,0.328,1,No,1,AT1G22140,"1, 8, 9, 10, 11, 12, 13"
2956,0.000205817,0.340016136,0.333,0.324,1,No,1,AT2G31610,"4, 5, 7, 9, 11, 13"
2957,0.000214742,0.280688208,0.36,0.356,1,No,1,AT1G09590,"4, 5, 7, 9, 13, 17"
2958,0.000240212,0.281028404,0.432,0.435,1,No,1,AT5G59030,"8, 11, 12, 18"
2959,0.000259115,-0.308289103,0.323,0.349,1,No,1,AT1G76700,"0, 2, 3, 7, 9, 10, 16"
2960,0.000337769,0.436196202,0.311,0.307,1,No,1,AT5G60860,"0, 8, 10, 11, 12"
2961,0.000400356,0.345236921,0.256,0.245,1,No,1,AT5G05610,"7, 8, 9, 11, 13, 15, 18"
2962,0.000602535,0.264778067,0.34,0.336,1,No,1,AT4G27990,"1, 8, 11, 12, 13"
2963,0.0006365,0.403347559,0.27,0.262,1,No,1,AT5G04590,"7, 8, 10, 11, 13, 16, 18"
2964,0.000711874,0.331174796,0.28,0.268,1,No,1,AT2G28430,"9, 10, 13"
2965,0.000726807,-0.290235962,0.348,0.313,1,No,1,AT1G21550,"0, 2, 3, 6, 14, 17"
2966,0.000800662,0.352661175,0.359,0.354,1,No,1,AT5G16130,"4, 5, 9, 11"
2967,0.000921765,0.265238024,0.468,0.473,1,No,1,AT3G18820,"1, 7, 9, 10, 13, 18"
2968,0.001000001,0.308077268,0.272,0.265,1,No,1,AT5G42960,"8, 11, 12, 13, 14"
2969,0.001095378,-0.31358419,0.583,0.607,1,No,1,AT2G38290,"0, 3, 6, 7, 14"
2970,0.001868127,0.260336307,0.278,0.269,1,No,1,AT2G22780,"7, 9, 13"
2971,0.001957174,0.340133956,0.262,0.254,1,No,1,AT3G13040,"7, 8, 11"
2972,0.002147239,0.374217665,0.255,0.247,1,No,1,AT1G80780,"0, 6, 8, 10, 12"
2973,0.002158443,0.340083706,0.263,0.255,1,No,1,AT1G71130,"2, 7, 9, 10, 12, 16, 18"
2974,0.002273626,-0.301216663,0.326,0.35,1,No,1,AT1G70140,"0, 6, 14, 16"
2975,0.002784297,0.309302468,0.352,0.348,1,No,1,AT5G63160,"0, 6, 7, 9, 10, 16"
2976,0.002837773,0.324015643,0.303,0.298,1,No,1,AT5G35530,"4, 5, 7, 9, 11, 13, 18"
2977,0.002977925,0.298014157,0.301,0.294,1,No,1,AT4G34920,"7, 8, 10, 11"
2978,0.003335622,0.297013649,0.265,0.256,1,No,1,AT4G04020,"8, 10, 11, 12, 13, 17"
2979,0.004465433,-0.331180035,0.442,0.461,1,No,1,AT1G24145,"2, 3, 7, 9, 13, 14"
2980,0.005012025,-0.616345216,0.26,0.267,1,No,1,AT4G21390,"0, 3, 6, 10, 14"
2981,0.005099099,-0.261844562,0.296,0.315,1,No,1,AT4G21440,"0, 2, 3, 10, 12, 14"
2982,0.005649626,0.322395847,0.281,0.278,1,No,1,AT1G21190,"7, 8, 9, 11, 13, 18"
2983,0.006385021,0.253687497,0.361,0.361,1,No,1,AT1G27695,"1, 4, 8, 11, 13"
2984,0.007650224,-0.286121259,0.356,0.374,1,No,1,AT4G34100,"0, 2, 3, 6, 10"
2985,0.007712849,-0.494521303,0.265,0.279,1,No,1,AT1G67865,"3, 15"
2986,0.010222972,0.268519896,0.395,0.394,1,No,1,AT4G05070,"2, 5, 7, 9, 12, 16, 17"
2987,0.013660968,0.260098945,0.402,0.396,1,No,1,AT2G36620,"4, 5, 9, 11, 13"
2988,0.015194373,0.329780821,0.328,0.329,1,No,1,AT5G27860,"0, 6, 9, 12, 17"
2989,0.016430743,-0.256960374,0.331,0.345,1,No,1,AT1G76970,"0, 2, 3, 7"
2990,0.018891837,0.254782764,0.311,0.311,1,No,1,AT5G61670,"4, 5, 11, 12, 13"
2991,0.021216235,0.303029668,0.256,0.252,1,No,1,AT1G10600,"8, 11, 12, 13"
2992,0.038835408,0.367019238,0.291,0.291,1,No,1,AT1G80180,"1, 8, 11, 13, 18"
2993,0.050712845,0.284897986,0.261,0.259,1,No,1,AT3G04890,"8, 11, 12, 13"
2994,0.058380655,-0.305726411,0.616,0.63,1,No,1,AT5G42570,"6, 7, 14, 16, 18"
2995,0.075268644,0.319211171,0.281,0.282,1,No,1,AT3G25470,"4, 5, 8, 11"
2996,0.084829386,0.284278442,0.302,0.305,1,No,1,AT3G48170,"7, 8, 18"
2997,0.097778615,-0.255356331,0.653,0.669,1,No,1,AT4G34180,"0, 6, 10, 14, 18"
2998,0.107819066,-0.260232129,0.307,0.298,1,No,1,AT1G13210,"0, 3, 6, 10, 14"
2999,0.13549956,0.266008338,0.45,0.497,1,No,1,AT2G37470,"0, 2, 9, 10, 12, 17"
3000,0.154605792,0.382839997,0.28,0.289,1,No,1,AT1G50020,"1, 8, 11, 12, 13"
3001,0.176827715,-0.322500567,0.285,0.291,1,No,1,AT3G07195,"0, 2, 3, 9, 17"
3002,0.201620864,-0.401310518,0.911,0.9,1,No,1,AT4G20830,"0, 3, 6, 14"
3003,0.249044108,0.362149389,0.269,0.273,1,No,1,AT3G55170,"4, 5, 7, 8, 11"
3004,0.308629973,-0.307079856,0.616,0.603,1,No,1,AT1G64950,"0, 3, 6, 14"
3005,0.323270045,0.272593512,0.299,0.31,1,No,1,AT2G24270,"7, 8, 11, 16"
3006,0.404778694,0.292680978,0.304,0.311,1,No,1,AT3G46600,"4, 8, 11, 13, 17"
3007,0.419619876,-0.250185675,0.466,0.457,1,No,1,AT5G25930,"0, 3, 6, 10, 14"
3008,0.437464612,0.40675482,0.242,0.253,1,No,1,AT1G73470,"11, 12"
3009,0.448264227,0.299085319,0.265,0.272,1,No,1,AT1G27435,"5, 8, 11, 13"
3010,0.58135471,-0.326854175,0.376,0.359,1,No,1,AT4G22470,"0, 3, 6, 10, 14"
3011,0.581376589,0.261629586,0.267,0.282,1,No,1,AT3G28900,"4, 5, 11"
3012,0.660182506,0.252488111,0.268,0.278,1,No,1,AT2G14045,"4, 8, 11, 13"
3013,0.731564427,-0.31692171,0.421,0.418,1,No,1,AT5G04930,"0, 3, 6, 10, 14"
3014,0.761240746,0.284908248,0.323,0.346,1,No,1,AT3G25690,"1, 8, 11, 12, 13"
3015,0.940441167,-0.332416817,0.273,0.274,1,No,1,AT4G23010,"0, 3, 6, 14"
3016,0.995460323,0.275913841,0.33,0.346,1,No,1,AT4G13250,"1, 6, 10, 16, 18"
